periodo,ecommerce,marca,producto,precio.antes,precio.actual,pulgadas,rango,descuento
2017,ripley,lg,"LG SMART TV SUPER UHD 86"" 3D 86UH9550",29999,21499,86,"> S/.4,500",-0.283342778
2017,falabella,lg,"led 86"" uhd 3d smart...",29999,19299,86,"> S/.4,500",-0.356678556
2017,linio,NA,xen„≥n ‚<U+0080><U+0093> tv led digital 7‚<U+0080>ù ptv-750d,249,219,80,< S/.500,-0.120481928
2017,linio,xenon,xenon ‚<U+0080><U+0093> tv led digital 9‚<U+0080>ù ptv-950d,299,239,80,< S/.500,-0.200668896
2017,falabella,samsung,"led 78"" 78ku6 curvo ...",15999,12999,78,"> S/.4,500",-0.187511719
2017,falabella,samsung,"led 78"" suhd curvo s...",39999,19999,78,"> S/.4,500",-0.5000125
2016,ripley,samsung,"samsung smart tv led uhd 75"" 75ju6500",14599,9999,75,"> S/.4,500",-0.315090075
2016,falabella,lg,"led 75"" ultra hd sma...",13999,10999,75,"> S/.4,500",-0.214301022
2017,ripley,sony,"SONY SMART TV UHD 75"" XBR-75X855D",16999,11999,75,"> S/.4,500",-0.294134949
2017,ripley,lg,"LG SMART TV SUPER UHD 75"" 3D 75UH8550",14999,11299,75,"> S/.4,500",-0.246683112
2017,ripley,samsung,SAMSUNG SMART TV UHD 75‚<U+0080>ù 75JU6500,NA,14599,75,"> S/.4,500",NA
2017,ripley,lg,"LG SMART TV UHD 75"" 75UH6550",13999,9499,75,"> S/.4,500",-0.321451532
2017,falabella,sony,"led 75"" 4k uhd andro...",16999,11999,75,"> S/.4,500",-0.294134949
2017,linio,sony,"televisor sony android ultra hd 4k smart 75"" triluminos motion flow xr960 xbr-75x855d",14999,13200,75,"> S/.4,500",-0.119941329
2016,ripley,sharp,sharp smart tv led full hd 70'' sq17u,8499,6499,70,"> S/.4,500",-0.235321803
2016,falabella,lg,led uhd smart web os...,11999,8999,70,"> S/.4,500",-0.250020835
2017,ripley,lg,"LG SMART TV UHD 70"" 70UH6350",11999,7999,70,"> S/.4,500",-0.333361113
2017,falabella,lg,"led 70"" uhd webos 3 ...",11999,7299,70,"> S/.4,500",-0.391699308
2016,ripley,sony,"sony smart tv 65"" fhd 3d kdl-65w855c",6499,5499,65,"> S/.4,500",-0.153869826
2016,ripley,lg,"lg smart tv led 65"" ultra hd 4k 65uf6800",7299,4899,65,"> S/.4,500",-0.328812166
2016,ripley,lg,"lg smart tv 65uf7700 65"" ultra hd 4k",8499,5899,65,"> S/.4,500",-0.305918343
2016,ripley,sony,"sony tv led ultra delgado 65"" ultra hd 4k xbr-65x905c",12999,9999,65,"> S/.4,500",-0.230786984
2016,ripley,samsung,samsung smart tv led 65'' super uhd curvo 65ks9000,NA,14999,65,"> S/.4,500",NA
2016,ripley,lg,lg smart tv curvo 65'' oled uhd 3d 65g9600,24999,17900,65,"> S/.4,500",-0.283971359
2016,falabella,lg,led curvo 65eg9600 o...,NA,19999,65,"> S/.4,500",NA
2016,falabella,sony,"led 65"" kdl65w855c",6999,5499,65,"> S/.4,500",-0.214316331
2016,falabella,lg,"led 65"" 65ug8700  we...",10999,7999,65,"> S/.4,500",-0.272752068
2016,falabella,sony,"led 65"" 4k xbr-65x80...",8999,6999,65,"> S/.4,500",-0.222246916
2016,falabella,lg,"led 65"" 65uf9500",13999,8999,65,"> S/.4,500",-0.357168369
2016,falabella,samsung,"led 65"" super ultra ...",NA,14999,65,"> S/.4,500",NA
2016,falabella,sony,"led 65"" 4k ultra hd ...",9999,7999,65,"> S/.4,500",-0.200020002
2016,falabella,lg,"led 65"" ultra hd sma...",7499,5699,65,"> S/.4,500",-0.240032004
2016,linio,samsung,samsung tv curved smart 3d suhd tizen 65'' un65js9000 - plateado,14879,11899,65,"> S/.4,500",-0.200282277
2016,linio,lg,"lg oled tv ultra hd 4k curvo 65"" 3d smart webos 2.0  65eg9600",29999,24999,65,"> S/.4,500",-0.166672222
2016,linio,lg,lg - oled curvo 65eg9600 ultra hd webos cinema 3d,20500,17999,65,"> S/.4,500",-0.122
2016,linio,lg,lg - tv led webos 3d smart ultra hd curvo  65'' 65ug8700 - plateado,10999,8969,65,"> S/.4,500",-0.184562233
2016,linio,samsung,samsung - tv led smart curvo 3d ultra hd 65„¢‚Ä‚ù un65hu9000 - gris,NA,14999,65,"> S/.4,500",NA
2017,ripley,samsung,"SAMSUNG SMART TV UHD 65"" CURVO 65KU6300",7999,6599,65,"> S/.4,500",-0.175021878
2017,ripley,sony,SONY SMART TV LED ULTRA HD 65'' XBR-65X855D + PARLANTE‚<U+0080>¶,10468,6799,65,"> S/.4,500",-0.350496752
2017,ripley,samsung,"SAMSUNG SMART TV SUHD 65"" CURVO 65KS7500",12999,9999,65,"> S/.4,500",-0.230786984
2017,ripley,lg,"LG SMART TV OLED UHD 65"" 3D OLED65E6P",24999,12799,65,"> S/.4,500",-0.488019521
2017,ripley,samsung,"SAMSUNG SMART TV UHD 65"" CURVO 65KU6500",8999,7299,65,"> S/.4,500",-0.188909879
2017,ripley,lg,"LG SMART TV UHD 65"" 65UH6500",7999,5399,65,"> S/.4,500",-0.32504063
2017,ripley,lg,"LG SMART TV SUPER UHD 65"" 65UH7700",8499,6499,65,"> S/.4,500",-0.235321803
2017,ripley,sony,"SONY SMART TV UHD 65"" XBR-65X755D",8999,4999,65,"> S/.4,500",-0.444493833
2017,ripley,sony,SONY SMART TV LED 65'' ULTRA HD 3D XBR-65X935D,13999,8999,65,"> S/.4,500",-0.357168369
2017,ripley,lg,LG SMART TV UHD 65‚<U+0080>ù 65UH6150,7499,5199,65,"> S/.4,500",-0.306707561
2017,ripley,lg,"LG SMART TV OLED UHD 65"" OLED65B6P",19999,10899,65,"> S/.4,500",-0.455022751
2017,ripley,lg,"LG SMART TV SUPER UHD 65"" 3D 65UH9500",14999,9099,65,"> S/.4,500",-0.393359557
2017,ripley,sony,SONY SMART TV UHD 65¬<U+0094> 3D XBR-65X905C,12999,7999,65,"> S/.4,500",-0.384644973
2017,falabella,samsung,"led 65"" uhd smart tv...",7499,4199,65,"S/.3500 -
 S/.4500",-0.440058674
2017,falabella,samsung,"led 65"" uhd smart tv...",7999,5499,65,"> S/.4,500",-0.312539067
2017,falabella,samsung,"led 65"" suhd curvo s...",12999,9999,65,"> S/.4,500",-0.230786984
2017,falabella,sony,"led 65"" 4k uhd 3d an...",13999,8999,65,"> S/.4,500",-0.357168369
2017,falabella,lg,led 65'' super uhd 4...,14999,8799,65,"> S/.4,500",-0.413360891
2017,falabella,samsung,"led 65"" uhd curvo sm...",8999,6599,65,"> S/.4,500",-0.2666963
2017,falabella,samsung,"led 65"" super ultra ...",14999,10999,65,"> S/.4,500",-0.266684446
2017,falabella,sony,"led 65"" 4k ultra hd ...",9999,6499,65,"> S/.4,500",-0.350035004
2017,linio,samsung,espectacular tv samsung smart tv curvo ultra hd 4k 65'' tizen un65ku6300 - negro,7999,5999,65,"> S/.4,500",-0.250031254
2017,linio,samsung,"televisor samsung un65js9000 curvo suhd 3d smart  65""-plateado",15629,12499,65,"> S/.4,500",-0.200268731
2017,linio,samsung,samsung tv curved smart 3d suhd tizen 65'' un65js9000 - plateado,13999,11699,65,"> S/.4,500",-0.16429745
2017,linio,sony,"televisor sony android ultra hd 4k 65"" hdr triluminos motion flow xr960 ultra slim xbr-65x935d",13000,10400,65,"> S/.4,500",-0.2
2017,linio,sony,"televisor sony android tv ultra hd 4k smart 65"" triluminos motion flow xr960 xbr-65x855d",9999,7700,65,"> S/.4,500",-0.229922992
2017,linio,samsung,televisor smart tv  samsung un65ku6300  led 65'',8999,5599,65,"> S/.4,500",-0.377819758
2017,linio,samsung,"samsung - televisor led ultra hd smart 65"" un65ku6300 - gris",10379,8299,65,"> S/.4,500",-0.200404663
2017,linio,sony,"sony - televisor led 65"" 4k smart con android xbr-65x805c ‚<U+0080><U+0093> gris",8339,6669,65,"> S/.4,500",-0.200263821
2017,linio,jvc,"smart tv 65"" jvc lt-65kb66 con android",NA,4517.6,65,"> S/.4,500",NA
2017,linio,sony,"sony android tv ultra hd 4k smart 65"" triluminos motion flow xr960 xbr-65x855d",7999,6921,65,"> S/.4,500",-0.134766846
2017,linio,samsung,samsung - tv led smart curvo 3d ultra hd 65‚<U+0080>ù un65hu9000 - gris,14999,12999,65,"> S/.4,500",-0.133342223
2017,linio,sony,"sony android tv led smart 3d full hd 65"" motion flow xr960 kdl-65w855c",5999,4799,65,"> S/.4,500",-0.200033339
2017,linio,sony,"sony android tv ultra hd 4k  65"" hdr triluminos motion flow xr960 ultra slim xbr-65x935d",13999,9999,65,"> S/.4,500",-0.285734695
2017,linio,NA,"minix neo z64 intel windows 10 mini pc w / 2 gb de ram, 32 gb de rom (enchufe de la ue)",1086,543,64,"S/.500 -
 S/.1500",-0.5
2016,ripley,samsung,samsung smart tv led 60'' full hd 60j6300,3999,3599,60,"S/.3500 -
 S/.4500",-0.100025006
2016,ripley,sharp,sharp smart tv led 60'' 4k lc60ue30u,5999,4699,60,"> S/.4,500",-0.216702784
2016,ripley,lg,"lg smart tv led 60"" ultra hd tv 60uh6500",4999,4599,60,"> S/.4,500",-0.080016003
2016,ripley,lg,lg smart tv led 60'' uhd 60uf7700,5799,3999,60,"S/.3500 -
 S/.4500",-0.310398345
2016,ripley,lg,"lg smart tv 60"" uhd 3d 60uf8500",7999,5099,60,"> S/.4,500",-0.362545318
2016,falabella,lg,"led 60"" ultra hd sma...",6999,4799,60,"> S/.4,500",-0.314330619
2016,linio,samsung,samsung tv led smart tizen ultra hd 4k 60'' tizen un60ju6500  - negro,5999,4299,60,"S/.3500 -
 S/.4500",-0.283380563
2016,linio,lg,televisor lg led webos smart ultra hd  60„¢‚Ä‚ô„¢‚Ä‚ô 60uf7700 - negro,4999,4299,60,"S/.3500 -
 S/.4500",-0.140028006
2016,linio,samsung,samsung tv led smart tizen full hd 60'' un60j6300 - negro.,4499,3499,60,"S/.2500 -
 S/.3500",-0.222271616
2017,ripley,lg,LG SMART TV UHD 60‚<U+0080>ù 60UH6500,6999,4299,60,"S/.3500 -
 S/.4500",-0.385769396
2017,ripley,samsung,SAMSUNG SMART TV FHD 60'' 60J6300,3999,2599,60,"S/.2500 -
 S/.3500",-0.350087522
2017,ripley,sony,"SONY TV SMART LED 60"" FHD KDL-60W605B",4999,2999,60,"S/.2500 -
 S/.3500",-0.400080016
2017,ripley,samsung,"SAMSUNG SMART TV SUHD 60"" 60KS7000",7999,5999,60,"> S/.4,500",-0.250031254
2017,falabella,samsung,"led 60"" uhd smart tv...",6999,3599,60,"S/.3500 -
 S/.4500",-0.485783683
2017,falabella,lg,"led 60"" uhd smart tv...",6099,3499,60,"S/.2500 -
 S/.3500",-0.426299393
2017,falabella,samsung,"led 60"" suhd smart t...",7999,5999,60,"> S/.4,500",-0.250031254
2017,linio,lg,"lg tv smart ultra hd 60""  60uh6150  - negro",5000,4199,60,"S/.3500 -
 S/.4500",-0.1602
2017,linio,samsung,tv led samsung un60j6300ag smart tizen full hd 60'' - negro,4999,2999,60,"S/.2500 -
 S/.3500",-0.400080016
2017,linio,NA,"cybertel - parlantes 2.1,radio fm,usb, 60 wats, p/ tv, pc, laptop",129.99,89.99,60,< S/.500,-0.307715978
2017,linio,samsung,"samsung - televisor led full hd 60"" smart un60j6300 - negro",4089,3269,60,"S/.2500 -
 S/.3500",-0.200538029
2017,linio,samsung,"samsung - televisor led ultra hd smart 60"" un60ku6000 ‚<U+0080><U+0093> negro",9379,7499,60,"> S/.4,500",-0.200447809
2017,linio,lg,lg tv plasma full hd 60'' - 60pb5600,NA,2499,60,"S/.1500 -
 S/.2500",NA
2017,linio,samsung,"samsung - tv led smart 3d 60"" - un60h6400ag",NA,4799,60,"> S/.4,500",NA
2017,linio,samsung,samsung tv led smart tizen full hd 60'' un60j6300 - negro,3899,2799,60,"S/.2500 -
 S/.3500",-0.282123621
2017,linio,sony,sony - tv led smart 3d smart full hd 60'' - 60w855b,NA,5999,60,"> S/.4,500",NA
2017,linio,panasonic,"panasonic - televisor led uhd 4k 60"" smart tc-60cx700w - gris",6779,5419,60,"> S/.4,500",-0.20061956
2017,linio,lg,tv led lg ultra hd 60uh6150  smart tv  4k webos 3.0 - plateado,4399,3199,60,"S/.2500 -
 S/.3500",-0.27278927
2017,linio,lg,"lg - televisor led ultra hd 4k 60"" smart 60uh6500 ‚<U+0080><U+0093> gris",6489,5189,60,"> S/.4,500",-0.200339035
2016,ripley,lg,"lg tv smart super uhd 4k 58"" web os 3 58uh6299",4699,4499,58,"S/.3500 -
 S/.4500",-0.042562247
2016,falabella,lg,"led 58"" 58uf8300 web...",5999,3999,58,"S/.3500 -
 S/.4500",-0.333388898
2016,linio,aoc,"aoc - tv led 58"" full hd le58f1352 - negro",2699,2299,58,"S/.1500 -
 S/.2500",-0.148203038
2016,linio,aoc,"aoc tv led full hd 58"" le58f1552",2999,2339,58,"S/.1500 -
 S/.2500",-0.220073358
2017,ripley,lg,LG SMART TV UHD 58‚<U+0080>ù 58UH6300,NA,3499,58,"S/.2500 -
 S/.3500",NA
2017,linio,aoc,"aoc tv led full hd 58"" le58f1552",2999,2539,58,"S/.2500 -
 S/.3500",-0.153384461
2017,linio,aoc,"aoc - tv led 58"" full hd le58f1352 - negro",2699,1599,58,"S/.1500 -
 S/.2500",-0.407558355
2016,ripley,lg,"lg tv smart uhd 55"" web os 3 55uh6150",3699,3299,55,"S/.2500 -
 S/.3500",-0.108137334
2016,ripley,haier,"haier tv led 55"" full hd le55b8000",1999,1599,55,"S/.1500 -
 S/.2500",-0.20010005
2016,ripley,aoc,aoc smart tv led full hd 55'' le55f1761,2599,2199,55,"S/.1500 -
 S/.2500",-0.153905348
2016,ripley,lg,"lg smart tv led 55"" ultra hd tv 55uh6500",3999,3699,55,"S/.3500 -
 S/.4500",-0.075018755
2016,ripley,panasonic,"panasonic smart tv led 55"" uhd tc-55cx640w",4999,3999,55,"S/.3500 -
 S/.4500",-0.200040008
2016,ripley,lg,"lg smart tv led 55"" super uhd 3d 4k 55uh8500",5499,5199,55,"> S/.4,500",-0.054555374
2016,ripley,sony,"sony tv led ultra delgado 55""  4k xbr-55x905c",8999,6999,55,"> S/.4,500",-0.222246916
2016,ripley,lg,lg smart tv oled full hd 55'' 3d curvo 55eg9100,9999,6399,55,"> S/.4,500",-0.360036004
2016,ripley,lg,"lg smart tv 55""Ä‚ù uhd 3d 55uf9500",9699,6499,55,"> S/.4,500",-0.329930921
2016,ripley,samsung,samsung smart tv led 55'' super uhd curvo 55ks9000,NA,10999,55,"> S/.4,500",NA
2016,falabella,lg,"oled 55eg9100 55"" we...",9999,6999,55,"> S/.4,500",-0.300030003
2016,falabella,aoc,"led full hd 55"" smar...",2599,2199,55,"S/.1500 -
 S/.2500",-0.153905348
2016,falabella,lg,"led 55"" super ultra ...",5999,5199,55,"> S/.4,500",-0.133355559
2016,falabella,sony,"led 55"" kdl55w805c",4999,3999,55,"S/.3500 -
 S/.4500",-0.200040008
2016,falabella,samsung,"led 55"" 55j5500",3499,2399,55,"S/.1500 -
 S/.2500",-0.314375536
2016,falabella,sony,"led 55"" android tv x...",5999,4499,55,"S/.3500 -
 S/.4500",-0.250041674
2016,falabella,lg,"led 55"" ultra hd web...",4299,3399,55,"S/.2500 -
 S/.3500",-0.209351012
2016,falabella,samsung,"led 55"" super ultra ...",NA,10999,55,"> S/.4,500",NA
2016,falabella,lg,"led 55"" ultra hd 4k ...",4999,3299,55,"S/.2500 -
 S/.3500",-0.340068014
2016,falabella,lg,"led 55"" 55uf6800 web...",4799,2999,55,"S/.2500 -
 S/.3500",-0.375078141
2016,falabella,lg,"led 55"" 55uf8500",5999,3999,55,"S/.3500 -
 S/.4500",-0.333388898
2016,linio,samsung,samsung tv led 3d smart tizen full hd 55'' - un55j6400,3499,2699,55,"S/.2500 -
 S/.3500",-0.228636753
2016,linio,lg,"lg tv 55"" smart ultra hd 4k cinema 3d 55ub8500.",4899,3749,55,"S/.3500 -
 S/.4500",-0.234741784
2016,linio,sony,sony - tv led 3d wi-fi full hd 55„Ç‚¥„Ç‚¥ - kdl-55w955a,6000,4009.99,55,"S/.3500 -
 S/.4500",-0.331668333
2016,linio,samsung,samsung tv led smart ultra hd 55'' tizen un55ju6500 - negro,3999,3199,55,"S/.2500 -
 S/.3500",-0.200050013
2016,linio,lg,"lg tv led smart 55"" webos 2.0 55lf5950 -negro",3099,2799,55,"S/.2500 -
 S/.3500",-0.096805421
2016,linio,lg,"televisor lg led smart webos 2.0 full hd 55"" - 55lf6350",3399,2899,55,"S/.2500 -
 S/.3500",-0.147102089
2016,linio,lg,televisor lg slim ultra hd 3d webos 2.0 55'' 55uf8500 - plateado,4999,4299,55,"S/.3500 -
 S/.4500",-0.140028006
2016,linio,lg,lg ultra hd 4k smart tv webos 3.0 led 55'' 55uh6500,4299,3899,55,"S/.3500 -
 S/.4500",-0.093044894
2016,linio,lg,lg ultra hd 4k smart tv webos 3.0 led 55'' 55uh6150,3999,3399,55,"S/.2500 -
 S/.3500",-0.150037509
2016,linio,samsung,samsung tv smart full hd curvo 55'' tizen un55j6500 - plateado,3999,3199,55,"S/.2500 -
 S/.3500",-0.200050013
2016,linio,aoc,"aoc - tv led 55"" full hd le55f1361 - negro",2299,1999,55,"S/.1500 -
 S/.2500",-0.130491518
2016,linio,samsung,"televisor samsung led 4k ultra hd 55"" 55f9000",8999,5999,55,"> S/.4,500",-0.333370374
2016,linio,lg,"lg oled tv ultra hd 4k curvo 55"" 3d smart webos 2.0  55eg9200",9999,8999,55,"> S/.4,500",-0.100010001
2016,linio,lg,"lg oled tv curvo 3d smart webos 2.0 55"" full hd 55eg9100",12999,9999,55,"> S/.4,500",-0.230786984
2016,linio,lg,lg - tv oled curvo smart 3d 55'' - 55ec9300,7999,6599,55,"> S/.4,500",-0.175021878
2016,linio,samsung,televisor samsung ultra hd 55'' tizen un55ju6500 led- negro,4999,3999,55,"S/.3500 -
 S/.4500",-0.200040008
2016,linio,lg,"lg smart  4k ultra hd 55"" - 55ub8200",4499,3549,55,"S/.3500 -
 S/.4500",-0.211158035
2016,linio,aoc,"aoc - tv led smart 55"" le55f1761 - negro",2999,2599,55,"S/.2500 -
 S/.3500",-0.133377793
2016,linio,lg,lg smart tv oled uhd 55'' 3d curvo 55eg9200,11000,9999,55,"> S/.4,500",-0.091
2016,linio,panasonic,televisor panasonic tvl led ultra hd 55''-negro,5399,3829,55,"S/.3500 -
 S/.4500",-0.290794592
2016,linio,sony,sony - tv  led 3d wi-fi full hd 55„Ç‚¥„Ç‚¥ - kdl-55w955a,NA,4999,55,"> S/.4,500",NA
2017,ripley,samsung,"SAMSUNG SMART TV UHD 55"" CURVO 55KU6300",4599,2899,55,"S/.2500 -
 S/.3500",-0.369645575
2017,ripley,lg,LG SMART TV 55'' UHD 55UH6030,3999,2599,55,"S/.2500 -
 S/.3500",-0.350087522
2017,ripley,lg,"LG SMART TV OLED UHD 55"" OLED55B6P",11999,6499,55,"> S/.4,500",-0.458371531
2017,ripley,sony,SONY SMART TV LED ULTRA HD 55'' XBR-55X855D + PARLANTE‚<U+0080>¶,6968,4299,55,"S/.3500 -
 S/.4500",-0.383036739
2017,ripley,samsung,"SAMSUNG SMART TV UHD 55"" 55KU6400",4999,3499,55,"S/.2500 -
 S/.3500",-0.300060012
2017,ripley,samsung,SAMSUNG SMART TV SUHD 55‚<U+0080>ù CURVO 55KS7500,6999,5499,55,"> S/.4,500",-0.214316331
2017,ripley,lg,LG SMART TV UHD 55¬<U+0094> 55UH6500,4299,3199,55,"S/.2500 -
 S/.3500",-0.255873459
2017,ripley,samsung,"SAMSUNG SMART TV UHD 55"" 55KU6000",3999,2599,55,"S/.2500 -
 S/.3500",-0.350087522
2017,ripley,aoc,AOC SMART TV FHD 55'' LE55D5542,NA,1899,55,"S/.1500 -
 S/.2500",NA
2017,ripley,lg,"LG SMART TV FHD 55"" 55LH6000",3299,2499,55,"S/.1500 -
 S/.2500",-0.242497727
2017,ripley,lg,LG SMART TV SUPER UHD 55‚<U+0080>ù 3D 55UH8500,5999,5099,55,"> S/.4,500",-0.150025004
2017,ripley,samsung,SAMSUNG SMART TV SUHD 55'' CURVO 55KS9000,11999,8599,55,"> S/.4,500",-0.283356946
2017,ripley,sony,"SONY SMART TV FHD 55"" KDL-55W655D",2999,2499,55,"S/.1500 -
 S/.2500",-0.166722241
2017,ripley,lg,"LG TV SMART UHD 55"" 55UH6150",NA,3999,55,"S/.3500 -
 S/.4500",NA
2017,ripley,samsung,"SAMSUNG SMART TV FHD 55"" CURVO 55K6500",3799,2599,55,"S/.2500 -
 S/.3500",-0.315872598
2017,ripley,lg,"LG SMART TV UHD 55"" 55UH6230",3999,2999,55,"S/.2500 -
 S/.3500",-0.250062516
2017,ripley,samsung,"SAMSUNG SMART TV UHD 55"" CURVO 55KU6500",5999,3999,55,"S/.3500 -
 S/.4500",-0.333388898
2017,ripley,haier,HAIER TV FHD 55‚<U+0080>ù LE55B8000,1999,1499,55,"S/.500 -
 S/.1500",-0.250125063
2017,ripley,sony,SONY SMART TV FHD 55¬<U+0094> 3D KDL-55W805C,4499,3999,55,"S/.3500 -
 S/.4500",-0.111135808
2017,ripley,aoc,"AOC TV LED FULL HD 55"" LE55F1361",1999,1499,55,"S/.500 -
 S/.1500",-0.250125063
2017,ripley,haier,HAIER TV UHD 55'' 55E5500U,NA,2499,55,"S/.1500 -
 S/.2500",NA
2017,ripley,haier,HAIER SMART TV FHD 55'' LE55B8500DA,NA,1999,55,"S/.1500 -
 S/.2500",NA
2017,falabella,samsung,"led 55"" uhd curvo sm...",5999,3999,55,"S/.3500 -
 S/.4500",-0.333388898
2017,falabella,samsung,"led 55"" uhd curvo sm...",4599,2999,55,"S/.2500 -
 S/.3500",-0.347901718
2017,falabella,samsung,"led 55"" uhd smart tv...",4999,3299,55,"S/.2500 -
 S/.3500",-0.340068014
2017,falabella,lg,"led 55"" super uhd sm...",4999,2999,55,"S/.2500 -
 S/.3500",-0.400080016
2017,falabella,samsung,"led 55"" 4k suhd curv...",10999,6999,55,"> S/.4,500",-0.363669424
2017,falabella,lg,oled 55'' 4k uhd web...,11999,6499,55,"> S/.4,500",-0.458371531
2017,falabella,sony,"led 55"" uhd android ...",5999,4499,55,"S/.3500 -
 S/.4500",-0.250041674
2017,falabella,sony,"led 55"" fhd smart tv...",3999,2499,55,"S/.1500 -
 S/.2500",-0.375093773
2017,falabella,samsung,"led 55"" fhd curvo sm...",3799,2599,55,"S/.2500 -
 S/.3500",-0.315872598
2017,falabella,lg,"led 55"" uhd webos 3 ...",4299,2899,55,"S/.2500 -
 S/.3500",-0.32565713
2017,falabella,samsung,"led 55"" suhd curvo s...",6999,5999,55,"> S/.4,500",-0.142877554
2017,falabella,sony,"led 55"" 4k uhd andro...",6999,3999,55,"S/.3500 -
 S/.4500",-0.428632662
2017,falabella,lg,"led 55"" suhd 3d smar...",5999,4999,55,"> S/.4,500",-0.166694449
2017,linio,lg,"televisor  led ultra hd smart tv 55"" un55ku6000 - samsung - negro - dise„<U+0091>o delgado y moderno",3299,2899,55,"S/.2500 -
 S/.3500",-0.121248863
2017,linio,lg,"televisor  led ultra hd smart tv 55"" un55ku6000 - samsung - negro - dise„<U+0091>o delgado y moderno",3999,2399,55,"S/.1500 -
 S/.2500",-0.400100025
2017,linio,sony,sony - tv led 3d wi-fi full hd 55‚¥‚¥ - kdl-55w955a,6000,3700,55,"S/.3500 -
 S/.4500",-0.383333333
2017,linio,samsung,"samsung - televisor led ultra hd curvo smart 55"" un55ku6500 ‚<U+0080><U+0093> gris",8039,6429,55,"> S/.4,500",-0.200273666
2017,linio,samsung,televisor curved - tv led smart ultra hd 55'' tizen un55ju6500 - samsung,3899,3220,55,"S/.2500 -
 S/.3500",-0.174147217
2017,linio,samsung,televisor smarttv  samsung un55ku6300g curve   55'',3899,2999,55,"S/.2500 -
 S/.3500",-0.230828418
2017,linio,lg,televisor lg led cinema 3d 4k smart ultra hd 55ub8500 55'' - negro,6879,5499,55,"> S/.4,500",-0.200610554
2017,linio,lg,"lg tv led curvo 55"" smart ultra hd 4k cinema 3d -†55uc9700",5899,5609,55,"> S/.4,500",-0.049160875
2017,linio,lg,tv led lg 55lh6000 smart tv webos 3.0 full hd 1080p - negro,3299,2199,55,"S/.1500 -
 S/.2500",-0.333434374
2017,linio,lg,tv led ultra hd 4k 55uh6230 smart tv webos 2.0 led 55'' - plateado - lg,NA,3999,55,"S/.3500 -
 S/.4500",NA
2017,linio,lg,"televisor smart tv full hd webos 3.0 led 55"" 55lh6000 - negro- lg",2900,2399,55,"S/.1500 -
 S/.2500",-0.172758621
2017,linio,lg,"lg - televisor led ultra hd 4k 55"" smart 55uh6500 ‚<U+0080><U+0093> gris",3999,2999,55,"S/.2500 -
 S/.3500",-0.250062516
2017,linio,lg,"lg - televisor led ultra hd 4k 55"" smart 55uh6230 ‚<U+0080><U+0093> gris",4199,3349,55,"S/.2500 -
 S/.3500",-0.20242915
2017,linio,sony,"sony - televisor led ultra hd 4k 55"" smart xbr-55x705d - gris",5689,4549,55,"> S/.4,500",-0.200386711
2017,linio,samsung,samsung - tv ultra hd 4k 55'' curve smart un55ku6300 - negro,3499,3049,55,"S/.2500 -
 S/.3500",-0.128608174
2017,linio,lg,"lg - televisor led 55"" cinema 3d 4k smart ultra hd 55ub8500 - gris",6899,3999,55,"S/.3500 -
 S/.4500",-0.420350775
2017,linio,sony,"televisor sony android tv ultra hd 4k smart 55"" triluminos motion flow xr960 xbr-55x855d",6000,5250,55,"> S/.4,500",-0.125
2017,linio,panasonic,televisor panasonic tvl led ultra hd 55''-negro,5399,3899,55,"S/.3500 -
 S/.4500",-0.277829228
2017,linio,samsung,"samsung - televisor led ultra hd smart 55"" un55ku6000 - negro",3299.99,2679,55,"S/.2500 -
 S/.3500",-0.188179358
2017,linio,lg,lg - tv led webos 3d smart full hd 55'' - 55lf6500,NA,3999,55,"S/.3500 -
 S/.4500",NA
2017,linio,samsung,samsung tv led smart ultra hd 55'' tizen un55ju6500 - negro,NA,3499,55,"S/.2500 -
 S/.3500",NA
2017,linio,samsung,samsung smart tv tizen full hd  55'' un55j5500 - negro,3999,2799,55,"S/.2500 -
 S/.3500",-0.300075019
2017,linio,samsung,"samsung - televisor led ultra hd smart 55"" un55ku6000 - negro",5349,4279,55,"S/.3500 -
 S/.4500",-0.20003739
2017,linio,samsung,televisor samsung un55j6500 curvo full hd smart 55''-plateado,NA,4449,55,"S/.3500 -
 S/.4500",NA
2017,linio,samsung,samsung tv led smart uhd 55'' - hu7200,NA,6499,55,"> S/.4,500",NA
2017,linio,lg,lg tv smart 3d smart full hd 55'' - 55lb6500,NA,3599,55,"S/.3500 -
 S/.4500",NA
2017,linio,samsung,televisor samsung un55j6500 curvo full hd smart 55''-plateado,4599,3299,55,"S/.2500 -
 S/.3500",-0.282670146
2017,linio,samsung,televisor samsung led 3d smart full hd 55j6400 55'',3599,3259,55,"S/.2500 -
 S/.3500",-0.094470686
2017,linio,lg,lg ultra hd 4k smart tv webos 3.0 led 55'' 55uh6150,2999,2899,55,"S/.2500 -
 S/.3500",-0.033344448
2017,linio,sony,"sony - televisor led ultra hd 4k 55"" smart xbr-55x705d - gris",NA,5500,55,"> S/.4,500",NA
2017,linio,panasonic,"panasonic - televisor led uhd 4k 55"" smart tc-55cx640w - negro",5299,4249,55,"S/.3500 -
 S/.4500",-0.198150594
2017,linio,samsung,samsung tv curved smart ultra hd 55'' un55ju6700 - negro,NA,5199,55,"> S/.4,500",NA
2017,linio,lg,"televisor 55"" full hd lg 55lw540s",2599,2499,55,"S/.1500 -
 S/.2500",-0.038476337
2017,linio,samsung,samsung tv 3d smart full hd 55‚¥‚¥un55h7100agxpe + teclado smart vg-kbd1000,4999,3460,55,"S/.2500 -
 S/.3500",-0.307861572
2017,linio,lg,tv led lg ultra hd 4k 55uh6230 smart tv webos 2.0 led 55'' - plateado,NA,3999,55,"S/.3500 -
 S/.4500",NA
2017,linio,samsung,tv samsung ultra hd un55ku6300 4k curve smart uhdtv tizen 55'' - negro.,3999,2749,55,"S/.2500 -
 S/.3500",-0.312578145
2017,linio,aoc,"aoc - tv led 55"" full hd le55f1361 - negro",2299,1799,55,"S/.1500 -
 S/.2500",-0.217485863
2017,linio,sony,"sony android tv ultra hd 4k smart 55"" triluminos motion flow xr960 xbr-55x855d",5499,4757,55,"> S/.4,500",-0.134933624
2017,linio,lg,"lg - televisor led ultra hd 4k 55"" smart 55uh6150 ‚<U+0080><U+0093> gris",3999,2999,55,"S/.2500 -
 S/.3500",-0.250062516
2017,linio,lg,lg - tv led cinema 3d smart tv 55‚¥‚¥ - 55la7900,3999,2811,55,"S/.2500 -
 S/.3500",-0.297074269
2017,linio,lg,"lg tv led curvo 55"" smart ultra hd 4k cinema 3d -†55uc9700",5999,5407,55,"> S/.4,500",-0.098683114
2017,linio,lg,lg ultra hd 4k smart tv webos 3.0 led 55'' 55uh6230,3999,2999,55,"S/.2500 -
 S/.3500",-0.250062516
2017,linio,lg,"lg tv led smart 55"" webos 2.0 55lf5950 -negro",NA,2999,55,"S/.2500 -
 S/.3500",NA
2017,linio,samsung,samsung tv smart full hd  55'' tizen un55j5500 - negro,2499,2459,55,"S/.1500 -
 S/.2500",-0.016006403
2017,linio,samsung,"samsung - televisor led full hd curvo smart 55"" un55k6500 ‚<U+0080><U+0093> negro",5059,2899,55,"S/.2500 -
 S/.3500",-0.42696185
2017,linio,samsung,samsung curvo smart tv full hd 55'' tizen un55k6500,3999,2899,55,"S/.2500 -
 S/.3500",-0.275068767
2016,ripley,samsung,"samsung smart tv 50ju6500 led uhd 50"" - negro",3699,2399,50,"S/.1500 -
 S/.2500",-0.351446337
2016,ripley,haier,"haier televisor led le50k5000n 50""",1799,1399,50,"S/.500 -
 S/.1500",-0.222345748
2016,ripley,sony,"sony smart tv 50"" fhd 3d kdl50w805c",3799,2999,50,"S/.2500 -
 S/.3500",-0.210581732
2016,ripley,sony,"sony smart tv 50"" fhd 3d kdl-50fa95c",4499,3699,50,"S/.3500 -
 S/.4500",-0.177817293
2016,falabella,samsung,"led 50"" 50j5500",1799,1699,50,"S/.1500 -
 S/.2500",-0.055586437
2016,falabella,sony,"led 50"" kdl50w805c",3799,2999,50,"S/.2500 -
 S/.3500",-0.210581732
2016,falabella,samsung,"led 50"" 50ju6500",3299,2399,50,"S/.1500 -
 S/.2500",-0.272809942
2016,linio,samsung,"samsung tv super ultra hd 4k smart tv tizen 50""  50js7200",3999,2699,50,"S/.2500 -
 S/.3500",-0.32508127
2016,linio,samsung,samsung tv led smart tizen full hd 50'' un50j5500 - plateado,2699,1799,50,"S/.1500 -
 S/.2500",-0.333456836
2016,linio,altron,"altron - televisor led altron 50"" 50hd8800 - negro",1699,1599,50,"S/.1500 -
 S/.2500",-0.058858152
2016,linio,samsung,samsung tv led smart ultra hd 4k 50'' tizen un50ju6500 - negro,3299,2399,50,"S/.1500 -
 S/.2500",-0.272809942
2016,linio,panasonic,"televisor panasonic tv led 50"" ultra hd 4k smart-negro",4049,2879,50,"S/.2500 -
 S/.3500",-0.288960237
2016,linio,samsung,samsung - tv led smart ultra hd - un50hu7000,4379,3499,50,"S/.2500 -
 S/.3500",-0.200959123
2016,linio,panasonic,panasonic tv led smart full hd 50'' - tc-50as600,2699,2399,50,"S/.1500 -
 S/.2500",-0.111152279
2016,linio,panasonic,televisor panasonic tv led full hd smart 50'' tc-50cs600l -negro,2899,2419,50,"S/.1500 -
 S/.2500",-0.165574336
2017,ripley,lg,"LG SMART TV UHD 50"" 50UH6300",3499,2149,50,"S/.1500 -
 S/.2500",-0.385824521
2017,ripley,samsung,"SAMSUNG SMART TV UHD 50"" 50KU6000",3299,1999,50,"S/.1500 -
 S/.2500",-0.394058806
2017,ripley,haier,HAIER TV FHD 50'' LE50B8000,1999,1199,50,"S/.500 -
 S/.1500",-0.4002001
2017,ripley,sony,"SONY SMART TV 50"" FHD 3D KDL50W805C",3799,2299,50,"S/.1500 -
 S/.2500",-0.394840748
2017,ripley,haier,HAIER SMART TV FHD 50‚<U+0080>ù LE50K5000N,1799,1499,50,"S/.500 -
 S/.1500",-0.166759311
2017,falabella,samsung,"led 50"" uhd smart tv...",3299,1999,50,"S/.1500 -
 S/.2500",-0.394058806
2017,falabella,sony,"led 50"" fhd smart tv...",3799,2299,50,"S/.1500 -
 S/.2500",-0.394840748
2017,linio,samsung,tv samsung un50ku6000 ultra hd 4k smart tizen 50'' - negro +usb 8gb,2899,2089,50,"S/.1500 -
 S/.2500",-0.279406692
2017,linio,samsung,samsung tv ultra hd 4k smart tizen 50'' tizen espectacular un50ku6000g - color negro,2900,2299,50,"S/.1500 -
 S/.2500",-0.207241379
2017,linio,samsung,tv samsung un50ku6000 ultra hd 4k smart tizen 50'' - negro,2999,2049,50,"S/.1500 -
 S/.2500",-0.316772257
2017,linio,samsung,"samsung smart tv 4k ultra-hd 50"" 50ku6000 quadcore wifi - hdr",3999,2147,50,"S/.1500 -
 S/.2500",-0.463115779
2017,linio,sony,"televisor smart tv sony  kdl-50w805c  full hd 50""",2999,2599,50,"S/.2500 -
 S/.3500",-0.133377793
2017,linio,samsung,televisi„≥n samsung un50j5500 smart full hd 50'',NA,2699,50,"S/.2500 -
 S/.3500",NA
2017,linio,altron,"altron - televisor led altron 50"" 50hd8800 - negro",1599,1069,50,"S/.500 -
 S/.1500",-0.331457161
2017,linio,panasonic,"televisor panasonic tv led 50"" ultra hd 4k smart-negro",4049,2929,50,"S/.2500 -
 S/.3500",-0.276611509
2017,linio,samsung,"samsung - televisor led ultra hd smart 50"" un50ku6000 ‚<U+0080><U+0093> negro",4059,2499,50,"S/.1500 -
 S/.2500",-0.384331116
2017,linio,panasonic,"panasonic - televisor led uhd 4k 50"" smart tc-50cx640w - negro",3999,3199,50,"S/.2500 -
 S/.3500",-0.200050013
2017,linio,royal,televisor royal smart tv led hd 50''  ry-e50s- negro,1499,1249,50,"S/.500 -
 S/.1500",-0.166777852
2017,linio,panasonic,televisor panasonic tv led smart tv full hd 50'' - tc-50as600 - negro,2699,1887,50,"S/.1500 -
 S/.2500",-0.300852167
2017,linio,panasonic,panasonic tv led smart full hd 50'' - tc-50as600,2699,2399,50,"S/.1500 -
 S/.2500",-0.111152279
2017,linio,sony,"sony android tv full hd 3d smart 50"" triluminos motion flow xr960 kdl-50fa95c",3699,3200,50,"S/.2500 -
 S/.3500",-0.134901325
2017,linio,samsung,samsung tv ultra hd 4k smart tizen 50'' tizen un50ku6000 - negro,NA,2999,50,"S/.2500 -
 S/.3500",NA
2016,ripley,lg,lg smart tv led 49'' full hd 49lh5700,1999,1699,49,"S/.1500 -
 S/.2500",-0.150075038
2016,ripley,lg,"lg smart tv led 49"" ultra hd tv 49uh6500",2799,2199,49,"S/.1500 -
 S/.2500",-0.214362272
2016,ripley,lg,"lg tv smart full hd 49"" web os 49lh6000",2099,1799,49,"S/.1500 -
 S/.2500",-0.142925202
2016,ripley,aoc,aoc smart tv led full hd 49'' le49f1761,1799,1599,49,"S/.1500 -
 S/.2500",-0.111172874
2016,ripley,aoc,aoc tv led full hd 49'' le49f1361,NA,1499,49,"S/.500 -
 S/.1500",NA
2016,ripley,sony,"sony tv led 49"" 4k xbr-49x835c",4999,3499,49,"S/.2500 -
 S/.3500",-0.300060012
2016,ripley,lg,"lg smart tv led 49"" full hd web os 2 49lf5900",2399,1599,49,"S/.1500 -
 S/.2500",-0.33347228
2016,falabella,sony,"led 49"" xbr-49x835c",4999,3499,49,"S/.2500 -
 S/.3500",-0.300060012
2016,falabella,lg,"led 49"" ultra hd web...",2999,2299,49,"S/.1500 -
 S/.2500",-0.233411137
2016,falabella,lg,"led 49"" full hd smar...",2599,1799,49,"S/.1500 -
 S/.2500",-0.307810696
2016,falabella,aoc,"led 49"" full hd smar...",1799,1599,49,"S/.1500 -
 S/.2500",-0.111172874
2016,falabella,lg,"led 49"" 49lf6450",2899,2199,49,"S/.1500 -
 S/.2500",-0.241462573
2016,falabella,lg,"led 49"" ultra hd web...",3299,1899,49,"S/.1500 -
 S/.2500",-0.424371022
2016,linio,lg,"lg tv led ultra hd 4k 49"" smart webos 2.0 3d - 49ub8300",3899,2897,49,"S/.2500 -
 S/.3500",-0.256988972
2016,linio,lg,lg ultra hd 4k smart tv webos 3.0 led 49'' 49uh6100,3299,1899,49,"S/.1500 -
 S/.2500",-0.424371022
2016,linio,lg,"lg game tv led full hd 49"" - 49lf5410",2299,1579,49,"S/.1500 -
 S/.2500",-0.313179643
2016,linio,aoc,"aoc - tv led 49"" full hd le49f1361 - negro",1699,1499,49,"S/.500 -
 S/.1500",-0.117716304
2016,linio,lg,"lg tv smart  led full hd 49"" - 49lf6350",2499,1887,49,"S/.1500 -
 S/.2500",-0.244897959
2016,linio,lg,televisor lg led webos 3d smart ultra hd 49'' 49uf8500,4199,3299,49,"S/.2500 -
 S/.3500",-0.214336747
2016,linio,lg,televisi„É‚≥n lg 49lf5900 smart tv 49''-plateado,2299,1899,49,"S/.1500 -
 S/.2500",-0.173988691
2016,linio,lg,lg super ultra hd 4k smart tv webos 3.0  led 49'' 49uh7700,3799,2999,49,"S/.2500 -
 S/.3500",-0.210581732
2016,linio,lg,"lg tv led full hd 49""  - 49lf5100",1799,1619,49,"S/.1500 -
 S/.2500",-0.100055586
2016,linio,lg,lg ultra hd 4k smart tv webos 3.0 led 49'' 49uh6500,2999,2799,49,"S/.2500 -
 S/.3500",-0.066688896
2016,linio,aoc,televisor aoc led 49'' full hd le49f1361 - negro,1699,1499,49,"S/.500 -
 S/.1500",-0.117716304
2016,linio,lg,televisor lg led webos smart ultra hd 49'' 49uf6900,2899,2229,49,"S/.1500 -
 S/.2500",-0.231114177
2016,linio,lg,lg full hd smart tv webos 3.0 led 49'' 49lh6000,2599,2199,49,"S/.1500 -
 S/.2500",-0.153905348
2016,linio,lg,lg tv led webos 3d smart full hd 49'' - 49lf6450,3099,2479,49,"S/.1500 -
 S/.2500",-0.200064537
2016,linio,lg,"lg game tv led full hd 49"" - 49lf5400",2499,1749,49,"S/.1500 -
 S/.2500",-0.300120048
2016,linio,aoc,"aoc - tv led smart 49"" le49f1761 - negro",2199,1799,49,"S/.1500 -
 S/.2500",-0.181900864
2016,linio,lg,"tv led lg 49lf5100 televisor led 49"" full hd negro",1899,1519,49,"S/.1500 -
 S/.2500",-0.200105319
2017,ripley,samsung,"SAMSUNG SMART TV UHD 49"" CURVO 49KU6500",3999,2599,49,"S/.2500 -
 S/.3500",-0.350087522
2017,ripley,samsung,"SAMSUNG SMART TV UHD 49"" CURVO 49KU6300",3599,2199,49,"S/.1500 -
 S/.2500",-0.388996944
2017,ripley,lg,LG SMART TV UHD 49‚<U+0080>ù 49UH6100,3299,1899,49,"S/.1500 -
 S/.2500",-0.424371022
2017,ripley,samsung,"SAMSUNG SMART TV FHD 49"" CURVO 49K6500",2799,1999,49,"S/.1500 -
 S/.2500",-0.285816363
2017,ripley,samsung,SAMSUNG SMART TV UHD 49¬<U+0094> 49KU6400,3799,2399,49,"S/.1500 -
 S/.2500",-0.368518031
2017,ripley,sony,"SONY SMART TV UHD 49"" XBR-49X705D",4999,2399,49,"S/.1500 -
 S/.2500",-0.520104021
2017,ripley,lg,LG SMART TV UHD 49'' 49UH6500,3599,2499,49,"S/.1500 -
 S/.2500",-0.305640456
2017,ripley,aoc,AOC SMART TV 49'' FHD LE49D5542,NA,1499,49,"S/.500 -
 S/.1500",NA
2017,ripley,lg,LG SMART TV FHD 49''¬<U+0094> 49LH5700,2399,1699,49,"S/.1500 -
 S/.2500",-0.291788245
2017,ripley,lg,"LG SMART TV FHD 49"" 49LH6000",2599,1899,49,"S/.1500 -
 S/.2500",-0.269334359
2017,ripley,lg,"LG SMART TV UHD 49"" 49UH6230",3299,1899,49,"S/.1500 -
 S/.2500",-0.424371022
2017,ripley,samsung,"SAMSUNG SMART TV SUHD 49"" CURVO 49KS7500",5199,3999,49,"S/.3500 -
 S/.4500",-0.230813618
2017,ripley,aoc,AOC TV FHD 49'' LE49F1361,2099,1199,49,"S/.500 -
 S/.1500",-0.428775607
2017,falabella,samsung,"led 49"" uhd curvo sm...",3599,2199,49,"S/.1500 -
 S/.2500",-0.388996944
2017,falabella,lg,"led 49"" uhd smart tv...",1849,1699,49,"S/.1500 -
 S/.2500",-0.081124932
2017,falabella,sony,"led 49"" uhd android ...",4999,2499,49,"S/.1500 -
 S/.2500",-0.50010002
2017,falabella,samsung,"led 49"" uhd smart tv...",3799,1999,49,"S/.1500 -
 S/.2500",-0.473808897
2017,falabella,samsung,"led 49"" uhd curvo sm...",3999,2599,49,"S/.2500 -
 S/.3500",-0.350087522
2017,falabella,aoc,"led 49"" fhd smart tv...",NA,1499,49,"S/.500 -
 S/.1500",NA
2017,falabella,lg,"led 49"" uhd webos 3 ...",3599,2299,49,"S/.1500 -
 S/.2500",-0.361211448
2017,falabella,lg,"led 49"" uhd webos sm...",3299,1899,49,"S/.1500 -
 S/.2500",-0.424371022
2017,falabella,samsung,"led 49"" suhd curvo s...",5199,3999,49,"S/.3500 -
 S/.4500",-0.230813618
2017,falabella,samsung,"led 49"" fhd curvo sm...",2799,1899,49,"S/.1500 -
 S/.2500",-0.321543408
2017,falabella,lg,"led 49"" fhd webos 3 ...",2599,1599,49,"S/.1500 -
 S/.2500",-0.384763371
2017,linio,samsung,tv led curve samsung un49ku6300 ultra hd 4k smart tv  '' - negro,3599,1949,49,"S/.1500 -
 S/.2500",-0.458460684
2017,linio,lg,lg ultra hd 4k smart tv webos 3.0 led 49'' 49uh6500,2999,2199,49,"S/.1500 -
 S/.2500",-0.266755585
2017,linio,samsung,"televisor 49"" uhd 4k curved smart tv ku6300 - series 6 - samsung",3200,2049,49,"S/.1500 -
 S/.2500",-0.3596875
2017,linio,lg,televisor  smarttv lg 49lh5700 led 49‚<U+0080>ù,1999,1550,49,"S/.1500 -
 S/.2500",-0.224612306
2017,linio,samsung,"samsung led 49"" un49ku6300 curvo uhd smart",3599,2070,49,"S/.1500 -
 S/.2500",-0.424840233
2017,linio,lg,televisor lg ultra hd 4k smart tv webos 3.0 led 49'' 49uh6100,3499,1999,49,"S/.1500 -
 S/.2500",-0.428693913
2017,linio,lg,lg ultra hd 4k smart tv webos 3.0 led 49'' 49uh6500,2999,2199,49,"S/.1500 -
 S/.2500",-0.266755585
2017,linio,lg,"lg - televisor modelo 2016  lg tv led full hd 49"" - 49lh5100",1700,1379,49,"S/.500 -
 S/.1500",-0.188823529
2017,linio,samsung,"samsung tv curved smart full hd 49""  un49k6500ag - negro",2799,2049,49,"S/.1500 -
 S/.2500",-0.26795284
2017,linio,lg,televisor lg ultra hd 4k smart tv webos 3.0 led 49'' 49uh6230 modelo 2016,2700,2149,49,"S/.1500 -
 S/.2500",-0.204074074
2017,linio,panasonic,"tv led smart panasonic tc-49ds630l full hd bluetooth,  wifi  - plateado",1999,1649,49,"S/.1500 -
 S/.2500",-0.175087544
2017,linio,samsung,tv smart samsung uhd 49‚<U+0094> 49ku6400,3799,2199,49,"S/.1500 -
 S/.2500",-0.421163464
2017,linio,samsung,televisor samsung smarttv 49 curvo pantall 4k uhd 49 ku6300,NA,2900,49,"S/.2500 -
 S/.3500",NA
2017,linio,lg,televisor lg ultra hd 4k smart tv webos 3.0 led 49'' 49uh6100,3299,1997,49,"S/.1500 -
 S/.2500",-0.39466505
2017,linio,lg,"televisor lg  49lf5100 led full hd 49""",1800,1550,49,"S/.1500 -
 S/.2500",-0.138888889
2017,linio,samsung,"samsung led 49"" un49ku6300 curvo uhd smart",2699,2349,49,"S/.1500 -
 S/.2500",-0.129677658
2017,linio,lg,televisor lg ultra hd 4k smart tv webos 3.0 led 49'' 49uh6100,2199,1999,49,"S/.1500 -
 S/.2500",-0.090950432
2017,linio,lg,"led lg 49"" uhd smart tv 49uh6030",2500,1900,49,"S/.1500 -
 S/.2500",-0.24
2017,linio,lg,tv led smart lg 49lh5700 full hd - negro,1999,1550,49,"S/.1500 -
 S/.2500",-0.224612306
2017,linio,lg,"lg - televisor led full hd 49"" smart 49lh6000 ‚<U+0080><U+0093> negro",2339,1869,49,"S/.1500 -
 S/.2500",-0.200940573
2017,linio,samsung,"tv uhd 4k smart 49ku6300 49"" samsung",2999,2097,49,"S/.1500 -
 S/.2500",-0.300766922
2017,linio,aoc,televisor aoc led 49'' full hd le49f1361 - negro,1599,1269,49,"S/.500 -
 S/.1500",-0.206378987
2017,linio,samsung,samsung smart tv curvo ultra hd 4k 49'' tizen un49ku6500,3499,2799,49,"S/.2500 -
 S/.3500",-0.200057159
2017,linio,lg,"lg - televisor led full hd 49"" smart 49lh5700 - negro",2189,1749,49,"S/.1500 -
 S/.2500",-0.201005025
2017,linio,sony,"sony - televisor led ultra hd 4k 49"" smart xbr-49x705d - gris",4439,3549,49,"S/.3500 -
 S/.4500",-0.200495607
2017,linio,lg,"lg - televisor led ultra hd 4k 49"" smart 49uh6100 ‚<U+0080><U+0093> negro",2749,2199,49,"S/.1500 -
 S/.2500",-0.200072754
2017,linio,lg,"lg - televisor led ultra hd 4k 49"" smart 49uh6500 - gris",3199,2549,49,"S/.2500 -
 S/.3500",-0.203188496
2017,linio,samsung,"samsung - televisor led ultra hd smart 49"" un49ku6400 ‚<U+0080><U+0093> gris",5059,4049,49,"S/.3500 -
 S/.4500",-0.199644198
2017,linio,samsung,"samsung - televisor 49"" full hd curved smart un49k6500ag - negro",2849,2279,49,"S/.1500 -
 S/.2500",-0.2000702
2017,linio,samsung,"televisor 49"" full hd curved smart tv - un49k6500ag- samsung",NA,2999,49,"S/.2500 -
 S/.3500",NA
2017,linio,altron,"altron - televisor con sintonizador digital 49"" modelo: 49ln4100- negro",1399,1199,49,"S/.500 -
 S/.1500",-0.142959257
2017,linio,lg,"televisor full hd lg 49lf6350 led 49""",NA,2499,49,"S/.1500 -
 S/.2500",NA
2017,linio,samsung,"samsung - televisor led ultra hd curvo smart 49"" un49ku6500 ‚<U+0080><U+0093> gris",5349,4279,49,"S/.3500 -
 S/.4500",-0.20003739
2017,linio,samsung,"televisor 49"" full hd curved smart tv - un49k6500ag- samsung",2999,2099,49,"S/.1500 -
 S/.2500",-0.300100033
2017,linio,panasonic,"panasonic - televisor led uhd 4k 49"" smart tc-49dx650w ‚<U+0080><U+0093> gris",3499,2799,49,"S/.2500 -
 S/.3500",-0.200057159
2017,linio,lg,lg full hd smart tv webos 3.0 led 49'' 49lh6000,NA,2399,49,"S/.1500 -
 S/.2500",NA
2017,linio,samsung,"samsung tv led curvo uhd smart 49"" un49ku6300",NA,3599,49,"S/.3500 -
 S/.4500",NA
2017,linio,lg,tv lg led smart full hd 49lh5730 - negro,1899,1579,49,"S/.1500 -
 S/.2500",-0.168509742
2017,linio,lg,"televisor 49"" lg full hd 49lw540h",1975.2,1939,49,"S/.1500 -
 S/.2500",-0.018327258
2017,linio,hyundai,"televisor hyundai 49"" hyled493a led fullhd 2usb 2hdmi + rack de pared - negro",NA,1599,49,"S/.1500 -
 S/.2500",NA
2017,linio,samsung,"samsung tv curved smart full hd 49""  un49k6500ag - negro",3499,1845,49,"S/.1500 -
 S/.2500",-0.472706488
2017,linio,aoc,"aoc - tv led 49"" full hd le49f1361 - negro",1699,1099,49,"S/.500 -
 S/.1500",-0.353148911
2017,linio,lg,lg smart tv webos 2.0 full hd 49'' 49lf5900 - negro,1699,1675,49,"S/.1500 -
 S/.2500",-0.014125956
2017,linio,lg,televisor smart ulra lg 49uh6100 led led 49''-negro,2999,1999,49,"S/.1500 -
 S/.2500",-0.333444481
2017,linio,aoc,aoc tv led full hd smart 49'' le49d5542 - negro,1999,1289,49,"S/.500 -
 S/.1500",-0.355177589
2017,linio,samsung,samsung smart tv curvo ultra hd 4k 49'' tizen un49ku6500,NA,3999,49,"S/.3500 -
 S/.4500",NA
2017,linio,lg,televisor lg 49ub7000 smart-tv 4k ultra hd 49'',NA,3500,49,"S/.2500 -
 S/.3500",NA
2017,linio,lg,"led lg 49"" full hd game tv modelo 2016 - procesador triple xd engine 120 hz hdmi usb - gris",NA,2199,49,"S/.1500 -
 S/.2500",NA
2017,linio,aoc,"aoc - tv led smart 49"" le49f1761 - negro.",2199,1099,49,"S/.500 -
 S/.1500",-0.500227376
2017,linio,lg,"lg - televisor led ultra hd 4k 49"" smart 49uh6230 - negro",2999,2099,49,"S/.1500 -
 S/.2500",-0.300100033
2017,linio,lg,"tv led 49"" lg 49lf5100 full hd",1799,1619,49,"S/.1500 -
 S/.2500",-0.100055586
2017,linio,lg,"tv led lg 49lf5100 televisor led 49"" full hd negro",NA,1899,49,"S/.1500 -
 S/.2500",NA
2017,linio,lg,lg tv led webos 3d smart full hd 49'' - 49lf6450,3499,2479,49,"S/.1500 -
 S/.2500",-0.291511861
2017,linio,sony,"sony android tv ultra hd 4k smart 49"" motion flow xr960 xbr-49x835c",3499,3023,49,"S/.2500 -
 S/.3500",-0.136038868
2016,ripley,samsung,"samsung smart tv led fhd 48"" 3d 48j6400",2799,1999,48,"S/.1500 -
 S/.2500",-0.285816363
2016,ripley,samsung,"samsung smart tv led 48"" full hd 48j5300",2299,1799,48,"S/.1500 -
 S/.2500",-0.217485863
2016,ripley,samsung,"samsung smart tv led fhd 48"" curvo un48j6500",2999,2299,48,"S/.1500 -
 S/.2500",-0.233411137
2016,ripley,samsung,samsung smart tv led full hd 48'' 48j5500,2499,1799,48,"S/.1500 -
 S/.2500",-0.280112045
2016,ripley,sony,sony smart tv led full hd 48'' kdl-48w655d,NA,2199,48,"S/.1500 -
 S/.2500",NA
2016,falabella,samsung,"led 48"" un48ju6000",2799,1899,48,"S/.1500 -
 S/.2500",-0.321543408
2016,falabella,samsung,"led 48"" 48j5500",2499,1899,48,"S/.1500 -
 S/.2500",-0.240096038
2016,falabella,samsung,"led 48"" 48ju6700 ult...",4399,2499,48,"S/.1500 -
 S/.2500",-0.431916345
2016,falabella,samsung,"led 48"" 48j5300",1699,1599,48,"S/.1500 -
 S/.2500",-0.058858152
2016,linio,samsung,tv samsung ultra hd 4k smart tizen  48''  un48ju6000 - negro,2799,1889,48,"S/.1500 -
 S/.2500",-0.325116113
2016,linio,sony,sony tv led smart 48'' full hd  kdl-48r555c,2399,1849,48,"S/.1500 -
 S/.2500",-0.229262193
2016,linio,olitec,"olitec televisor led full hd 48"" olivv1048a",1799,1099,48,"S/.500 -
 S/.1500",-0.389105058
2016,linio,samsung,samsung tv led smart full hd 48'' un48j5300 - negro,2499,1699,48,"S/.1500 -
 S/.2500",-0.320128051
2016,linio,samsung,samsung tv curvo smart tizen full hd 48'' un48j6500-plateado,2799,2199,48,"S/.1500 -
 S/.2500",-0.214362272
2016,linio,sony,"sony - televisor led full hd 48"" smart kdl-48w655d - negro",2749,2199,48,"S/.1500 -
 S/.2500",-0.200072754
2016,linio,samsung,samsung - tv led full hd 48'' 48j5000 - negro,1999.9,1549,48,"S/.1500 -
 S/.2500",-0.225461273
2016,linio,samsung,"samsung - televisor led full hd 48"" un48j5000 - negro",2189,1749,48,"S/.1500 -
 S/.2500",-0.201005025
2016,linio,sony,"sony tv led smart full hd 48"" motion flow xr240 kdl-48w655d",2699,1899,48,"S/.1500 -
 S/.2500",-0.296406076
2016,linio,samsung,televisor samsung tv curved smart ultra hd tizen un48ju6700-negro,4999,2399,48,"S/.1500 -
 S/.2500",-0.520104021
2016,linio,samsung,samsung tv led 3d smart full hd 48'' - 48j6400,2499,2099,48,"S/.1500 -
 S/.2500",-0.160064026
2016,linio,samsung,"samsung smart tv tizen 48"" full hd led slim un48j5500 led 48''",1899,1811.9,48,"S/.1500 -
 S/.2500",-0.045866245
2016,linio,samsung,"samsung tv led curvo smart 3d 48"" special edition - un48h6800ag",3199,2797,48,"S/.2500 -
 S/.3500",-0.12566427
2016,linio,samsung,samsung tv smart full hd curvo 48'' tizen un48j6500,2999,2599,48,"S/.2500 -
 S/.3500",-0.133377793
2016,linio,samsung,"samsung - televisor led hd 48"" smart un48j5300 - negro",2879,2299,48,"S/.1500 -
 S/.2500",-0.20145884
2016,linio,sony,"sony - televisor led full hd 48"" smart kdl-48w655d - negro",2499,2119,48,"S/.1500 -
 S/.2500",-0.152060824
2016,linio,samsung,samsung - tv led smart curvo 3d full hd 48„¢‚Ä‚ù un48h8000 -negro.,4999,3999,48,"S/.3500 -
 S/.4500",-0.200040008
2016,linio,samsung,samsung smart tv full hd curvo 48''-plateado,2999,2599,48,"S/.2500 -
 S/.3500",-0.133377793
2016,linio,samsung,tv led samsung un48j5500ag smart full hd tizen 48'' negro/plateado,NA,2399,48,"S/.1500 -
 S/.2500",NA
2017,ripley,sony,SONY SMART TV LED FULL HD 48'' KDL-48W655D,2699,1699,48,"S/.1500 -
 S/.2500",-0.370507595
2017,ripley,samsung,SAMSUNG SMART TV FHD 48‚<U+0080>ù 48J5500,2499,1699,48,"S/.1500 -
 S/.2500",-0.320128051
2017,ripley,haier,HAIER TV FHD 48'' LE48M600,1499,999,48,"S/.500 -
 S/.1500",-0.333555704
2017,falabella,sony,"led 48"" fhd smart tv...",1699,1599,48,"S/.1500 -
 S/.2500",-0.058858152
2017,falabella,samsung,"led 48"" fhd smart tv...",2499,1799,48,"S/.1500 -
 S/.2500",-0.280112045
2017,linio,sony,"televisor sony - led full hd 48"" smart kdl-48w655d - negro",2400,2140,48,"S/.1500 -
 S/.2500",-0.108333333
2017,linio,samsung,samsung tv led smart full hd 48'' un48j5300 - negro,NA,2500,48,"S/.1500 -
 S/.2500",NA
2017,linio,samsung,tv led samsung un48j5500ag smart full hd tizen 48'' negro/plateado,2500,1699,48,"S/.1500 -
 S/.2500",-0.3204
2017,linio,samsung,"televisor smart samsung de 48"" modelo un48j5300 wi-fi directo",2200,1800,48,"S/.1500 -
 S/.2500",-0.181818182
2017,linio,sony,"tv led sony  smart kdl-48w655d full hd 48"" motion flow xr240 - negro",2199,1699,48,"S/.1500 -
 S/.2500",-0.22737608
2017,linio,samsung,televisor smart tv  samsung un48j5500 led 48'',2499,1589,48,"S/.1500 -
 S/.2500",-0.364145658
2017,linio,samsung,samsung led smart full hd 48'' - un48j6500,2999,2449,48,"S/.1500 -
 S/.2500",-0.183394465
2017,linio,samsung,samsung - smart tv un48j5300 led full hd 48'' - negro,NA,2499,48,"S/.1500 -
 S/.2500",NA
2017,linio,samsung,televisor samsung - tv led full hd 48'' 48j5000 - negro,1750,1480,48,"S/.500 -
 S/.1500",-0.154285714
2017,linio,samsung,televisor 4k samsung ultra hd 4k smart tizen 48'' un48ju6000,NA,2800,48,"S/.2500 -
 S/.3500",NA
2017,linio,samsung,"televisor samsung un48j6400 led full hd 48""smart tizen 3d 2015-negro",NA,2499,48,"S/.1500 -
 S/.2500",NA
2017,linio,sony,"sony - televisor led full hd 48"" smart kdl-48w655d - negro",2499,2119,48,"S/.1500 -
 S/.2500",-0.152060824
2017,linio,sony,"sony - televisor led full hd 48"" smart kdl-48w655d - negro",2499,2119,48,"S/.1500 -
 S/.2500",-0.152060824
2017,linio,NA,televisor smart tv bgh ble4815rtf led 48',1599,1259,48,"S/.500 -
 S/.1500",-0.212632896
2017,linio,samsung,samsung tv smart full hd curvo 48'' tizen un48j6500,2999,2449,48,"S/.1500 -
 S/.2500",-0.183394465
2017,linio,samsung,"samsung tv led 48"" smart quadcore - 48h5500",NA,1999,48,"S/.1500 -
 S/.2500",NA
2017,linio,sony,"sony tv led smart full hd 48"" motion flow xr240 kdl-48w655d",2199,1699,48,"S/.1500 -
 S/.2500",-0.22737608
2017,linio,sony,"sony - televisor led full hd 48"" smart kdl-48w655d - negro",2789,1899,48,"S/.1500 -
 S/.2500",-0.319110792
2017,linio,samsung,"samsung tv led smart 3d 48"" - un48h6400",NA,2799,48,"S/.2500 -
 S/.3500",NA
2017,linio,samsung,tv led samsung un48j5500ag smart full hd tizen 48'' negro/plateado,2399,1699,48,"S/.1500 -
 S/.2500",-0.291788245
2017,linio,samsung,samsung - tv led full hd 48'' 48j5000 - negro,1899,1589,48,"S/.1500 -
 S/.2500",-0.163243813
2017,linio,sony,"combo sony smart tv 48"" kdl-48w655d + minicomponente bluetooth nfc mhc-v6d",3099,2322,48,"S/.1500 -
 S/.2500",-0.250726041
2017,linio,sony,"sony smart tv 48"" hd kdl-48r555c",2199,1832,48,"S/.1500 -
 S/.2500",-0.166894043
2017,linio,olitec,"olitec televisor led full hd 48"" olivv1048a",1799,1159,48,"S/.500 -
 S/.1500",-0.355753196
2017,linio,samsung,"samsung tv led curvo smart 3d 48"" special edition - un48h6800ag",NA,3199,48,"S/.2500 -
 S/.3500",NA
2016,linio,lg,"lg tv led ultra-slim full hd 47"" - 47ly340c",1899,1595,47,"S/.1500 -
 S/.2500",-0.160084255
2017,linio,lg,"lg tv led ultra-slim full hd 47"" - 47ly340c",1699,1589,47,"S/.1500 -
 S/.2500",-0.064743967
2017,linio,lg,"lg tv led ultra-slim full hd 47"" - 47ly340c",1699,1589,47,"S/.1500 -
 S/.2500",-0.064743967
2017,linio,lg,"lg tv led 47"" smart wifi - 47lb5800",NA,1899,47,"S/.1500 -
 S/.2500",NA
2016,linio,samsung,samsung - televisor led 3d smarttv 46„Ç‚¥„Ç‚¥ un-46f8000.,4499,3799,46,"S/.3500 -
 S/.4500",-0.155590131
2017,linio,samsung,"samsung tv led led 46"" smart 3d c„°mara incorporada - 46f7500",NA,3499,46,"S/.2500 -
 S/.3500",NA
2016,ripley,lg,lg smart tv led 43'' full hd 43lh5700,1649,1249,43,"S/.500 -
 S/.1500",-0.242571255
2016,ripley,aoc,aoc tv led full hd 43'' f1361,NA,1199,43,"S/.500 -
 S/.1500",NA
2016,ripley,lg,lg tv led full hd 43'' 43lf5100,1399,1199,43,"S/.500 -
 S/.1500",-0.142959257
2016,ripley,lg,"lg tv full hd 43"" 43lh5100",1399,1299,43,"S/.500 -
 S/.1500",-0.071479628
2016,ripley,lg,"lg smart tv 43"" full hd web os 43lh6000",1699,1399,43,"S/.500 -
 S/.1500",-0.176574456
2016,ripley,lg,"lg smart tv led 43"" ultra hd tv 43uf6400",2499,1599,43,"S/.1500 -
 S/.2500",-0.360144058
2016,ripley,aoc,aoc smart tv led full hd 43'' le43f1761,1499,1299,43,"S/.500 -
 S/.1500",-0.133422282
2016,falabella,aoc,"led 43"" full hd smar...",1499,1299,43,"S/.500 -
 S/.1500",-0.133422282
2016,falabella,samsung,"led 43"" un43ju6000",2099,1599,43,"S/.1500 -
 S/.2500",-0.238208671
2016,falabella,lg,"led 43"" 43uf6400",2499,1699,43,"S/.1500 -
 S/.2500",-0.320128051
2016,falabella,lg,"led 43"" full hd smar...",1399,1299,43,"S/.500 -
 S/.1500",-0.071479628
2016,falabella,lg,"led 43"" ultra hd web...",2499,1699,43,"S/.1500 -
 S/.2500",-0.320128051
2016,falabella,lg,"led 43"" full hd smar...",1599,1399,43,"S/.500 -
 S/.1500",-0.125078174
2016,linio,samsung,tv samsung ultra hd 4k smart tizen  43''  un43ju6000 - negro,2299,1599,43,"S/.1500 -
 S/.2500",-0.304480209
2016,linio,lg,televisor lg led smart full hd 43'' 43lf6350,1999,1499,43,"S/.500 -
 S/.1500",-0.250125063
2016,linio,lg,"lg tv led 43""  full hd 43lf5410 -negro",1499,1299,43,"S/.500 -
 S/.1500",-0.133422282
2016,linio,lg,"lg tv smart webos 2.0 ultra hd  4k 43"" - 43uf6400",2299,1679,43,"S/.1500 -
 S/.2500",-0.269682471
2016,linio,lg,"lg tv smart webos 2.0 full hd 43"" 43lf5900 -negro",1999,1499,43,"S/.500 -
 S/.1500",-0.250125063
2016,linio,daewoo,televisor full hd daewoo l43r630akst led 43'',1299,1099,43,"S/.500 -
 S/.1500",-0.153964588
2016,linio,lg,"televisor lg led full hd 43"" 43lf5100-negro",1499,1249,43,"S/.500 -
 S/.1500",-0.166777852
2016,linio,panasonic,"televisor panasonictc-43cs630l led 43"" full hd smart - plateado",1899,1729,43,"S/.1500 -
 S/.2500",-0.0895208
2016,linio,aoc,"aoc - tv led 43"" le43f1361 - negro",1399,1199,43,"S/.500 -
 S/.1500",-0.142959257
2016,linio,lg,"lg gametv  led full hd 43"" - 43lf5400",1999,1462,43,"S/.500 -
 S/.1500",-0.268634317
2016,linio,lg,lg full hd smart tv webos 3.0 43'' 43lh6000,2299,1599,43,"S/.1500 -
 S/.2500",-0.304480209
2016,linio,samsung,"samsung tv smart  led full hd  43"" 43j5200-negro",1999,1399,43,"S/.500 -
 S/.1500",-0.300150075
2016,linio,lg,"televisor lg 43lf5900 smart webos 2.0 full hd 43""-negro",1799,1397,43,"S/.500 -
 S/.1500",-0.223457476
2016,linio,lg,"lg televisor led full hd smart 43"" 43lh5700",1499,1379,43,"S/.500 -
 S/.1500",-0.080053369
2016,linio,daewoo,daewoo tv led  full hd 43''l43r630aksp  - negro,1099,1059,43,"S/.500 -
 S/.1500",-0.036396724
2016,linio,aoc,"aoc - tv led smart 43"" le43f1761 - negro",1699,1499,43,"S/.500 -
 S/.1500",-0.117716304
2016,linio,lg,"tv lg 43lf5100 televisor led 43"" full hd negro",1499,1239,43,"S/.500 -
 S/.1500",-0.173448966
2017,ripley,lg,LG SMART TV 43'' UHD 43UH6030,2199,1449,43,"S/.500 -
 S/.1500",-0.34106412
2017,ripley,aoc,AOC SMART TV 43'' FHD LE43D5542,NA,1299,43,"S/.500 -
 S/.1500",NA
2017,ripley,aoc,AOC TV FHD 43'' LE43M3370,NA,1099,43,"S/.500 -
 S/.1500",NA
2017,ripley,lg,LG SMART TV FHD 43'' 43LH5700,1899,1499,43,"S/.500 -
 S/.1500",-0.210637177
2017,ripley,lg,"LG TV FHD 43"" LH5000",1499,1349,43,"S/.500 -
 S/.1500",-0.100066711
2017,ripley,lg,LG SMART TV FHD 43‚<U+0080>ù 43LH6000,2099,1499,43,"S/.500 -
 S/.1500",-0.285850405
2017,ripley,samsung,SAMSUNG SMART TV FHD 43'' 43J5200,1999,1399,43,"S/.500 -
 S/.1500",-0.300150075
2017,ripley,samsung,SAMSUNG SMART TV FHD 43'' 43J5200,1999,1399,43,"S/.500 -
 S/.1500",-0.300150075
2017,ripley,lg,"LG TV FHD 43"" 43LH5100",1499,1349,43,"S/.500 -
 S/.1500",-0.100066711
2017,ripley,aoc,AOC TV FHD 43'' F1361,1199,899,43,"S/.500 -
 S/.1500",-0.250208507
2017,falabella,lg,"led 43"" fhd smart tv...",1899,1299,43,"S/.500 -
 S/.1500",-0.315955766
2017,falabella,lg,"led 43"" fhd smart tv...",2099,1299,43,"S/.500 -
 S/.1500",-0.381133873
2017,falabella,aoc,"led 43"" fhd smart tv...",NA,1299,43,"S/.500 -
 S/.1500",NA
2017,linio,lg,"televisor lg 43lf5900 smart webos 2.0 full hd 43""-negro",1549.9,1388,43,"S/.500 -
 S/.1500",-0.104458352
2017,linio,samsung,"televisor tv smart samsung  43j5200 led 43""",1700,1349,43,"S/.500 -
 S/.1500",-0.206470588
2017,linio,nex,"smart t.v. nex 43"" - full hd ‚<U+0080><U+0093> negro",1399,996,43,"S/.500 -
 S/.1500",-0.288062902
2017,linio,lg,lg ultra hd 4k smart tv webos 3.0 led 43'' 43uh6100,1799,1649,43,"S/.1500 -
 S/.2500",-0.083379655
2017,linio,lg,"tv led lg 43uf6400 smart webos 2.0 ultra hd 4k 43"" - negro",1999,1779,43,"S/.1500 -
 S/.2500",-0.110055028
2017,linio,lg,televisor full hd smart tv webos 3.0 led 43'' 43lh6000 - lg - super oferta,2000,1479,43,"S/.500 -
 S/.1500",-0.2605
2017,linio,panasonic,"televisor - tc-43cs630l led 43"" full hd smart - plateado - panasonic",1899,1600,43,"S/.1500 -
 S/.2500",-0.15745129
2017,linio,lg,"televisor tv led full hd 43"" 43lh5100 - lg - modelo exclusivo",1699,1149,43,"S/.500 -
 S/.1500",-0.323719835
2017,linio,samsung,"samsung tv smart led full hd 43"" 43j5200 - negro",1999,1335,43,"S/.500 -
 S/.1500",-0.332166083
2017,linio,hyundai,hyundai ultra hd 4k smart tv tizen 43'' hyled435i4k - negro,1299,1079,43,"S/.500 -
 S/.1500",-0.169361047
2017,linio,nex,televisor lg smart full hd led 43'' 43lh5700 - conexi„<U+0093>n mediante wi-fi internet en tus manos,1700,1399,43,"S/.500 -
 S/.1500",-0.177058824
2017,linio,lg,televisor lg 43lh5730 full hd smart  43'' wifi  - negro,1499,1389,43,"S/.500 -
 S/.1500",-0.073382255
2017,linio,lg,"lg televisor led full hd smart 43"" 43lh5730",1499,1409,43,"S/.500 -
 S/.1500",-0.060040027
2017,linio,lg,"lg - televisor led ultra hd 4k 43"" smart 43uh6100 - negro",2189,1749,43,"S/.1500 -
 S/.2500",-0.201005025
2017,linio,daewoo,daewoo tv led  full hd 43''l43r630aksp  - negro,1099,1059,43,"S/.500 -
 S/.1500",-0.036396724
2017,linio,lg,"lg tv led full hd 43"" 43lh5000  + 01 memoria usb kingston de  8gb",1899,1379,43,"S/.500 -
 S/.1500",-0.273828331
2017,linio,lg,"lg - televisor led full hd 43"" smart 43lh5700 - negro",1879,1499,43,"S/.500 -
 S/.1500",-0.202235232
2017,linio,lg,"tv lg 43lf5100 televisor led 43"" full hd negro",NA,1499,43,"S/.500 -
 S/.1500",NA
2017,linio,lg,"lg tv led full hd 43"" 43lh5000 - negro",NA,1499,43,"S/.500 -
 S/.1500",NA
2017,linio,lg,lg smart tv full hd led 43'' 43lh5700,1999,1399,43,"S/.500 -
 S/.1500",-0.300150075
2017,linio,panasonic,"panasonic - televisor led full hd 43"" smart tc-43ds630l - gris",2149,1719,43,"S/.1500 -
 S/.2500",-0.200093067
2017,linio,lg,"tv lg 43lf5100 televisor led 43"" full hd negro",NA,1499,43,"S/.500 -
 S/.1500",NA
2017,linio,lg,"lg tv led full hd 43"" 43lw300c",NA,1499,43,"S/.500 -
 S/.1500",NA
2017,linio,lg,televisor lg 43lf5410 led full hd 43''-negro,NA,1599,43,"S/.1500 -
 S/.2500",NA
2017,linio,lg,"lg tv full hd 43"" 43lh5100",1499,1199,43,"S/.500 -
 S/.1500",-0.200133422
2017,linio,lg,"televisi„≥n smart tv lg webos 2.0 ultra hd 4k 43"" - 43uf6400",NA,2299,43,"S/.1500 -
 S/.2500",NA
2017,linio,lg,"lg tv smart webos 2.0 ultra hd  4k 43"" - 43uf6400",NA,2299,43,"S/.1500 -
 S/.2500",NA
2017,linio,lg,"lg tv full hd 43"" 43lh5100",NA,1499,43,"S/.500 -
 S/.1500",NA
2017,linio,lg,televisor lg gametv  led 43'-plateado,1999,1462,43,"S/.500 -
 S/.1500",-0.268634317
2017,linio,lg,"televisor lg 43lf5900 smart webos 2.0 full hd 43""-negro",NA,1799,43,"S/.1500 -
 S/.2500",NA
2017,linio,lg,televisor lg led smart full hd 43'' 43lf6350,2129,1699,43,"S/.1500 -
 S/.2500",-0.201972757
2017,linio,lg,"televisor lg led full hd 43"" 43lf5100 - negro",1399,1199,43,"S/.500 -
 S/.1500",-0.142959257
2017,linio,lg,"lg televisor led full hd smart 43"" 43lh5700",1499,1349,43,"S/.500 -
 S/.1500",-0.100066711
2017,linio,lg,lg full hd smart tv webos 3.0 43'' 43lh6000,1999,1499,43,"S/.500 -
 S/.1500",-0.250125063
2017,linio,lg,"lg - televisor led full hd 43"" 43lh5100 - negro",1679,1379,43,"S/.500 -
 S/.1500",-0.178677784
2017,linio,lg,"lg - televisor led full hd 43"" smart 43lh6000 - negro",1948,1559,43,"S/.1500 -
 S/.2500",-0.199691992
2017,linio,lg,"televisor lg 43lw300c, 43"" led full hd 43lw300c",NA,1334.4,43,"S/.500 -
 S/.1500",NA
2017,linio,aoc,"aoc smart tv 43"" fullhd wi-fi hdmi2 usb2 sintonizador digital - negro",NA,1699,43,"S/.1500 -
 S/.2500",NA
2017,linio,daewoo,"daewoo tv led full hd 43"" l43r630aksp 2hdmi 2usb pc sonidodolby dts - negro",NA,1599,43,"S/.1500 -
 S/.2500",NA
2017,linio,lg,tv led lg 43lw300c full hd 43''- negro,1299,1109,43,"S/.500 -
 S/.1500",-0.146266359
2017,linio,aoc,"aoc - tv led 43"" le43f1361 - negro",1399,799,43,"S/.500 -
 S/.1500",-0.42887777
2017,linio,samsung,"samsung tv smart led full hd 43"" 43j5200 - negro",1999,1227,43,"S/.500 -
 S/.1500",-0.386193097
2017,linio,lg,tv led lg 43lh5700 smart full hd led 43''- negro,1499,1299,43,"S/.500 -
 S/.1500",-0.133422282
2017,linio,lg,lg ultra hd 4k smart tv webos 3.0 led 43'' 43uh6100,2299,1499,43,"S/.500 -
 S/.1500",-0.347977381
2017,linio,lg,"lg tv led 43"" full hd 43lh5100",NA,1399,43,"S/.500 -
 S/.1500",NA
2017,linio,aoc,"aoc - tv led smart 43"" le43f1761 - negro",1699,1019,43,"S/.500 -
 S/.1500",-0.400235433
2017,linio,aoc,"aoc - tv led smart 43"" le43f1761 - negro",1699,1019,43,"S/.500 -
 S/.1500",-0.400235433
2017,linio,aoc,"aoc - tv led smart 43"" le43f1761 - negro",1699,899,43,"S/.500 -
 S/.1500",-0.470865215
2016,ripley,panasonic,panasonic tv led full hd 42'' tc-42as610,1899,999,42,"S/.500 -
 S/.1500",-0.473933649
2016,ripley,lg,"lg smart tv led 42"" fhd cinema 3d 42lf6450",2299,1699,42,"S/.1500 -
 S/.2500",-0.260983036
2016,ripley,lg,"lg smart tv 3d 42"" fhd 42lf6400",2299,1699,42,"S/.1500 -
 S/.2500",-0.260983036
2016,falabella,lg,"led 42"" 42lf6500",2299,1799,42,"S/.1500 -
 S/.2500",-0.217485863
2016,linio,lg,lg - tv led webos 3d smart full hd 42'' - 42lf6500 - incluye 4 lentes 3d,2299,1849,42,"S/.1500 -
 S/.2500",-0.195737277
2016,linio,lg,lg smart tv webos 2.0 3d full hd 42'' 42lf6450 - incluye 4 lentes 3d,2299,1499,42,"S/.500 -
 S/.1500",-0.347977381
2016,linio,lg,lg - tv led webos 3d smart full hd 42'' - 42lf6400,2299,1799,42,"S/.1500 -
 S/.2500",-0.217485863
2017,ripley,haier,HAIER TV FHD 42¬<U+0094> LE42B8000,1299,799,42,"S/.500 -
 S/.1500",-0.38491147
2017,ripley,haier,"HAIER SMART TV FHD 42"" LE42B8500DA",1499,999,42,"S/.500 -
 S/.1500",-0.333555704
2017,ripley,haier,HAIER TV FHD 42'' LE42B9000,NA,899,42,"S/.500 -
 S/.1500",NA
2017,linio,panasonic,panasonic - televisor tc-l42as610 led smart full hd 42‚<U+0080>ù- negro,1799,1549,42,"S/.1500 -
 S/.2500",-0.138966092
2017,linio,panasonic,panasonic tv led smart full hd 42'' - tc-l42as610,1699,1579,42,"S/.1500 -
 S/.2500",-0.070629782
2017,linio,lg,"lg tv smart led full hd 42"" - 42lf5850",1999,1649,42,"S/.1500 -
 S/.2500",-0.175087544
2017,linio,lg,lg smart tv webos 2.0 3d full hd 42'' 42lf6450,1999,1779,42,"S/.1500 -
 S/.2500",-0.110055028
2017,linio,lg,lg smart tv webos 2.0 3d full hd 42'' 42lf6450,1999,1779,42,"S/.1500 -
 S/.2500",-0.110055028
2017,linio,lg,"lg 42lb5800 tv led 42"" smart wi-fi",NA,1699,42,"S/.1500 -
 S/.2500",NA
2017,linio,lg,lg led full hd smart tv 42''42lf5850 - plateado,NA,1999,42,"S/.1500 -
 S/.2500",NA
2017,linio,jvc,"televisor jvc lt-42kb66, 42"", led fhdtv, slim bezel, isdb-t.",1588,1490,42,"S/.500 -
 S/.1500",-0.061712846
2017,linio,royal,royal tv led  hd 42'' ry-s42d - negro,1299,849,42,"S/.500 -
 S/.1500",-0.346420323
2017,linio,jvc,"televisor jvc  42"", led hd tv, slim bezel",NA,1339,42,"S/.500 -
 S/.1500",NA
2017,linio,panasonic,"panasonic led smart full hd 42"" - tc-l42as610",1939,1549,42,"S/.1500 -
 S/.2500",-0.201134605
2016,ripley,samsung,samsung smart tv led full hd 40'' 40j5500,2299,1399,40,"S/.500 -
 S/.1500",-0.391474554
2016,ripley,haier,"haier smart tv 40"" hd le40k5000n",1299,899,40,"S/.500 -
 S/.1500",-0.307929176
2016,ripley,sony,"sony tv led 40"" full hd kdl-40r355c",1699,1299,40,"S/.500 -
 S/.1500",-0.235432607
2016,ripley,lg,"lg smart tv web os 40"" full hd 40lf6350",2218,1399,40,"S/.500 -
 S/.1500",-0.369251578
2016,ripley,sony,"sony tv led 40"" smart full hd kdl-40r555c - negro",1699,1599,40,"S/.1500 -
 S/.2500",-0.058858152
2016,ripley,sony,sony smart tv led full hd 40'' kdl-40w655d,NA,1599,40,"S/.1500 -
 S/.2500",NA
2016,ripley,samsung,"samsung smart tv 40""Ä‚ù fhd 3d 40j6400",2299,1599,40,"S/.1500 -
 S/.2500",-0.304480209
2016,ripley,samsung,samsung smart tv led 40'' uhd 40ju6000,1999,1699,40,"S/.1500 -
 S/.2500",-0.150075038
2016,ripley,haier,"haier tv led le40b8000 full hd 40""",1099,799,40,"S/.500 -
 S/.1500",-0.272975432
2016,ripley,aoc,"aoc tv led 40"" full hd le40f1551",NA,999,40,"S/.500 -
 S/.1500",NA
2016,falabella,panasonic,"led 40"" smart tv tc-...",1699,1499,40,"S/.500 -
 S/.1500",-0.117716304
2016,falabella,lg,"led 40"" full hd smar...",1399,1199,40,"S/.500 -
 S/.1500",-0.142959257
2016,falabella,sony,"led 40"" kdl-40r555c",1699,1299,40,"S/.500 -
 S/.1500",-0.235432607
2016,falabella,samsung,"led 40"" 40j5500",1999,1399,40,"S/.500 -
 S/.1500",-0.300150075
2016,linio,panasonic,"panasonic tv led full hd 40"" tc-l40sv7l -negro",1799,1399,40,"S/.500 -
 S/.1500",-0.222345748
2016,linio,samsung,"samsung tv ultra hd smart tv 40""  un40ju6000 -negro",1999,1499,40,"S/.500 -
 S/.1500",-0.250125063
2016,linio,sony,"sony tv led smart full hd 40"" motion flow xr240 kdl-40w655d",1899,1499,40,"S/.500 -
 S/.1500",-0.210637177
2016,linio,lg,televisor lg led 4k smart ultra hd 40'' 40ub8000-negro,2299,1799,40,"S/.1500 -
 S/.2500",-0.217485863
2016,linio,lg,lg - reproductor blu-ray smart 3d bp640 - negro,629,419,40,< S/.500,-0.333863275
2016,linio,samsung,samsung tv led 3d smart full hd 40'' tizen un40j6400 - negro,2499,1569,40,"S/.1500 -
 S/.2500",-0.37214886
2016,linio,samsung,tv samsung fhd   40'' un43j5000 - negro,1599,1319,40,"S/.500 -
 S/.1500",-0.175109443
2016,linio,sony,sony tv led full hd 40'' - kdl-40r355c,1699,1299,40,"S/.500 -
 S/.1500",-0.235432607
2016,linio,samsung,televisor samsung led smart full hd 40'' un40j5500 - plateado,1999,1389,40,"S/.500 -
 S/.1500",-0.305152576
2016,linio,sony,"sony smart tv 40"" hd kdl-40r555c",2059,1649,40,"S/.1500 -
 S/.2500",-0.199125789
2016,linio,panasonic,"panasonic tv led 40""  tc40cs600 - negro",1499,1399,40,"S/.500 -
 S/.1500",-0.066711141
2016,linio,panasonic,televisor panasonic tvl led full hd 40''-negro,1869,1399,40,"S/.500 -
 S/.1500",-0.251471375
2016,linio,lg,"lg smart tv  webos 2.0 full hd 40"" - 40lf6350",1699,1377,40,"S/.500 -
 S/.1500",-0.189523249
2016,linio,daewoo,"televisor daewoo led 40"" l40r640ats - negro",1299,1099,40,"S/.500 -
 S/.1500",-0.153964588
2016,linio,panasonic,televisor panasonic tv led full hd 40''-negro,1699,1369,40,"S/.500 -
 S/.1500",-0.194231901
2016,linio,samsung,"samsung - monitor full hd 40"" md40c - negro",2999,2839,40,"S/.2500 -
 S/.3500",-0.053351117
2016,linio,panasonic,panasonic - tv led 40'' - tc-40a400l,NA,1399,40,"S/.500 -
 S/.1500",NA
2016,linio,panasonic,televisor panasonic tv led full hd 40''-negro,1499,1389,40,"S/.500 -
 S/.1500",-0.073382255
2016,linio,haier,"haier tv led full hd 40"" - le40b8000",1299,999,40,"S/.500 -
 S/.1500",-0.230946882
2016,linio,samsung,tv samsung fhd 40'' un43j5000-negro,1599,1399,40,"S/.500 -
 S/.1500",-0.125078174
2017,ripley,samsung,"SAMSUNG SMART TV UHD 40"" 40KU6000",2499,1599,40,"S/.1500 -
 S/.2500",-0.360144058
2017,ripley,sony,SONY SMART TV LED FULL HD 40'' KDL-40W655D,1899,1399,40,"S/.500 -
 S/.1500",-0.263296472
2017,ripley,samsung,SAMSUNG SMART TV FHD 40‚<U+0080>ù CURVO 40K6500,2199,1599,40,"S/.1500 -
 S/.2500",-0.272851296
2017,ripley,samsung,SAMSUNG SMART TV FHD 40‚<U+0080>ù 40J5500,2299,1399,40,"S/.500 -
 S/.1500",-0.391474554
2017,ripley,panasonic,"PANASONIC TV FHD 40"" D400",1599,999,40,"S/.500 -
 S/.1500",-0.375234522
2017,ripley,panasonic,PANASONIC SMART TV FHD 40'' TC-40DS600L,1799,1299,40,"S/.500 -
 S/.1500",-0.277932185
2017,ripley,panasonic,PANASONIC SMART TV UHD TC-40DX650,2599,1499,40,"S/.500 -
 S/.1500",-0.423239708
2017,ripley,sony,"SONY TV LED 40"" FULL HD KDL-40R355C",1699,1399,40,"S/.500 -
 S/.1500",-0.176574456
2017,ripley,haier,HAIER SMART TV FHD 40‚<U+0080>ù LE40K5000N,1299,999,40,"S/.500 -
 S/.1500",-0.230946882
2017,falabella,samsung,"led 40"" uhd smart tv...",2499,1599,40,"S/.1500 -
 S/.2500",-0.360144058
2017,falabella,samsung,"led 40"" fhd smart tv...",1999,1399,40,"S/.500 -
 S/.1500",-0.300150075
2017,falabella,samsung,"led 40"" fhd curvo sm...",1399,1299,40,"S/.500 -
 S/.1500",-0.071479628
2017,linio,samsung,televisor samsung un40j5500 led smart full hd 40'' - plateado,1599,1199,40,"S/.500 -
 S/.1500",-0.250156348
2017,linio,daewoo,"televisor daewoo l40s645ats led 40"" - negro",1099,769,40,"S/.500 -
 S/.1500",-0.300272975
2017,linio,samsung,samsung ultra hd 4k smart tv tizen 40'' un40ku6000 - negro,1750,1499,40,"S/.500 -
 S/.1500",-0.143428571
2017,linio,samsung,samsung ultra hd 4k smart tv tizen 40'' un40ku6000 - negro,2499,1385,40,"S/.500 -
 S/.1500",-0.445778311
2017,linio,samsung,"samsung led tv curvo smart full hd 40"" 40k6500 + usb 8gb",1799,1469,40,"S/.500 -
 S/.1500",-0.183435242
2017,linio,sony,"tv led sony  smart kdl-40w655d full hd 40"" motion flow xr240 - negro",1699,1379,40,"S/.500 -
 S/.1500",-0.188346086
2017,linio,sony,"televisor sony led smart full hd 40"" motion flow xr240 kdl-40w655d",1900,1620,40,"S/.1500 -
 S/.2500",-0.147368421
2017,linio,samsung,tv led samsung un40ku6000 ultra hd 4k smart tv tizen 40'' - negro.,1799,1449,40,"S/.500 -
 S/.1500",-0.194552529
2017,linio,lg,lg smart tv full hd 40'' 40lh5710,1899,1199,40,"S/.500 -
 S/.1500",-0.368615061
2017,linio,lg,lg full hd smart tvled 40'' 40lh5710,1399,1289,40,"S/.500 -
 S/.1500",-0.078627591
2017,linio,lg,televisor lg smart tv full hd led 40'' 40lh5710,1500,1279,40,"S/.500 -
 S/.1500",-0.147333333
2017,linio,samsung,televisor samsung led smart full hd 40'' un40j5500 - plateado,1999,1249,40,"S/.500 -
 S/.1500",-0.375187594
2017,linio,samsung,televisor samsung led smart full hd 40'' un40j5500,1800,1299,40,"S/.500 -
 S/.1500",-0.278333333
2017,linio,panasonic,panasonic - tv led 40'' modelo 2016 panasonic - tc-40a400l - negro,1330,1099,40,"S/.500 -
 S/.1500",-0.173684211
2017,linio,samsung,"televisor 4k samsung un40ju6000 led 40""-negro",1899,1599,40,"S/.1500 -
 S/.2500",-0.157977883
2017,linio,samsung,televisor samsung un40j6400 smart tv led 3d full hd 40''-negro,2499,1439,40,"S/.500 -
 S/.1500",-0.424169668
2017,linio,samsung,samsung tv un40j6400 led 3d smart full hd 40''- negro,1899,1419,40,"S/.500 -
 S/.1500",-0.252764613
2017,linio,panasonic,televisor panasonic tvl led full hd 40''-negro,1799,1399,40,"S/.500 -
 S/.1500",-0.222345748
2017,linio,panasonic,panasonic - televisi„≥n led full-hd 40'' tc-l40sv7l - negro,1939,1549,40,"S/.1500 -
 S/.2500",-0.201134605
2017,linio,samsung,"samsung - monitor full hd 40"" md40c - negro",2999,2839,40,"S/.2500 -
 S/.3500",-0.053351117
2017,linio,panasonic,"panasonic - televisor led full hd 40"" tc-40d400l - negro",1439,1149,40,"S/.500 -
 S/.1500",-0.201528839
2017,linio,sony,"sony tv led smart full hd 40"" motion flow xr240 kdl-40w655d.",1599,1349,40,"S/.500 -
 S/.1500",-0.156347717
2017,linio,panasonic,panasonic tv led smart full hd 40'' - tc-l40sv7l,1599,1429,40,"S/.500 -
 S/.1500",-0.106316448
2017,linio,samsung,"samsung - televisor led ultra hd smart 40"" un40ku6000 ‚<U+0080><U+0093> negro",2689,2149,40,"S/.1500 -
 S/.2500",-0.200818148
2017,linio,sony,sony tv led full hd 40'' - kdl-40r355c,1499,1389,40,"S/.500 -
 S/.1500",-0.073382255
2017,linio,samsung,samsung tv led smart full hd 40'' - un40h5103,NA,1999,40,"S/.1500 -
 S/.2500",NA
2017,linio,sony,sony tv led smart full hd 40'' - kdl-40w605b,NA,1899,40,"S/.1500 -
 S/.2500",NA
2017,linio,samsung,"samsung - televisor led full hd 40"" smart 3d un40j6400 - negro",2299,1839,40,"S/.1500 -
 S/.2500",-0.200086994
2017,linio,lg,"lg - televisor led full hd 40"" smart 40lh5710 - negro",1749,1399,40,"S/.500 -
 S/.1500",-0.200114351
2017,linio,panasonic,"panasonic - televisor led full hd 40"" smart tc-40ds600l - gris",1749,1399,40,"S/.500 -
 S/.1500",-0.200114351
2017,linio,panasonic,"panasonic - televisor led full hd 40"" smart tc-40cs600l - gris",1879,1499,40,"S/.500 -
 S/.1500",-0.202235232
2017,linio,panasonic,"panasonic - televisor led uhd 4k 40"" smart tc-40dx650w ‚<U+0080><U+0093> gris",2699,2149,40,"S/.1500 -
 S/.2500",-0.203779177
2017,linio,lg,"lg - televisor led full hd 40"" smart 40lh5710 - negro",1749,1399,40,"S/.500 -
 S/.1500",-0.200114351
2017,linio,samsung,televisor  smart tv  samsung un40ku6000 40‚<U+0080>ù,2499,1389,40,"S/.500 -
 S/.1500",-0.444177671
2017,linio,NA,"bolvo 40ch 7 ""hd a„©rea video diversidad fpv monitor de grabaci„≥n de v„≠deo con bater„≠a incorporada ((negro-lcd5802s))",580.16,435.12,40,< S/.500,-0.25
2017,linio,NA,"bolvo 40ch 7 ""hd a„©rea video diversidad fpv monitor de grabaci„≥n de v„≠deo con bater„≠a incorporada ((negro-lcd5800d))",434.55,325.91,40,< S/.500,-0.250005753
2017,linio,NA,"onebird 40ch 7 ""hd a„©rea video diversidad fpv monitor de grabaci„≥n de v„≠deo con bater„≠a incorporada ((negro-lcd5802s))",502.81,412.3,40,< S/.500,-0.180008353
2017,linio,NA,"onebird 40ch 7 ""hd a„©rea video diversidad fpv monitor de grabaci„≥n de v„≠deo con bater„≠a incorporada ((negro-lcd5802d))",600.43,492.35,40,< S/.500,-0.18000433
2017,linio,lg,"lg smart tv webos 2.0 full hd 40""-40lf6350",1599,1449,40,"S/.500 -
 S/.1500",-0.09380863
2017,linio,panasonic,"panasonic tv led 40""  tc40cs600 - negro",1699,1199,40,"S/.500 -
 S/.1500",-0.294290759
2017,linio,samsung,tv samsung fhd   40'' un43j5000 - negro,1599,1319,40,"S/.500 -
 S/.1500",-0.175109443
2017,linio,samsung,"samsung - televisor led 40"" ultra hd smart un40ju6000 - negro",2059,1649,40,"S/.1500 -
 S/.2500",-0.199125789
2017,linio,panasonic,panasonic - tv led 40'' - tc-40a400l,NA,1399,40,"S/.500 -
 S/.1500",NA
2017,linio,panasonic,televisor panasonic tv led full hd 40''-negro,1499,1389,40,"S/.500 -
 S/.1500",-0.073382255
2017,linio,samsung,"samsung un40jh5005 led full hd 40""  - negro gloss",NA,1399,40,"S/.500 -
 S/.1500",NA
2017,linio,panasonic,"panasonic - televisor led 40"" full hd - tc-l40sv7l",1939,1549,40,"S/.1500 -
 S/.2500",-0.201134605
2017,linio,samsung,"samsung led tv curvo smart full hd 40"" 40k6500",NA,2199,40,"S/.1500 -
 S/.2500",NA
2017,linio,sony,"sony - televisor led full hd 40"" smart kdl-40w655d - negro",2189,1599,40,"S/.1500 -
 S/.2500",-0.269529466
2017,linio,NA,"bolvo 40ch 7 ""hd a„©rea video diversidad fpv monitor de grabaci„≥n de v„≠deo con bater„≠a incorporada ((negro-lcd5802d))",692.81,519.6,40,"S/.500 -
 S/.1500",-0.250010825
2017,linio,NA,"onebird 40ch 7 ""hd a„©rea video diversidad fpv monitor de grabaci„≥n de v„≠deo con bater„≠a incorporada ((negro-lcd5800d))",376.61,308.82,40,< S/.500,-0.180000531
2017,linio,aoc,"tv led aoc le40f1351 40"" full hd - negro",1099,849,40,"S/.500 -
 S/.1500",-0.227479527
2017,linio,panasonic,"televisor panasonic tc-40cs600l full  hd 40"" smart- bluetooth  - negro",1699,1199,40,"S/.500 -
 S/.1500",-0.294290759
2017,linio,daewoo,"daewoo tv led full hd 40"" l43r630aksp 2hdmi 2usb pc sonidodolby dts - negro",1499,799,40,"S/.500 -
 S/.1500",-0.466977985
2017,linio,lg,tv led smart lg 40lh5710 full hd - negro,1499,1149,40,"S/.500 -
 S/.1500",-0.233488993
2017,linio,aoc,"televisor led aoc le40f1351 40"" full hd - negro",NA,999,40,"S/.500 -
 S/.1500",NA
2017,linio,sony,"combo sony  smart tv 40"" kdl-40w655d + minicomponente bluetooth nfc mhc-v6",2499,1911,40,"S/.1500 -
 S/.2500",-0.235294118
2017,linio,hyundai,televisor 40 full hd  - hyled401a-hyundai +usb 8gb,1099,849,40,"S/.500 -
 S/.1500",-0.227479527
2017,linio,lg,"lg tv led smart 40"" full hd 40lh5710",NA,1999,40,"S/.1500 -
 S/.2500",NA
2017,linio,sony,"televisi„≥n sony  led full hd 40"" kdl-40r355c",1299,1149,40,"S/.500 -
 S/.1500",-0.115473441
2016,linio,blackline,blackline - tv led hd 39'' bl390led - negro,1099,799,39,"S/.500 -
 S/.1500",-0.272975432
2017,ripley,aoc,AOC TV HD 39'' LE39M1365,NA,749,39,"S/.500 -
 S/.1500",NA
2017,linio,aoc,tv led  aoc  39'' le39m1365 hd digital - negro,899,749,39,"S/.500 -
 S/.1500",-0.166852058
2017,linio,aoc,tv led aoc 39'' le39m1365 hd digital ‚<U+0080><U+0093> negro,929,791,39,"S/.500 -
 S/.1500",-0.148546825
2017,linio,aoc,televisor aoc led 39'' -le39m1365 hd digital +rack fijo,1199,829,39,"S/.500 -
 S/.1500",-0.308590492
2017,linio,jvc,"televisor jvc  39"" led hdtv lt-39kb35",999,899,39,"S/.500 -
 S/.1500",-0.1001001
2017,linio,blackline,blackline - tv led hd 39'' bl390led  2usb 2hdmi sonido stereo conexionpc - negro,NA,1399,39,"S/.500 -
 S/.1500",NA
2017,linio,aoc,televisor led 39 pulgadas + marca aoc + high definition +,NA,999,39,"S/.500 -
 S/.1500",NA
2016,ripley,samsung,samsung tv led hd 32'' 32j4000,999,799,32,"S/.500 -
 S/.1500",-0.2002002
2016,ripley,samsung,"samsung smart tv led hd 32"" 32j4300",1299,899,32,"S/.500 -
 S/.1500",-0.307929176
2016,ripley,lg,"lg tv 32"" hd 32lf550b",999,699,32,"S/.500 -
 S/.1500",-0.3003003
2016,ripley,haier,haier smart tv  32'' le32k5000n,999,699,32,"S/.500 -
 S/.1500",-0.3003003
2016,ripley,sony,"sony tv led 32"" hd 32r305c",1199,899,32,"S/.500 -
 S/.1500",-0.250208507
2016,ripley,haier,haier tv led hd 32'' le32b7000,699,649,32,"S/.500 -
 S/.1500",-0.071530758
2016,ripley,aoc,aoc tv led hd 32'' le32w454f,799,699,32,"S/.500 -
 S/.1500",-0.125156446
2016,ripley,lg,lg tv led hd 32'' 32lf510b,999,779,32,"S/.500 -
 S/.1500",-0.22022022
2016,ripley,aoc,"aoc tv led 32"" hd le32h1352",799,699,32,"S/.500 -
 S/.1500",-0.125156446
2016,ripley,panasonic,panasonic tv led hd 32'' tc-32a400l,999,899,32,"S/.500 -
 S/.1500",-0.1001001
2016,ripley,aoc,aoc tv led hd 32'' le32w354f,799,699,32,"S/.500 -
 S/.1500",-0.125156446
2016,falabella,samsung,"led 32"" 32j4300",1299,899,32,"S/.500 -
 S/.1500",-0.307929176
2016,linio,aoc,televisor aoc led 32'' -le32h1352,899,649,32,"S/.500 -
 S/.1500",-0.278086763
2016,linio,panasonic,panasonic tv led hd 32'' - tc-32c400l,999,789,32,"S/.500 -
 S/.1500",-0.21021021
2016,linio,aoc,"tv led aoc le32w354f led hd 32""  - negro",899,689,32,"S/.500 -
 S/.1500",-0.233592881
2016,linio,panasonic,tv led panasonic tc-32as600l smart wifi bluetooth negro,1199,949,32,"S/.500 -
 S/.1500",-0.208507089
2016,linio,lg,"lg - televisor led 32"" hd 32lf550b",1299,857,32,"S/.500 -
 S/.1500",-0.34026174
2016,linio,nex,"televisor led 32"" hd nex le3208tva-negro",799,597,32,"S/.500 -
 S/.1500",-0.25281602
2016,linio,lg,"lg smart tv 32"" hd webos 2.0 32lf595b",1099,939,32,"S/.500 -
 S/.1500",-0.145586897
2016,linio,panasonic,"panasonic - tv led 32"" full  hd tc32as600hl smart tv - negro",1099,999,32,"S/.500 -
 S/.1500",-0.090991811
2016,linio,sony,"sony tv led hd 32"" kdl-32r305c",1199,899,32,"S/.500 -
 S/.1500",-0.250208507
2016,linio,lg,lg - tv led hd 32'' 32lx330,999,849,32,"S/.500 -
 S/.1500",-0.15015015
2016,linio,samsung,samsung tv led hd 32'' un32j4000 - negro,999,769,32,"S/.500 -
 S/.1500",-0.23023023
2016,linio,sony,sony tv led 32'' smart hd - 32r505c,1299,1189,32,"S/.500 -
 S/.1500",-0.084680523
2016,linio,daewoo,"daewoo - tv led 32"" l32r640ats - negro",899,709,32,"S/.500 -
 S/.1500",-0.21134594
2016,linio,sony,"sony tv led smart hd 32"" motion flow xr240 kdl-32w605d",1399,1199,32,"S/.500 -
 S/.1500",-0.142959257
2016,linio,nex,"nex - televisor led 32"" hd le3208tva - negro",699,597,32,"S/.500 -
 S/.1500",-0.145922747
2016,linio,sony,"sony smart tv 32"" hd kdl-32r505c - negro",1499,1249,32,"S/.500 -
 S/.1500",-0.166777852
2016,linio,panasonic,led panasonic tc-32a400l  high definition black,1099,799,32,"S/.500 -
 S/.1500",-0.272975432
2016,linio,lg,"lg tv led hd 32"" - 32lf550b",1099,899,32,"S/.500 -
 S/.1500",-0.181983621
2016,linio,lg,tv led lg  32lx330c funcion hotelera hd -plomo,999,819,32,"S/.500 -
 S/.1500",-0.18018018
2016,linio,samsung,samsung tv led smart hd 32'' un32j4300 - negro.,999,899.99,32,"S/.500 -
 S/.1500",-0.099109109
2016,linio,sony,"tv led sony 32"" kdl-32r305c led hd 720px - negro",1199,899,32,"S/.500 -
 S/.1500",-0.250208507
2016,linio,lg,"television lg 32lf510b led tv 32""-negro",999,799,32,"S/.500 -
 S/.1500",-0.2002002
2016,linio,nex,"nex - televisor led 32"" hd le3208tva - negro",879,699,32,"S/.500 -
 S/.1500",-0.204778157
2016,linio,aoc,televisor aoc led hd 32'' le32w354f - negro,899,799,32,"S/.500 -
 S/.1500",-0.111234705
2016,linio,daewoo,televisor daewoo led hd 32'' - l32q530aks,899,799,32,"S/.500 -
 S/.1500",-0.111234705
2016,linio,sony,"sony - televisor led 32"" hd kdl-32r305c - negro",1159,929,32,"S/.500 -
 S/.1500",-0.198446937
2016,linio,lg,televisor lg led hd 32'' 32lx330,999,899,32,"S/.500 -
 S/.1500",-0.1001001
2016,linio,samsung,"samsung - monitor led 32"" md32c - negro",2299,1959,32,"S/.1500 -
 S/.2500",-0.147890387
2016,linio,daewoo,"daewoo - tv led 32"" l32r640ats - negro..",999,679,32,"S/.500 -
 S/.1500",-0.32032032
2016,linio,daewoo,"daewoo - tv led 32"" l32r640ats - negro",899,799,32,"S/.500 -
 S/.1500",-0.111234705
2016,linio,lg,lg tv led hd 32'' 32lx300c,999,799,32,"S/.500 -
 S/.1500",-0.2002002
2016,linio,daewoo,"televisor daewoo led 32"" l32r640ats - negro",999,699,32,"S/.500 -
 S/.1500",-0.3003003
2016,linio,samsung,samsung tv led smart hd 32'' un32j4300 - negro.,1299,849,32,"S/.500 -
 S/.1500",-0.346420323
2016,linio,hisense,"televisor hd hisense 32d36 lcd 32""",999,799,32,"S/.500 -
 S/.1500",-0.2002002
2016,linio,miray,"televisor hd miray ledom-324is led„Ç‚† 32""",999,799,32,"S/.500 -
 S/.1500",-0.2002002
2016,linio,panasonic,led panasonic tc-32a400l high definition black,1099,797,32,"S/.500 -
 S/.1500",-0.274795268
2016,linio,daewoo,"televisor hd daewoo l32r630aksp led 32""",999,759,32,"S/.500 -
 S/.1500",-0.24024024
2016,linio,aoc,televisor aoc led 32'' -le32h1352,899,697,32,"S/.500 -
 S/.1500",-0.224694105
2016,linio,daewoo,"tv led daewoo 32"" l32r630aksp hd 720p- negro",NA,899,32,"S/.500 -
 S/.1500",NA
2016,linio,sony,"sony tv led hd 32"" kdl-32r305c -negro",NA,999,32,"S/.500 -
 S/.1500",NA
2017,ripley,aoc,AOC SMART TV 32'' HD LE32D5542,NA,799,32,"S/.500 -
 S/.1500",NA
2017,ripley,aoc,"AOC TV HD 32"" LE32H1352",799,699,32,"S/.500 -
 S/.1500",-0.125156446
2017,ripley,sony,SONY SMART TV LED HD 32'' KDL-32W605D,1399,1099,32,"S/.500 -
 S/.1500",-0.214438885
2017,ripley,samsung,SAMSUNG TV HD 32‚<U+0080>ù 32J4000,999,899,32,"S/.500 -
 S/.1500",-0.1001001
2017,ripley,samsung,SAMSUNG SMART TV HD 32‚<U+0080>ù 32J4300,1299,999,32,"S/.500 -
 S/.1500",-0.230946882
2017,ripley,lg,"LG TV HD 32"" 32LH510B",899,849,32,"S/.500 -
 S/.1500",-0.055617353
2017,ripley,lg,"LG TV HD 32"" LH500B",899,849,32,"S/.500 -
 S/.1500",-0.055617353
2017,ripley,panasonic,PANASONIC TV HD 32‚<U+0080>ù TC-32A400L,999,799,32,"S/.500 -
 S/.1500",-0.2002002
2017,ripley,lg,LG SMART TV HD 32'' 32LH570B,1299,999,32,"S/.500 -
 S/.1500",-0.230946882
2017,ripley,sony,SONY TV HD 32¬<U+0094> 32R305C,1199,999,32,"S/.500 -
 S/.1500",-0.166805671
2017,ripley,panasonic,"PANASONIC SMART TV FHD 32"" TC-32DS600",1299,899,32,"S/.500 -
 S/.1500",-0.307929176
2017,ripley,lg,"LG SMART TV HD 32"" 32LF595B",1199,799,32,"S/.500 -
 S/.1500",-0.333611343
2017,ripley,haier,"HAIER SMART TV HD 32"" LE32B7200A",NA,799,32,"S/.500 -
 S/.1500",NA
2017,ripley,haier,HAIER TV HD 32'' LE32F2000,799,449,32,< S/.500,-0.438047559
2017,ripley,haier,HAIER SMART TV HD 32'' LE32K5000N,999,599,32,"S/.500 -
 S/.1500",-0.4004004
2017,ripley,aoc,AOC TV 32'' HD LE32M3370,NA,699,32,"S/.500 -
 S/.1500",NA
2017,ripley,haier,HAIER TV HD 32'' LE32B9000,NA,499,32,< S/.500,NA
2017,falabella,lg,"led 32"" hd smart tv ...",1299,899,32,"S/.500 -
 S/.1500",-0.307929176
2017,falabella,hyundai,"led 32"" hd smart tv ...",779,699,32,"S/.500 -
 S/.1500",-0.102695764
2017,falabella,samsung,"led 32"" hd smart tv ...",1299,949,32,"S/.500 -
 S/.1500",-0.269438029
2017,falabella,aoc,"led 32"" hd smart tv ...",NA,799,32,"S/.500 -
 S/.1500",NA
2017,linio,aoc,aoc smart tv 32'' hd le32d5542  + rack - negro,999,699,32,"S/.500 -
 S/.1500",-0.3003003
2017,linio,aoc,televisor aoc led 32'' - full hd - le32h1352 - aoc - version 2017 con se„<U+0091>al digital,899,600,32,"S/.500 -
 S/.1500",-0.332591769
2017,linio,panasonic,"televisor smart panasonic de 32"" modelo tc-32ds600l wi-fi directo nueva linea 2016",1320,889,32,"S/.500 -
 S/.1500",-0.326515152
2017,linio,samsung,samsung tv led smart hd 32'' un32j4300 - negro.,1100,910,32,"S/.500 -
 S/.1500",-0.172727273
2017,linio,samsung,"samsung - televisor led hd 32"" smart un32j4300 - negro",1299,899,32,"S/.500 -
 S/.1500",-0.307929176
2017,linio,samsung,samsung tv led smart hd 32'' un32j4300 - negro,1099,849,32,"S/.500 -
 S/.1500",-0.227479527
2017,linio,sony,"televisor sony led smart hd 32"" motion flow xr240 kdl-32w605d",1400,1110,32,"S/.500 -
 S/.1500",-0.207142857
2017,linio,samsung,samsung tv led hd 32'' un32j4000 - negro,900,749,32,"S/.500 -
 S/.1500",-0.167777778
2017,linio,lg,lg smart tv full hd led 32'' 32lh573b - negro,980,889,32,"S/.500 -
 S/.1500",-0.092857143
2017,linio,aoc,"televisor aoc le32h1352 tv led hd 32"" - negro",899,589,32,"S/.500 -
 S/.1500",-0.344827586
2017,linio,aoc,aoc tv hd smart led 32‚<U+0080><U+009C> le32d5542 gratis rack fijo,799,789,32,"S/.500 -
 S/.1500",-0.012515645
2017,linio,lg,"televisor lg 32lf595b smart tv 32"" hd webos 2.0-negro",1199,919,32,"S/.500 -
 S/.1500",-0.23352794
2017,linio,lg,"lg - televisor led hd 32"" smart 32lh570 - negro",1379,1099,32,"S/.500 -
 S/.1500",-0.203045685
2017,linio,lg,"lg - televisor led hd 32"" 32lh510b - negro modelo 2016 exclusivo de lg",1000,749,32,"S/.500 -
 S/.1500",-0.251
2017,linio,NA,"televisor exclusivo para hoteles marca nadal modelo fhd-r32 led 32"" full hd - negro dise„<U+0091>ado en usa",720,559,32,"S/.500 -
 S/.1500",-0.223611111
2017,linio,panasonic,tv led panasonic tc-32as600l smart wifi bluetooth negro,1199,849,32,"S/.500 -
 S/.1500",-0.291909925
2017,linio,lg,"televisor lg 32lf595b smart tv 32"" hd webos 2.0-negro",1200,1049,32,"S/.500 -
 S/.1500",-0.125833333
2017,linio,panasonic,tv led panasonic tc-32as600l smart wifi bluetooth negro,1099,999,32,"S/.500 -
 S/.1500",-0.090991811
2017,linio,aoc,"televisor aoc le32h1352 tv led hd 32"" - negro",899,589,32,"S/.500 -
 S/.1500",-0.344827586
2017,linio,sony,"tv led sony kdl-32w605d smart hd 32"" motion flow xr240 - negro",1199,1029,32,"S/.500 -
 S/.1500",-0.141784821
2017,linio,lg,"lg tv led full hd 32"" 32lh5000 - negro",890,749,32,"S/.500 -
 S/.1500",-0.158426966
2017,linio,daewoo,"tv led  daewoo l32r630bksp led hd 32"" sintonizador digital 720p - negro",799,649,32,"S/.500 -
 S/.1500",-0.187734668
2017,linio,panasonic,"panasonic - televisor led hd 32"" smart tc-32ds600l - gris",1320,837,32,"S/.500 -
 S/.1500",-0.365909091
2017,linio,nex,"televisor led 32"" hd nex celed3208tva-negro",750,569,32,"S/.500 -
 S/.1500",-0.241333333
2017,linio,daewoo,"daewoo tv led 32"" hd - hdmi - usb - negro",899,647,32,"S/.500 -
 S/.1500",-0.280311457
2017,linio,aoc,"tv led aoc le32m3370 hd 32"" - negro",699,589,32,"S/.500 -
 S/.1500",-0.157367668
2017,linio,samsung,"televisi„≥n samsung un32j4000 32"" led hd - negro",999,719,32,"S/.500 -
 S/.1500",-0.28028028
2017,linio,panasonic,panasonic tv led 32'' - tc-32c400l,900,718,32,"S/.500 -
 S/.1500",-0.202222222
2017,linio,lg,lg smart tv full hd led 32'' 32lh573b - negro,1199,948,32,"S/.500 -
 S/.1500",-0.209341118
2017,linio,panasonic,panasonic tv led  32'' - tc-32c400l,999,695,32,"S/.500 -
 S/.1500",-0.304304304
2017,linio,panasonic,"panasonic - televisor led hd 32"" smart tc-32ds600l - gris",1229,979,32,"S/.500 -
 S/.1500",-0.203417413
2017,linio,nex,"nex - televisor led 32"" hd le3208tva - negro",879,699,32,"S/.500 -
 S/.1500",-0.204778157
2017,linio,lg,"televisor led  lg 32"" hd 32lf550b",NA,1200,32,"S/.500 -
 S/.1500",NA
2017,linio,panasonic,"panasonic - televisor led hd 32"" tc-32c400l - negro",1079,849,32,"S/.500 -
 S/.1500",-0.213160334
2017,linio,lg,"lg - televisor led hd 32"" 32lf510b - negro",1129,899,32,"S/.500 -
 S/.1500",-0.203720106
2017,linio,panasonic,"panasonic - televisor led hd 32"" tc-32c400l tv digital usb - negro",999,696,32,"S/.500 -
 S/.1500",-0.303303303
2017,linio,sony,"sony - televisor led 32"" hd kdl-32r305c - negro",1239,989,32,"S/.500 -
 S/.1500",-0.201775626
2017,linio,nex,"nex - televisor led 32"" hd le3209tva - negro",799,557,32,"S/.500 -
 S/.1500",-0.302878598
2017,linio,lg,"lg tv led hd 32"" 32lw300c",NA,899,32,"S/.500 -
 S/.1500",NA
2017,linio,samsung,samsung tv led smart hd 32'' un32j4300 - negro,NA,899,32,"S/.500 -
 S/.1500",NA
2017,linio,samsung,smart tv samsung 32'' un32j4300 hd digital ‚<U+0080><U+0093> negro,1299,893,32,"S/.500 -
 S/.1500",-0.312548114
2017,linio,daewoo,"daewoo - tv led 32"" l32r640ats - negro",899,709,32,"S/.500 -
 S/.1500",-0.21134594
2017,linio,lg,tv led smart lg 32lh570b  hd - negro,999,889,32,"S/.500 -
 S/.1500",-0.11011011
2017,linio,sony,"sony tv led smart hd 32"" motion flow xr240 kdl-32w605d",1199,1114,32,"S/.500 -
 S/.1500",-0.07089241
2017,linio,jvc,"televisor jvc lt-32kb45, 32"", hdtv, smart tv, android 4.4.",990,895,32,"S/.500 -
 S/.1500",-0.095959596
2017,linio,samsung,smart tv samsung 32 led hd j4300 wifi / hdmi / usb / netflix,895,883,32,"S/.500 -
 S/.1500",-0.013407821
2017,linio,lg,"lg tv led full hd 32"" 32lh500 - negro + usb 8gb",999,869,32,"S/.500 -
 S/.1500",-0.13013013
2017,linio,nex,"nex - televisor led 32"" hd le3208tva - negro",699,597,32,"S/.500 -
 S/.1500",-0.145922747
2017,linio,NA,"televisor nadal led 32"" full hd - negro",699,549,32,"S/.500 -
 S/.1500",-0.214592275
2017,linio,nex,"nex televisor led hd 32"" led3208smr smart tv",NA,999,32,"S/.500 -
 S/.1500",NA
2017,linio,panasonic,panasonic tv led  32'' - tc-32a400l,NA,999,32,"S/.500 -
 S/.1500",NA
2017,linio,lg,"televisor lg 32lf550b hd led 32""",1089,880,32,"S/.500 -
 S/.1500",-0.191919192
2017,linio,sony,"televisor sony kdl-32r505c led 32""  - negro",1429,1139,32,"S/.500 -
 S/.1500",-0.202939118
2017,linio,panasonic,led panasonic tc-32a400l  high definition black,1099,727,32,"S/.500 -
 S/.1500",-0.338489536
2017,linio,samsung,samsung tv led  hd 32'' un32j4000ag  series4  - negro,NA,1499,32,"S/.500 -
 S/.1500",NA
2017,linio,panasonic,led panasonic tc-32a400l  high definition black,1099,727,32,"S/.500 -
 S/.1500",-0.338489536
2017,linio,NA,ditter u32 android 5.1 google tv player w/ descodificaci„≥n de v„≠deo h.265,442,221,32,< S/.500,-0.5
2017,linio,lg,"televisor lg 32lh500b tv led 32"" hd negro",899,769,32,"S/.500 -
 S/.1500",-0.144605117
2017,linio,lg,"televisor lg 32lw300c, 32"" led, hd, 1366 x 768.",1560,1145,32,"S/.500 -
 S/.1500",-0.266025641
2017,linio,lg,"lg tv led hd 32""  32lh500 - negro",NA,899,32,"S/.500 -
 S/.1500",NA
2017,linio,altron,"altron - televisor led altron 32"" con sintonizador digital hd  - negro",NA,899,32,"S/.500 -
 S/.1500",NA
2017,linio,royal,royal tv led hd 32'' ry-s32d - negro.,NA,999,32,"S/.500 -
 S/.1500",NA
2017,linio,royal,royal tv led smart hd 32'' un32j4300 - negro,NA,1299,32,"S/.500 -
 S/.1500",NA
2017,linio,sony,"sony - televisor led 32"" smart hd kdl-32w605d - gris",1629,1199,32,"S/.500 -
 S/.1500",-0.263965623
2017,linio,lg,"televisor lg 32"" led, hd 32lw340c, 1366 x 768",1130,1115,32,"S/.500 -
 S/.1500",-0.013274336
2017,linio,lg,"tv led lg 32lx300c televisor led 32"" hd negro",NA,899,32,"S/.500 -
 S/.1500",NA
2017,linio,panasonic,panasonic tv led 32'' - tc-32a400l,899,749.99,32,"S/.500 -
 S/.1500",-0.165750834
2017,linio,daewoo,"daewoo - tv led 32"" l32r640ats - negro..",899,799,32,"S/.500 -
 S/.1500",-0.111234705
2017,linio,samsung,samsung tv led smart hd 32'' un32j4300 - negro,NA,1369,32,"S/.500 -
 S/.1500",NA
2017,linio,daewoo,"televisor hd daewoo l32r640ats led 32"" - negro",NA,999,32,"S/.500 -
 S/.1500",NA
2017,linio,lg,lg - tv led 32‚¥‚¥ 32lb550b,899,819,32,"S/.500 -
 S/.1500",-0.088987764
2017,linio,samsung,"televisi„≥n samsung un32j4300 led smart 32""-negro",1299,875,32,"S/.500 -
 S/.1500",-0.326404927
2017,linio,aoc,televisor aoc led 32'' -le32h1352,899,627,32,"S/.500 -
 S/.1500",-0.302558398
2017,linio,lg,"tv lg 32lf510b led tv 32""-negro",1199,799,32,"S/.500 -
 S/.1500",-0.333611343
2017,linio,haier,haier tv hd 32'' le32f2000,899,609,32,"S/.500 -
 S/.1500",-0.322580645
2017,linio,nex,"nex - televisor led 32"" hd le3209tva - negro",899,719,32,"S/.500 -
 S/.1500",-0.200222469
2017,linio,samsung,tv samsung 32'' un32j4000 hd ‚<U+0080><U+0093> negro,1099,699,32,"S/.500 -
 S/.1500",-0.363967243
2017,linio,panasonic,panasonic tv led hd 32'' - tc-32c400l,NA,999,32,"S/.500 -
 S/.1500",NA
2017,linio,lg,tv led smart lg 32lh570b hd - negro,1099,889,32,"S/.500 -
 S/.1500",-0.191082803
2017,linio,sony,"sony tv led hd 32"" kdl-32r305c -negro",999,799,32,"S/.500 -
 S/.1500",-0.2002002
2017,linio,lg,"televisor 32"" led hd lg 32lw340c",1017.1,999,32,"S/.500 -
 S/.1500",-0.017795694
2017,linio,NA,"televisor 32"" led wide hd advance 32l91f",NA,738.5,32,"S/.500 -
 S/.1500",NA
2017,linio,sony,sony bravia tv led full hd de 32‚¥‚¥ - kdl-32ex525,NA,1799,32,"S/.1500 -
 S/.2500",NA
2017,linio,daewoo,"tv daewoo l32r640ats led 32"" hd negro",899,599,32,"S/.500 -
 S/.1500",-0.333704116
2017,linio,jvc,"smart tv 32"" jvc hd con android lt-32kb45",999,849,32,"S/.500 -
 S/.1500",-0.15015015
2017,linio,aoc,led aoc 32'' le32h1352 hd sintonizador tv-digital usb 2hdmi ‚<U+0080><U+0093> negro,899,593,32,"S/.500 -
 S/.1500",-0.340378198
2017,linio,lg,"television lg 32lf510b led tv 32""-negro",1099,839,32,"S/.500 -
 S/.1500",-0.236578708
2017,linio,panasonic,"smart tv led panasonic 32"" tc-32as600l - wi-fi bluetooth",1200,888,32,"S/.500 -
 S/.1500",-0.26
2017,linio,lg,televisor smart tv led 32'' full hd 32lh570b - lg -,NA,1200,32,"S/.500 -
 S/.1500",NA
2017,linio,lg,tv led lg  32lx330c funcion hotelera hd -plomo,999,779,32,"S/.500 -
 S/.1500",-0.22022022
2017,linio,daewoo,"tv daewoo - tv led hd 32"" l32r640ats - color negro",900,585,32,"S/.500 -
 S/.1500",-0.35
2017,linio,imaco,tv led imaco led32hd tv-monitor hd 32'' - negro.,749,559,32,"S/.500 -
 S/.1500",-0.253671562
2017,linio,aoc,"tv led aoc le32w354f led hd 32""  - negro",899,689,32,"S/.500 -
 S/.1500",-0.233592881
2017,linio,aoc,"aoc - tv led hd 32"" le32w454f",799,695,32,"S/.500 -
 S/.1500",-0.130162703
2017,linio,haier,"haier tv led hd 32f2000 32""",NA,799,32,"S/.500 -
 S/.1500",NA
2017,linio,aoc,"aoc - tv led 32"" le32h1352-negro",899,559,32,"S/.500 -
 S/.1500",-0.378197998
2017,linio,panasonic,"panasonic - tv led 32"" full  hd tc32as600hl smart tv - negro",NA,1099,32,"S/.500 -
 S/.1500",NA
2017,linio,nex,"nex tv led smart hd 32""  led3215smr",999,699,32,"S/.500 -
 S/.1500",-0.3003003
2017,linio,lg,lg tv led hd 32'' 32lx300c,899,749,32,"S/.500 -
 S/.1500",-0.166852058
2017,linio,nex,"televisor led 32"" hd nex le3208tva-negro",NA,799,32,"S/.500 -
 S/.1500",NA
2016,ripley,haier,"haier televisor led 28"" hd le28f6600",599,499,28,< S/.500,-0.166944908
2016,linio,lg,"lg - monitor tv 28"" 28mt47a - negro",999,699,28,"S/.500 -
 S/.1500",-0.3003003
2016,linio,blackline,blackline - tv led hd 28'' bl280led  sonido stereo,899,619,28,"S/.500 -
 S/.1500",-0.311457175
2016,linio,haier,"haier - tv led digital hd 28"" le28f660028-negro",899,699,28,"S/.500 -
 S/.1500",-0.22246941
2017,ripley,haier,HAIER TV HD 28‚<U+0080>ù LE28F6600,599,449,28,< S/.500,-0.250417362
2017,linio,imaco,tv imaco led28hd led monitor hd 28'' - negro,599,479,28,< S/.500,-0.20033389
2017,linio,miray,"miray televisor led hd 28""sintonizador digital  ledm2802is-negro",699,559,28,"S/.500 -
 S/.1500",-0.200286123
2017,linio,blackline,blackline - tv led hd 28'' bl280led  sonido stereo,899,619,28,"S/.500 -
 S/.1500",-0.311457175
2017,linio,lg,lg monitor 27.5‚<U+0080><U+0099>‚<U+0080><U+0099> - 28mt45b,899,699,27,"S/.500 -
 S/.1500",-0.22246941
2017,linio,NA,"negro articulador giratorio led tv lcd soportes de pared soporte de metal de 10 ""~ 26""",108,75,26,< S/.500,-0.305555556
2016,ripley,haier,"haier tv le24b8000 led hd 24"" - negro",499,399,24,< S/.500,-0.200400802
2016,linio,imaco,imaco tv led monitor hd 24''  led24hd- negro.,689,549,24,"S/.500 -
 S/.1500",-0.203193033
2016,linio,samsung,samsung tv monitor led hd 24'' - lt24e310,899,549,24,"S/.500 -
 S/.1500",-0.389321468
2016,linio,haier,haier tv led live green 24 le24b8000,699,499,24,< S/.500,-0.286123033
2016,linio,aoc,"tv led  aoc 24"" hd le24h1351-negro",699,529,24,"S/.500 -
 S/.1500",-0.243204578
2016,linio,haier,"haier tv le24b8000 led hd 24"" - negro",599,497,24,< S/.500,-0.170283806
2016,linio,aoc,"aoc tv led 24"" le24w454l- negro",699,519,24,"S/.500 -
 S/.1500",-0.25751073
2016,linio,aoc,"aoc - tv led 24"" hd le24h1351-negro",699,549,24,"S/.500 -
 S/.1500",-0.214592275
2016,linio,aoc,"televisor aoc led 24"" hd le24h1351-negro",599,549,24,"S/.500 -
 S/.1500",-0.083472454
2017,ripley,lg,LG TV HD 24'' MT48AF,NA,449,24,< S/.500,NA
2017,ripley,haier,HAIER TV HD 24‚<U+0080>ù LE24B8000,499,399,24,< S/.500,-0.200400802
2017,ripley,aoc,AOC TV HD LE24H1351,549,449,24,< S/.500,-0.182149362
2017,linio,imaco,tv led monitor imaco hd 24'' - led24hd- negro.,599,429,24,< S/.500,-0.283806344
2017,linio,samsung,tv monitor samsung t24e310lb led hd 24''- negro,669,489,24,< S/.500,-0.269058296
2017,linio,daewoo,"televisor daewoo led 24"" l24r630 - negro",799,479,24,< S/.500,-0.400500626
2017,linio,aoc,"tv led  aoc 24"" hd le24h1351-negro",699,479,24,< S/.500,-0.314735336
2017,linio,haier,"haier tv le24b8000 led hd 24"" - negro",699,499,24,< S/.500,-0.286123033
2017,linio,samsung,samsung monitor tv led hd 24'' - lt24e310,899,517,24,"S/.500 -
 S/.1500",-0.424916574
2017,linio,samsung,tv monitor samsung t24e310lb led hd 24''- negro,699,499,24,< S/.500,-0.286123033
2017,linio,imaco,tv led monitor imaco hd 24'' - led24hd- negro - version 2017,500,480,24,< S/.500,-0.04
2017,linio,imaco,imaco - tv led hd 24‚¥‚¥ - led24hd,NA,549.9,24,"S/.500 -
 S/.1500",NA
2017,linio,imaco,imaco - tv led hd 24‚¥‚¥ - led24hd,NA,549.9,24,"S/.500 -
 S/.1500",NA
2017,linio,samsung,tv monitor samsung t24e310lb led hd 24''- negro,699,557,24,"S/.500 -
 S/.1500",-0.203147353
2017,linio,daewoo,"daewoo  led hd 24"" l24r630aksp - negro",685,497,24,< S/.500,-0.274452555
2017,linio,sony,sony bravia tv led hd de 24‚¥‚¥ - kdl-24r405a,NA,949,24,"S/.500 -
 S/.1500",NA
2017,linio,aoc,"aoc - tv led 24"" hd le24h1351-negro",699,369,24,< S/.500,-0.472103004
2017,linio,haier,"haier tv led hd 24b800 24""",NA,499,24,< S/.500,NA
2016,ripley,lg,"lg tv led 24mt47a 23.6""",NA,569,23.6,"S/.500 -
 S/.1500",NA
2017,linio,lg,"lg - tv monitor led 23.6"" hd - 24mt48af",699,499,23.6,< S/.500,-0.286123033
2017,linio,lg,monitor tv lg 24mt47a led hd 23.6‚<U+0080>ù-plateado,569,479,23.6,< S/.500,-0.158172232
2017,linio,lg,"lg - televisor/monitor led 23.6"" 24mt47a - negro",659,529,23.6,"S/.500 -
 S/.1500",-0.197268589
2017,linio,lg,"lg - tv monitor led 23.6"" hd - 24mt48af-pm-negro",799,497,23.6,< S/.500,-0.377972466
2017,linio,lg,"lg - tv/monitor led 23.6"" hd - 24mt47",NA,699,23.6,"S/.500 -
 S/.1500",NA
2017,linio,lg,"lg - tv monitor led 23.6"" hd - 24mt48af",NA,599,23.6,"S/.500 -
 S/.1500",NA
2017,linio,lg,"lg - tv monitor led 23.6"" hd - 24mt48af",NA,599,23.6,"S/.500 -
 S/.1500",NA
2016,linio,lg,"lg - tv monitor led 23.6"" hd - 24mt47a",699,549,23,"S/.500 -
 S/.1500",-0.214592275
2016,linio,miray,"televisor hd miray ledom-20is led„Ç‚† 20""",599,449,20,< S/.500,-0.250417362
2016,linio,imaco,imaco tv led hd 19''  led19hd - negro,499,369,19,< S/.500,-0.260521042
2016,linio,miray,"miray tv led 19"" - ledom-1911",599,449,19,< S/.500,-0.250417362
2016,linio,king master,"televisor hd king master km-l19h3 led„Ç‚† 19""",499,399,19,< S/.500,-0.200400802
2017,linio,imaco,tv led imaco hd 19'' - led19hd negro,499,329,19,< S/.500,-0.340681363
2017,linio,royal,royal tv led hd 19'' ry-19d - negro,469,379,19,< S/.500,-0.191897655
2017,linio,imaco,imaco - tv led hd 19‚¥‚¥ - led19hd,NA,429.9,19,< S/.500,NA
2017,linio,miray,"miray tv led 19"" - ledom-1911-negro",NA,599,19,"S/.500 -
 S/.1500",NA
2017,linio,imaco,tv led imaco hd 19'' - led -19 hd negro versi„<U+0093>n 2017,400,399,19,< S/.500,-0.0025
2017,linio,imaco,"imaco - televisor led hd 19"" led19hd - negro",499,399,19,< S/.500,-0.200400802
2017,linio,altron,"altron - televisor led altron 19""  - negro",NA,519,19,"S/.500 -
 S/.1500",NA
2017,linio,NA,"tv led continental electric 19"" hd celed99935-negro",499,337,19,< S/.500,-0.324649299
2016,linio,imaco,"imaco - tv led hd 16"" - led16hd negro",449,299,16,< S/.500,-0.334075724
2016,linio,royal,royal tv hd monitor  ry-l16a - negro,499,307,16,< S/.500,-0.384769539
2017,linio,NA,tv box android digitalz kiii - wifi netflix miracast smart tv 2gb ram 16gb rom - negro,399,319,16,< S/.500,-0.200501253
2017,linio,royal,royal tv led hd 16'' ry-l16a - negro,399,299,16,< S/.500,-0.250626566
2017,linio,imaco,imaco - tv led hd 16‚¥‚¥ - led16hd,NA,329.9,16,< S/.500,NA
2017,linio,imaco,"imaco - tv led hd 16"" - led16hd negro",449,299,16,< S/.500,-0.334075724
2017,linio,royal,televisor hd tv monitor royal ry-l16a,499,299,16,< S/.500,-0.400801603
2017,linio,nex,"tv led imaco  led16hd  conexi„≥n usb 16"" -  negro",449,299,16,< S/.500,-0.334075724
2017,linio,NA,"built digital - anal„≥gica tv port„°til lcd de 7"" tv-9052da usb/sd",399,279,7,< S/.500,-0.30075188
2017,linio,NA,"televisor port„°til lcd de 7"" tv-9052da usb/sd",399,289,7,< S/.500,-0.275689223
2017,linio,NA,"7"" pantalla t„°ctil capacitiva tft hdmi para raspberry pi 2 / modelo b / b / b+ (800 x 480)",370,185,7,< S/.500,-0.5
2017,linio,NA,"built digital tv port„°til lcd de 7"" tv-9052da usb/sd",399,309,7,< S/.500,-0.22556391
2017,linio,NA,"built digital televisor port„°til con/tv digital lcd de 7"" tv-9052da usb/sd",NA,399,7,< S/.500,NA
2017,linio,NA,e03 portable mini led projector hd video proketor,NA,759,3,"S/.500 -
 S/.1500",NA
