"ecommerce","marca","producto","precio.antes","precio.actual","pulgadas","rangos"
"ripley","samsung","samsung smart tv led 48"" full hd 48j5300",2299,1599,48,"S/.1500 - S/.2500"
"ripley","lg","lg smart tv web os 40"" full hd 40lf6350",2218,1299,40,"S/.500 - S/.1500"
"ripley","lg","lg smart tv led uhd 43'' 43uf6400",2499,1599,43,"S/.1500 - S/.2500"
"ripley","lg","lg smart tv 65""Ä‚ù uhd 3d 65uf8500",9999,5899,65,"> S/.4,500"
"ripley","lg","lg tv led 49"" fhd cinema 3d 49lf6450",2899,2169,49,"S/.1500 - S/.2500"
"ripley","samsung","samsung smart tv led full hd 50"" 50j5300",3127,1899,50,"S/.1500 - S/.2500"
"ripley","lg","lg tv led 49"" full hd smart 49lf5900",2399,1769,49,"S/.1500 - S/.2500"
"ripley","samsung","samsung smart tv led fhd 48"" curvo un48j6500",2999,2399,48,"S/.1500 - S/.2500"
"ripley","lg","lg smart tv 55"" fhd 55lf6350 - negro",3199,2499,55,"S/.1500 - S/.2500"
"ripley","samsung","samsung smart tv ultra hd 55'' 55ju6700",5499,3999,55,"S/.3500 - S/.4500"
"ripley","haier","haier televisor led le50k5000n 50""",1799,1599,50,"S/.1500 - S/.2500"
"ripley","lg","lg smart tv led 65"" ultra hd 4k 65uf6800",7299,4899,65,"> S/.4,500"
"ripley","samsung","samsung smart tv led full hd 48'' 48j5500",2499,1899,48,"S/.1500 - S/.2500"
"ripley","lg","lg smart tv 55"" uhd 3d 55uf8500",5999,3999,55,"S/.3500 - S/.4500"
"ripley","lg","lg smart tv 49"" uhd 3d 49uf8500",5099,3499,49,"S/.2500 - S/.3500"
"ripley","lg","lg tv led 58"" ultra hd smart 58uf8300",5999,3399,58,"S/.2500 - S/.3500"
"ripley","lg","lg smart tv led 60'' uhd 60uf7700",5799,3899,60,"S/.3500 - S/.4500"
"ripley","lg","lg tv led 60"" full hd smart lf6350",4399,2899,60,"S/.2500 - S/.3500"
"ripley","lg","lg smart tv 55"" fhd 3d 55lf6500",3699,2899,55,"S/.2500 - S/.3500"
"ripley","samsung","samsung smart tv led full hd 42.5'' un43j5200agxpe",1699,1599,5,"S/.1500 - S/.2500"
"ripley","samsung","samsung tv led hd 32'' 32jh4005",999,799,32,"S/.500 - S/.1500"
"ripley","samsung","samsung smart tv led uhd 55"" 55ju6500",4299,3499,55,"S/.2500 - S/.3500"
"ripley","aoc","aoc tv led 24"" hd le24h1351",NA,549,24,"S/.500 - S/.1500"
"ripley","samsung","samsung smart tv led hd 32"" 32j4300",1299,999,32,"S/.500 - S/.1500"
"ripley","samsung","samsung smart tv led 48'' uhd 48ju6000",2599,2399,48,"S/.1500 - S/.2500"
"ripley","samsung","samsung smart tv led uhd 65"" 65ju6500",8999,5999,65,"> S/.4,500"
"ripley","lg","lg smart tv led 55"" ultra hd 4k 55uf6800",3799,3299,55,"S/.2500 - S/.3500"
"ripley","lg","lg smart tv oled full hd 55'' 3d curvo 55eg9100",9999,7099,55,"> S/.4,500"
"ripley","lg","lg tv 43"" full hd 43lf5410",1549,1399,43,"S/.500 - S/.1500"
"ripley","lg","lg tv 32"" hd 32lf550b",999,899,32,"S/.500 - S/.1500"
"ripley","lg","lg tv led curvo 65"" ultra hd 4k cinema smart ug8700",10999,6999,65,"> S/.4,500"
"ripley","lg","lg smart tv 65"" uhd 3d 65uf9500",13999,9899,65,"> S/.4,500"
"ripley","samsung","samsung smart tv led uhd 75"" 75ju6500",14599,9999,75,"> S/.4,500"
"ripley","samsung","samsung smart tv uhd 65'' 3d 65js9000",14999,10999,65,"> S/.4,500"
"ripley","samsung","samsung smart tv 40""Ä‚ù fhd 3d 40j6400",2299,1699,40,"S/.1500 - S/.2500"
"ripley","sony","sony tv led 32"" hd smart kdl-32r505c",1299,1199,32,"S/.500 - S/.1500"
"ripley","sony","sony tv led 40"" smart full hd kdl-40r555c - negro",1699,1599,40,"S/.1500 - S/.2500"
"ripley","sony","sony tv led 48"" smart full hd kdl-48r555c - negro",2399,2199,48,"S/.1500 - S/.2500"
"ripley","samsung","samsung smart tv 50ju6500 led uhd 50"" - negro",3699,2599,50,"S/.2500 - S/.3500"
"ripley","samsung","samsung smart tv led fhd 48"" 3d 48j6400",2799,1999,48,"S/.1500 - S/.2500"
"ripley","lg","lg smart tv 65uf7700 65"" ultra hd 4k",8499,6499,65,"> S/.4,500"
"ripley","lg","lg smart tv 3d 42"" fhd 42lf6400",2299,1899,42,"S/.1500 - S/.2500"
"ripley","lg","lg smart tv 49"" ultra hd 4k 49uf7700",3799,2999,49,"S/.2500 - S/.3500"
"ripley","sony","sony smart tv 50"" fhd 3d kdl50w805c",3799,2999,50,"S/.2500 - S/.3500"
"ripley","lg","lg smart tv led 42"" fhd cinema 3d 42lf6450",2299,1569,42,"S/.1500 - S/.2500"
"ripley","samsung","samsung tv led 50"" super uhd 50js7200",4599,2999,50,"S/.2500 - S/.3500"
"ripley","sony","sony tv led 40"" full hd kdl-40r355c",1699,1399,40,"S/.500 - S/.1500"
"ripley","lg","lg tv led full hd 43'' 43lf5100",1399,1299,43,"S/.500 - S/.1500"
"ripley","lg","lg smart tv led hd 32'' 32lf595b",1199,979,32,"S/.500 - S/.1500"
"ripley","lg","lg smart tv oled uhd 55'' 3d curvo 55eg9200",9999,8899,55,"> S/.4,500"
"ripley","lg","lg smart tv curvo 65'' oled uhd 3d 65g9600",24999,16599,65,"> S/.4,500"
"ripley","samsung","samsung smart tv led fhd 55"" 3d 55j6400",3499,2999,55,"S/.2500 - S/.3500"
"ripley","lg","lg smart tv 49"" full hd 49lf6350",2599,1899,49,"S/.1500 - S/.2500"
"ripley","sony","sony smart tv 50"" fhd 3d kdl-50fa95c",4499,3699,50,"S/.3500 - S/.4500"
"ripley","sony","sony tv led 49"" 4k xbr-49x835c",4999,3999,49,"S/.3500 - S/.4500"
"ripley","sony","sony tv led 55"" ultra hd xbr-55x805c",5999,4499,55,"S/.3500 - S/.4500"
"ripley","sony","sony tv led 55"" 4k xbr-55x855c",6499,5499,55,"> S/.4,500"
"ripley","sony","sony smart tv 65"" fhd 3d kdl-65w855c",6499,5999,65,"> S/.4,500"
"ripley","lg","lg smart tv 32lf585b led hd 32"" - blanco",NA,1299,32,"S/.500 - S/.1500"
"ripley","sony","sony tv led ultra delgado 55""  4k xbr-55x905c",8999,6999,55,"> S/.4,500"
"ripley","sony","sony tv led 4k 65'' xbr-65x805c",8999,6999,65,"> S/.4,500"
"ripley","sony","sony tv led ultra delgado 65"" ultra hd 4k xbr-65x905c",12999,9999,65,"> S/.4,500"
"ripley","sony","sony tv led 75"" 4k 3d xbr-75x945c",24999,19999,75,"> S/.4,500"
"ripley","haier","haier tv led le40b8000 full hd 40""",1099,899,40,"S/.500 - S/.1500"
"ripley","samsung","samsung smart tv led uhd 55"" 55ju6500",4299,3399,55,"S/.2500 - S/.3500"
"ripley","haier","haier televisor led 28"" hd le28f6600",599,549,28,"S/.500 - S/.1500"
"ripley","lg","lg tv led 55"" smart uhd 55uf7700",4999,3999,55,"S/.3500 - S/.4500"
"ripley","panasonic","panasonic smart tv led 55"" uhd tc-55cx640w",4999,3999,55,"S/.3500 - S/.4500"
"ripley","sharp","sharp smart tv led 80'' uhd lc80ue30u",14999,14499,80,"> S/.4,500"
"ripley","sharp","sharp smart tv led 70'' 4k lc70ue30u",NA,7599,70,"> S/.4,500"
"ripley","sharp","sharp smart tv led 60'' 4k lc60ue30u",5999,5699,60,"> S/.4,500"
"ripley","haier","haier smart tv 40"" hd le40k5000n",1299,999,40,"S/.500 - S/.1500"
"ripley","haier","haier smart tv  32'' le32k5000n",999,799,32,"S/.500 - S/.1500"
"ripley","haier","haier tv le24b8000 led hd 24"" - negro",499,439,24,"< S/.500"
"ripley","haier","haier tv led 55"" full hd le55b8000",NA,1999,55,"S/.1500 - S/.2500"
"ripley","samsung","samsung smart tv ultra hd 65'' 3d 65ju7500",9999,6999,65,"> S/.4,500"
"ripley","lg","lg smart tv 55""Ä‚ù uhd 3d 55uf9500",9699,4899,55,"> S/.4,500"
"ripley","samsung","samsung smart tv  uhd 55'' 3d 55js9000",10999,6999,55,"> S/.4,500"
"ripley","panasonic","panasonic tv led full hd 40'' tc-40cs600l",1699,1599,40,"S/.1500 - S/.2500"
"ripley","samsung","samsung smart tv curvo 55ju7500 led uhd 55"" 3d - negro",6999,4999,55,"> S/.4,500"
"ripley","lg","lg smart tv 60"" uhd 3d 60uf8500",7999,4899,60,"> S/.4,500"
"ripley","panasonic","panasonic led 43"" fhd smart tv tc-43cs630",1999,1699,43,"S/.1500 - S/.2500"
"ripley","aoc","aoc tv led 40"" full hd le40f1551",NA,999,40,"S/.500 - S/.1500"
"ripley","sony","sony tv led 32"" hd 32r305c",1199,949,32,"S/.500 - S/.1500"
"ripley","lg","lg tv led hd 32'' 32lf510b",999,899,32,"S/.500 - S/.1500"
"ripley","samsung","samsung smart tv led 40'' uhd 40ju6000",1999,1699,40,"S/.1500 - S/.2500"
"ripley","haier","haier tv led hd 32'' le32b7000",699,649,32,"S/.500 - S/.1500"
"ripley","sharp","sharp smart tv led full hd 70'' sq17u",8499,6499,70,"> S/.4,500"
"ripley","aoc","aoc tv led hd 32'' le32w454f",NA,799,32,"S/.500 - S/.1500"
"ripley","samsung","samsung smart tv led full hd 40'' 40j5500",2299,1399,40,"S/.500 - S/.1500"
"ripley","aoc","aoc tv led 32"" hd le32h1352",NA,799,32,"S/.500 - S/.1500"
"ripley","samsung","samsung tv led hd 32'' 32j4000",NA,899,32,"S/.500 - S/.1500"
"ripley","aoc","aoc tv led full hd 49'' le49f1361",NA,1499,49,"S/.500 - S/.1500"
"ripley","lg","lg tv led 24mt47a 23.6""",NA,569,6,"S/.500 - S/.1500"
"ripley","panasonic","panasonic tv led hd 32'' tc-32a400l",999,899,32,"S/.500 - S/.1500"
"ripley","aoc","aoc tv led hd 32'' le32w354f",NA,799,32,"S/.500 - S/.1500"
"falabella","lg","led 49"" 49lf6450",2299,2099,49,"S/.1500 - S/.2500"
"falabella","panasonic","led 40"" smart tv tc-...",NA,1699,40,"S/.1500 - S/.2500"
"falabella","lg","led 43"" 43uf6400",1999,1799,43,"S/.1500 - S/.2500"
"falabella","lg","led 84""  84ub9800",32999,17999,84,"> S/.4,500"
"falabella","lg","led 60"" ultra hd 60u...",6999,4999,60,"> S/.4,500"
"falabella","panasonic","led 50"" smart tv tc-...",NA,2699,50,"S/.2500 - S/.3500"
"falabella","lg","led 43"" 43lf6350",2099,1599,43,"S/.1500 - S/.2500"
"falabella","samsung","smart tv 55"" un55js7...",4199,3999,55,"S/.3500 - S/.4500"
"falabella","lg","led 32"" hd smart tv ...",1299,1049,32,"S/.500 - S/.1500"
"falabella","samsung","led 48"" un48j6400",2799,2299,48,"S/.1500 - S/.2500"
"falabella","samsung","led 40"" un40j6500 sm...",1579,1499,40,"S/.500 - S/.1500"
"falabella","lg","led 55"" 55lf6500",3699,2799,55,"S/.2500 - S/.3500"
"falabella","samsung","led 48"" 48j5500",2499,1999,48,"S/.1500 - S/.2500"
"falabella","lg","led 43"" 43lf5900 web...",1549,1449,43,"S/.500 - S/.1500"
"falabella","sony","led 50"" kdl50w805c",3799,2999,50,"S/.2500 - S/.3500"
"falabella","samsung","led 48"" un48ju6000",2799,2399,48,"S/.1500 - S/.2500"
"falabella","lg","led 55"" 55lf6500",3699,2799,55,"S/.2500 - S/.3500"
"falabella","lg","led 55"" 55lf6350",3199,2699,55,"S/.2500 - S/.3500"
"falabella","lg","led 49"" 49lf6450",2299,2099,49,"S/.1500 - S/.2500"
"falabella","panasonic","led 40"" smart tv tc-...",NA,1699,40,"S/.1500 - S/.2500"
"falabella","lg","led 32"" hd smart tv ...",1299,1049,32,"S/.500 - S/.1500"
"falabella","samsung","led 48"" un48ju6000",2799,2399,48,"S/.1500 - S/.2500"
"falabella","sony","led 55"" kdl55w805c",4499,3999,55,"S/.3500 - S/.4500"
"falabella","samsung","led 60"" 4k ultra hd ...",NA,4999,60,"> S/.4,500"
"falabella","hisense","led 32"" smart hd 32k...",899,799,32,"S/.500 - S/.1500"
"falabella","samsung","led 48"" 48ju6700 ult...",2899,2699,48,"S/.2500 - S/.3500"
"falabella","samsung","led 48"" 48j5500",2499,1999,48,"S/.1500 - S/.2500"
"falabella","lg","led 65"" 65ug8700  we...",10999,7999,65,"> S/.4,500"
"falabella","sony","led 50"" kdl-50fa95c",4499,3699,50,"S/.3500 - S/.4500"
"falabella","samsung","led 43"" un43ju6000",2099,1699,43,"S/.1500 - S/.2500"
"falabella","hisense","led 50"" smart ultra ...",1699,1599,50,"S/.1500 - S/.2500"
"falabella","samsung","led 40"" 40j5500",1999,1599,40,"S/.1500 - S/.2500"
"falabella","samsung","led 65"" 65js9000",11299,10999,65,"> S/.4,500"
"linio","lg","lg tv ultra hd 4k 49"" smart webos 2.0  49uf6400",3299,1799,49,"S/.1500 - S/.2500"
"linio","samsung","tv samsung ultra hd 4k smart tizen  40''  un40ju6000 - negro",2299,1499,40,"S/.500 - S/.1500"
"linio","lg","lg smart tv  webos 2.0 full hd 40"" - 40lf6350",1999,1249,40,"S/.500 - S/.1500"
"linio","lg","lg tv smart webos 2.0 ultra hd  4k 43"" - 43uf6400",2299,1599,43,"S/.1500 - S/.2500"
"linio","samsung","samsung tv led smart hd 32'' un32j4300 - negro",1299,949,32,"S/.500 - S/.1500"
"linio","lg","lg - tv led webos 3d smart full hd 42'' - 42lf6400 incluye 4 lentes 3d",2299,1399,42,"S/.500 - S/.1500"
"linio","lg","lg tv led 4k smart ultra hd 40'' 40ub8000 - negro",2299,1599,40,"S/.1500 - S/.2500"
"linio","samsung","samsung tv led smart tizen full hd 40''  un40j5500 - plateado",1999,1349,40,"S/.500 - S/.1500"
"linio","sony","sony - tv led smart full hd 48'' - 48r555c",2399,1799,48,"S/.1500 - S/.2500"
"linio","sony","sony android tv smart 3d 50"" kdl-50w805c",3799,2599,50,"S/.2500 - S/.3500"
"linio","sony","sony - tv  led 3d wi-fi full hd 55"" - kdl-55w955a",4999,4029,55,"S/.3500 - S/.4500"
"linio","samsung","samsung tv led smart full hd 50'' un50j5500 - plateado",2799,1899,50,"S/.1500 - S/.2500"
"linio","samsung","samsung tv led 3d smart full hd 48'' - 48j6400",2499,2029,48,"S/.1500 - S/.2500"
"linio","samsung","samsung tv led 3d smart full hd 40'' tizen un40j6400 - negro",2299,1499,40,"S/.500 - S/.1500"
"linio","lg","lg smart tv 32"" hd webos 2.0 32lf595.",1099,939,32,"S/.500 - S/.1500"
"linio","lg","combo smart - lg tv led 4k ultra hd 43'' - 43uf6750 + google chromecast hdmi streaming media player h2g2-42",2599,1799,43,"S/.1500 - S/.2500"
"linio","lg","lg game tv led full hd 49"" - 49lf5410",2499,1499,49,"S/.500 - S/.1500"
"linio","lg","lg tv led hd 32"" - 32lf550b",1099,829,32,"S/.500 - S/.1500"
"linio","lg","lg tv led full hd 47'' - 47lb5610",2299,1499,47,"S/.500 - S/.1500"
"linio","lg","lg tv led webos 3d smart full hd 42'' - 42lf6450",2299,1699,42,"S/.1500 - S/.2500"
"linio","lg","lg smart tv webos 2.0 full hd 49'' 49lf5900 - negro",2299,1599,49,"S/.1500 - S/.2500"
"linio","lg","lg - tv led webos 3d smart ultra hd 49'' - 49uf8500",3400,2800,49,"S/.2500 - S/.3500"
"linio","samsung","samsung tv led 3d smart full hd 55'' - 55j6400",3999,2999,55,"S/.2500 - S/.3500"
"linio","lg","lg - tv led webos 3d smart ultra hd 49'' - 49uf8500.",3899,2769,49,"S/.2500 - S/.3500"
"linio","lg","tv lg slim ultra hd 4k smart webos 2.0  55'' 55uf7700 - plateado",4999,3299,55,"S/.2500 - S/.3500"
"linio","lg","lg tv led full hd 55'' - 55lb5610.",2999,2399,55,"S/.1500 - S/.2500"
"linio","lg","lg tv led smart full hd 43'' 43lf6350 - negro",2299,1399,43,"S/.500 - S/.1500"
"linio","lg","lg tv slim ultra hd 3d webos 2.0 55'' 55uf8500 - plateado",4999,3999,55,"S/.3500 - S/.4500"
"linio","lg","televisor lg led webos smart ultra hd  60"" 60uf7700 - negro",4999,4299,60,"S/.3500 - S/.4500"
"linio","samsung","samsung tv led hd 32'' un32j4000 - negro",1099,829,32,"S/.500 - S/.1500"
"linio","daewoo","daewoo - tv led 32"" l32r640ats - negro",999,649,32,"S/.500 - S/.1500"
"linio","lg","lg - tv led webos smart ultra hd 49'' - 49uf6900",3999,2449,49,"S/.1500 - S/.2500"
"linio","sony","televisor sony kdl-48r555c led smart tv full hd 48''  ""ì negro",NA,2449,48,"S/.1500 - S/.2500"
"linio","sony","televisor sony kdl-55w805c 55"" led smart 3d full hd con android",NA,4499,55,"S/.3500 - S/.4500"
"linio","samsung","samsung tv 4k smart curvo ultra hd 65""ù - 65h9000- modelo 2015",14999,9999,65,"> S/.4,500"
"linio","lg","lg smart tv  webos 2.0 full hd 40"" - 40lf6350",1499,1299,40,"S/.500 - S/.1500"
"linio","lg","televisor lg led smart webos 2.0 full hd 55"" - 55lf6350",2999,2499,55,"S/.1500 - S/.2500"
"linio","lg","lg tv smart webos 2.0 full hd 43"" 43lf5900 -negro",1999,1349,43,"S/.500 - S/.1500"
"linio","sony","sony - tv led smart full hd 40'' - 40r555c",1799,1499,40,"S/.500 - S/.1500"
"linio","lg","lg tv led ultra-slim full hd 47"" - 47ly340c",1899,1595,47,"S/.1500 - S/.2500"
"linio","samsung","televisor samsung un48j5300 smart tv led full hd 48''-negro",2499,1699,48,"S/.1500 - S/.2500"
"linio","lg","lg tv led full hd 43'' - 43lf5410",1599,1267,43,"S/.500 - S/.1500"
"linio","samsung","samsung - 55j6400 led 55"" smart tizen 3d - black",4999,2997,55,"S/.2500 - S/.3500"
"linio","panasonic","panasonic - tv led smart full hd 32"" 32as600",1249,999,32,"S/.500 - S/.1500"
"linio","hisense","televisor hisense led 40"" 40k221w smart tv led full hd",1399,1099,40,"S/.500 - S/.1500"
"linio","lg","lg smart 4k ultra hd 49"" - 49ub8200",2600,2200,49,"S/.1500 - S/.2500"
"linio","lg","lg tv ultra hd 4k 49"" smart webos 2.0 49uf6400",1999,1889,49,"S/.1500 - S/.2500"
"linio","sony","sony tv led full hd 40'' - kdl-40r354b",1499,1189,40,"S/.500 - S/.1500"
"linio","samsung","televisiÛn samsung un32j4000 led hd 32""-negro",1299,809,32,"S/.500 - S/.1500"
"linio","samsung","samsung tv led smart ultra hd 50'' tizen un50ju6500 - negro",3299,2459,50,"S/.1500 - S/.2500"
"linio","aoc","aoc tv led hd 20'' - le20a1140",599,459,20,"< S/.500"
"linio","lg","lg - tv led hd 32'' 32lx330",999,799,32,"S/.500 - S/.1500"
"linio","samsung","samsung tv led smart curvo full hd 55''  tizen  un55j6500-plateado",4499,3449,55,"S/.2500 - S/.3500"
"linio","sony","sony - tv led smart 3d full hd con android 55"" 55w805c",4499,3599,55,"S/.3500 - S/.4500"
"linio","lg","lg tv led 4k ultra hd 43"" - 43uf6750",2499,1799,43,"S/.1500 - S/.2500"
"linio","lg","lg tv led cinema 3d smart full hd 47'' - 47lb6500",2899,1999,47,"S/.1500 - S/.2500"
"linio","lg","lg tv led smart hd 32"" - 32lf585b",1299,929,32,"S/.500 - S/.1500"
"linio","nex","nex tv led smart hd 32"" usb wifi incorporado - led3208smr",999,779,32,"S/.500 - S/.1500"
"linio","lg","lg - tv led webos smart ultra hd 49'' - 49uf7700",3799,2899,49,"S/.2500 - S/.3500"
"linio","sony","televisiÛn sony kdl-32r505c led 32""-negro",1399,1093,32,"S/.500 - S/.1500"
"linio","sony","sony - televisor led smart tv full hd 40'' kdl-40r555c - negro",1799,1599,40,"S/.1500 - S/.2500"
"linio","lg","tv led lg 42lf6450 webos 3d smart full hd - negro-plateado",1899,1619,42,"S/.1500 - S/.2500"
"linio","imaco","imaco - tv led hd 16"" - led16hd negro",449,329,16,"< S/.500"
"linio","samsung","samsung tv led smart ultra hd un65hu8500 4k 65"" - negro",14999,10050,65,"> S/.4,500"
"linio","samsung","samsung tv led 3d smart  full hd 48"" - un48h6400",2999,2089,48,"S/.1500 - S/.2500"
"linio","haier","haier tv led live green 24 le24b8000",699,499,24,"< S/.500"
"linio","lg","lg tv smart led full hd 43"" - 43lf6350",2099,1569,43,"S/.1500 - S/.2500"
"linio","samsung","samsung - tv led full hd 48'' 48j5000 - negro",2999,1549,48,"S/.1500 - S/.2500"
"linio","lg","televisor lg 42lf6500 smart 3d full hd. negro-plateado",1899,1599,42,"S/.1500 - S/.2500"
"linio","lg","televisor lg tv led hd 32""-plateado",969,839,32,"S/.500 - S/.1500"
"linio","lg","lg - tv led curvo webos 2.0 3d smart ultra hd 4k  55'' 55ug8700 - plateado",NA,8999,55,"> S/.4,500"
"linio","imaco","imaco - tv led hd 16"" - led16hd",NA,389,16,"< S/.500"
"linio","lg","tv lg  49uf6750 led ultra hd 4k ultra slim 49'' dual metal estilo elegante  - negro",NA,2699,49,"S/.2500 - S/.3500"
"linio","aoc","televisor aoc 42"" le42h354f led full hd - negro",1886,1500,42,"S/.500 - S/.1500"
"linio","lg","tv led lg 43lf5100 full hd negro",1499,1249,43,"S/.500 - S/.1500"
"linio","samsung","samsung - 55j6400 led 55"" smart tizen 3d - black",3599,3259,55,"S/.2500 - S/.3500"
"linio","lg","lg tv led hd 32'' - 32lf550b",1299,879,32,"S/.500 - S/.1500"
"linio","lg","lg tv led cinema 3d 4k smart ultra hd 55'' - 55ub8500",5999,4099,55,"S/.3500 - S/.4500"
"linio","samsung","samsung tv led smart ultra hd 50'' tizen un50ju6500 - negro",3999,2809,50,"S/.2500 - S/.3500"
"linio","samsung","samsung tv led smart ultra hd 55'' tizen un55ju6500-negro",4999,3999,55,"S/.3500 - S/.4500"
"linio","lg","lg game tv led full hd 49"" - 49lf5410",2299,1609,49,"S/.1500 - S/.2500"
"linio","sony","sony tv led full hd 40'' - kdl-40r354b",1499,1275,40,"S/.500 - S/.1500"
"linio","lg","lg - tv oled curvo smart 3d 55'' - 55ec9300",9999,7169,55,"> S/.4,500"
"linio","daewoo","daewoo - tv led 32"" l32r640ats - negro",899,599,32,"S/.500 - S/.1500"
"linio","lg","tv lg 32lf510 led hd de 32""-negro",999,859,32,"S/.500 - S/.1500"
"linio","lg","lg tv 3d smart led ultra hd 65"" - 65uf8500",NA,9999,65,"> S/.4,500"
"linio","lg","tv lg 55lf6500 led webos 3d smart tv full hd wifi dongle 55'' - negro",NA,3999,55,"S/.3500 - S/.4500"
"linio","lg","lg tv led full hd 43'' - 43lf5410",1649,1249,43,"S/.500 - S/.1500"
"linio","lg","lg - televisor led 32"" hd smart tv 32lf585b ""ì blanco",1399,1199,32,"S/.500 - S/.1500"
"linio","samsung","televisor samsung un40j5300 smart tv led full hd 40''-negro",1999,1345,40,"S/.500 - S/.1500"
"linio","sony","televisiÛn sony led full smart tv hd 48""- kdl48r555c",3899,1999,48,"S/.1500 - S/.2500"
"linio","panasonic","televisor panasonic tv led 50"" ultra hd 4k smart-negro",4049,2879,50,"S/.2500 - S/.3500"
"linio","samsung","samsung - smart tv un48j5500 led full hd 48'' - negro",2499,1779,48,"S/.1500 - S/.2500"
"linio","lg","lg tv slim ultra hd 3d webos 2.0 55'' 55uf8500 - plateado",4599,4100,55,"S/.3500 - S/.4500"
"linio","sony","sony tv led full hd 60'' smart tv - kdl-60w605b",6249,3979,60,"S/.3500 - S/.4500"
"linio","lg","lg tv led cinema 3d 4k smart ultra hd 55'' 55ub8500 - negro",5900,5089,55,"> S/.4,500"
"linio","lg","tv lg  42lf6450 led 42"" full hd cinema 3d wifi + 4 lentes 3d + magic motion + blu ray y dvd lg bp450 smart 3d full hd",NA,2299,42,"S/.1500 - S/.2500"
"linio","aoc","aoc - televisor led 32"" -le32h1352",899,719,32,"S/.500 - S/.1500"
"linio","lg","lg tv led cinema 3d full hd 42"" - 42lb6200",1999,1599,42,"S/.1500 - S/.2500"
"linio","lg","lg - televisor led 32"" hd smart tv 32lf585b - blanco",1399,1199,32,"S/.500 - S/.1500"
"linio","lg","lg - tv led webos 3d smart full hd 55'' - 55lf6500",3699,3265,55,"S/.2500 - S/.3500"
"linio","samsung","samsung tv led 3d smart 4k ultra hd 55'' series hu8500 un-55hu8500 - plateado",7699,6999,55,"> S/.4,500"
"linio","samsung","samsung tv led smart 3d full hd 55'' - un55h6400",3999,3049,55,"S/.2500 - S/.3500"
"linio","lg","lg - tv led webos 3d smart full hd 55'' - 55lf6500",3999,3269,55,"S/.2500 - S/.3500"
"linio","panasonic","televisor panasonic tv led full hd smart 50'' tc-50cs600l -negro",2699,2429,50,"S/.1500 - S/.2500"
"linio","lg","lg - tv led webos 3d smart ultra hd curvo  65'' 65ug8700 - plateado",NA,12999,65,"> S/.4,500"
"linio","lg","televisor lg 55la7900  55"" cinema 3d smart tv full hd trumotion 240 hz wifi dual core - negro",NA,5999,55,"> S/.4,500"
"linio","aoc","aoc tv led full hd 58"" le58f1552",2599,2149,58,"S/.1500 - S/.2500"
"linio","lg","televisiÛn lg 49ub8500 ultra hd smart 3d 49""ù-negro",3999,3719,49,"S/.3500 - S/.4500"
"linio","samsung","samsung tv curved 3d smart ultra hd 65'' tizen un65ju7500 - plateado",9999,7899,65,"> S/.4,500"
"linio","samsung","samsung tv smart full hd curvo 48'' tizen un48j6500",2999,2599,48,"S/.2500 - S/.3500"
"linio","aoc","aoc - televisor led 32"" - le32w454f",NA,799,32,"S/.500 - S/.1500"
"linio","panasonic","tv led panasonic tc-32as600l smart wifi bluetooth negro",1199,999,32,"S/.500 - S/.1500"
"linio","sony","sony - televisor led 32"" kdl-32r505c - negro",1399,1299,32,"S/.500 - S/.1500"
"linio","samsung","tv samsung ultra hd 4k smart tizen 40'' un40ju6000 - negro",1899,1689,40,"S/.1500 - S/.2500"
"linio","samsung","samsung - tv led smart curvo 3d ultra hd 65""ù un65hu9000 - gris",14999,12999,65,"> S/.4,500"
"linio","lg","tv led lg 49uf8500 webos 3d smart ultra hd 4k  negro/plateado",3499,2899,49,"S/.2500 - S/.3500"
"linio","samsung","samsung tv led curvo 4k ultra hd 3d 65""  - un65h9000-modelo 2015",14999,9999,65,"> S/.4,500"
"linio","sony","tv led sony kdl-32r305c hd 32"" color - negro",1199,945,32,"S/.500 - S/.1500"
"linio","lg","lg tv led cinema 3d smart full hd 42'' - 42lb7000",2599,1805,42,"S/.1500 - S/.2500"
"linio","samsung","samsung tv curve smart 4k ultra hd 65'' series hu7200 un-65hu7200 - negro",9499,8699,65,"> S/.4,500"
"linio","samsung","samsung tv led hd 32'' un32j4000ag - negro",999,839,32,"S/.500 - S/.1500"
"linio","samsung","samsung tv curved smart ultra hd 48'' tizen un48ju6700-negro",4499,3889,48,"S/.3500 - S/.4500"
"linio","samsung","samsung tv led smart 3d full hd 48'' - un48h6400agxpe",NA,2599,48,"S/.2500 - S/.3500"
"linio","lg","lg tv led cinema 3d 4k smart ultra hd 49'' + 02 lentes 3d - 49ub8500",3999,3389,49,"S/.2500 - S/.3500"
"linio","lg","lg tv led smart 55"" webos 2.0 55lf5950 -negro",2999,2499,55,"S/.1500 - S/.2500"
"linio","lg","lg tv led uhd 4k smart 3d - 55uf8500",5999,4079,55,"S/.3500 - S/.4500"
"linio","lg","lg -tv led hg 32"" - 32lf550b",999,929,32,"S/.500 - S/.1500"
"linio","lg","tv led lg 43lf5900 full hd smart webos 43"" -negro/plateado",1799,1419,43,"S/.500 - S/.1500"
"linio","samsung","samsung smart tv 4k ultra hd 40'' - un55hu7000",5999,4499,40,"S/.3500 - S/.4500"
"linio","sony","sony - televisor led smart tv full hd 48'' kdl-48r555c ""ì negro",2449,2199,48,"S/.1500 - S/.2500"
"linio","sony","sony tv led full hd 40'' - kdl-40r354b",1599,1319,40,"S/.500 - S/.1500"
"linio","lg","lg tv led cinema 3d smart full hd 55'' - 55lb6500",3999,3379,55,"S/.2500 - S/.3500"
"linio","samsung","samsung tv led smart 3d 55'' - un55h6400a",3799,3699,55,"S/.3500 - S/.4500"
"linio","lg","lg tv led 32'' - 32lb550b",1129,899,32,"S/.500 - S/.1500"
"linio","lg","lg tv 55"" smart ultra hd 4k cinema 3d 55ub8500",5999,4699,55,"> S/.4,500"
"linio","sony","sony - televisor led 32"" kdl-32r505c - negro",1499,1279,32,"S/.500 - S/.1500"
"linio","lg","lg -tv led hd 32"" - 32lf550b",NA,1099,32,"S/.500 - S/.1500"
"linio","lg","lg tv smart  led full hd 42"" 42lf5850",NA,1899,42,"S/.1500 - S/.2500"
"linio","lg","lg - tv led ultra hd 49'' - 49uf6750",NA,2999,49,"S/.2500 - S/.3500"
"linio","samsung","samsung tv led hd 32'' - un32j4000-negro",1099,840,32,"S/.500 - S/.1500"
"linio","lg","lg -tv led hg 32"" - 32lf550b",1199,930,32,"S/.500 - S/.1500"
"linio","lg","lg tv smart  led full hd 49"" - 49lf6350",NA,2599,49,"S/.2500 - S/.3500"
"linio","samsung","samsung tv led 3d smart full hd 55'' - 55j6400",NA,3999,55,"S/.3500 - S/.4500"
"linio","panasonic","panasonic - televisor tc-l42as610 led smart full hd 42""ù- negro",1799,1549,42,"S/.1500 - S/.2500"
"linio","lg","lg tv led cinema 3d 4k smart ultra hd 55'' 55ub8500 - negro",6499,5499,55,"> S/.4,500"
"linio","samsung","televisor samsung un55j6500  curvo full hd smart 55'' - plateado",4449,3999,55,"S/.3500 - S/.4500"
"linio","lg","lg tv smart  led full hd 42"" - 42lf5850",1899,1595,42,"S/.1500 - S/.2500"
"linio","lg","lg tv led smart full hd 43'' 43lf6350 - negro",1999,1689,43,"S/.1500 - S/.2500"
"linio","lg","tv lg 49lf5400  game  led full hd 49"" +dvd lg dp132 - negro",NA,2499,49,"S/.1500 - S/.2500"
"linio","lg","televisor lg gametv  led 43'-plateado",1999,1462,43,"S/.500 - S/.1500"
"linio","samsung","tv led samsung un48j5500ag smart full hd tizen 48'' negro/plateado",2399,1819,48,"S/.1500 - S/.2500"
"linio","samsung","samsung tv led smart full hd 50'' un50j5500 - plateado",NA,2699,50,"S/.2500 - S/.3500"
"linio","samsung","samsung un40jh5005 led full hd 40""  - negro gloss",NA,1499,40,"S/.500 - S/.1500"
"linio","samsung","samsung smart tv full hd curvo 48''-plateado",NA,3099,48,"S/.2500 - S/.3500"
"linio","panasonic","panasonic - tv led 40'' - tc-40a400l",1599,1399,40,"S/.500 - S/.1500"
"linio","lg","tv lg 49lf6450 led webos 3d smart full hd 49'' - negro",NA,3499,49,"S/.2500 - S/.3500"
"linio","lg","lg tv led smart hd 32'' - 32lf585b",1299,949,32,"S/.500 - S/.1500"
"linio","samsung","televisor samsung un65js9000 curvo suhd 3d smart  65"" - plateado",13999,12099,65,"> S/.4,500"
"linio","lg","lg tv led full hd 42'' - 42lb5500",1879,1399,42,"S/.500 - S/.1500"
"linio","lg","lg tv led cinema 3d smart full hd 42'' - 42lb6500",2299,1799,42,"S/.1500 - S/.2500"
"linio","lg","tv lg 43lf6350 led smart full hd 43'' - negro",NA,1999,43,"S/.1500 - S/.2500"
"linio","lg","lg tv 3d smart 65"" super ultra hd art slim - 65uf9500",12999,10749,65,"> S/.4,500"
"linio","lg","lg - tv led webos 3d smart full hd 55'' - 55lf6500",3999,3215,55,"S/.2500 - S/.3500"
"linio","samsung","samsung tv led smart full hd 40"" - un40h5303",1799,1699,40,"S/.1500 - S/.2500"
"linio","lg","televisor lg 42"" 42ln549c  led full hd - negro",1719,1397,42,"S/.500 - S/.1500"
"linio","daewoo","daewoo - tv led 32"" l32r640ats - negro",899,799,32,"S/.500 - S/.1500"
"linio","samsung","samsung tv led smart full hd 48'' un48j5500 - plateado",2499,1999,48,"S/.1500 - S/.2500"
"linio","panasonic","televisor panasonic tv led full hd 40'' tc40cs600l -negro",NA,1699,40,"S/.1500 - S/.2500"
"linio","panasonic","tv led panasonic tc-32c400l hd 32''negro.",999,799,32,"S/.500 - S/.1500"
"linio","lg","lg tv smart led full hd 43"" - 43lf6350",NA,2099,43,"S/.1500 - S/.2500"
"linio","sony","tv led sony 48'' smart full hd -kdl-48r555c negro",2399,1899,48,"S/.1500 - S/.2500"
"linio","sony","sony -tv  led 3d wi-fi full hd 55"" - kdl-55w805a",4799,3779,55,"S/.3500 - S/.4500"
"linio","samsung","televisor samsung un50ju6500  uhd 4k smart 50'' - plateado",3499,3199,50,"S/.2500 - S/.3500"
"linio","samsung","samsung tv 3d smart full hd 55""un55h7100agxpe + teclado smart vg-kbd1000",5999,3799,55,"S/.3500 - S/.4500"
"linio","samsung","samsung - televisor 40"" led full hd hg40nb690 + estuche de c·mara digital - negro",1622,1465,40,"S/.500 - S/.1500"
"linio","lg","lg tv uhd 4k 65ub9800 smart 3d led tv c/webos 65' lentes 3d",9500,8499,65,"> S/.4,500"
"linio","lg","lg game tv led full hd 49"" - 49lf5400",2499,1749,49,"S/.1500 - S/.2500"
"linio","haier","haier tv led full hd 40"" le40b8000 - negro",1199,995,40,"S/.500 - S/.1500"
"linio","panasonic","panasonic tv led smart full hd 42'' - tc-l42as610",NA,1699,42,"S/.1500 - S/.2500"
"linio","panasonic","televisiÛn panasonic tc-l40sv7l led full-hd 40''-negro",1799,1399,40,"S/.500 - S/.1500"
"linio","sony","sony tv led full hd 55""ù- 55w955b  +  pelota de regalo",5699,4990,55,"> S/.4,500"
"linio","samsung","samsung tv led smart ultra hd 50'' tizen un50ju6500 - negro",3899,2849,50,"S/.2500 - S/.3500"
"linio","nex","blackline - tv led hd 39'' bl390led  2usb 2hdmi sonido stereo conexionpc - negro",1399,890,39,"S/.500 - S/.1500"
"linio","lg","lg - televisor led 32"" hd 32lf550b",1219,999,32,"S/.500 - S/.1500"
"linio","panasonic","televisor panasonic tvl led ultra hd 55''-negro",5399,3829,55,"S/.3500 - S/.4500"
"linio","samsung","samsung tv curved 3d smart ultra hd 65'' tizen un65ju7500 - plateado",9999,8489,65,"> S/.4,500"
"linio","sony","televisor sony tv led full hd 32''-negro",1019,919,32,"S/.500 - S/.1500"
"linio","aoc","aoc tv led hd 32"" - le32w454f +rack fijo",999,839,32,"S/.500 - S/.1500"
"linio","aoc","aoc tv led hd 23.6"" - le24w234",599,579,23.6,"S/.500 - S/.1500"
"linio","samsung","samsung - tv led smart tv 3d curve  full hd - un-48h6800ag",3399,3249,48,"S/.2500 - S/.3500"
"linio","panasonic","panasonic - televisor tc-l42as610 led smart full hd 42""ù- negro",1799,1599,42,"S/.1500 - S/.2500"
"linio","lg","lg tv smart led full hd 43"" - 43lf6350",NA,1999,43,"S/.1500 - S/.2500"
"linio","lg","lg tv smart led full hd 42"" - 42lf5850",1999,1649,42,"S/.1500 - S/.2500"
"linio","lg","lg -tv led hg 32"" - 32lf550b",1089,880,32,"S/.500 - S/.1500"
"linio","lg","lg tv led smart full hd 43'' 43lf6350 - negro",2199,1769,43,"S/.1500 - S/.2500"
"linio","samsung","samsung tv led 3d smart full hd 40'' tizen un40j6400 - negro",2129,1629,40,"S/.1500 - S/.2500"
"linio","samsung","samsung tv led 3d smart full hd 40"" - un40h6203",1990,1919,40,"S/.1500 - S/.2500"
"linio","samsung","samsung tv full hd 60"" un60fh6003 + blu ray bd-f5100.",4299,3209,60,"S/.2500 - S/.3500"
"linio","sony","sony tv led smart full hd 40'' - kdl-40w605b",NA,1799,40,"S/.1500 - S/.2500"
"linio","sony","sony tv led 32'' smart hd - 32r505c",1299,1289,32,"S/.500 - S/.1500"
"linio","samsung","samsung - tv led smart curvo 3d full hd 48""ù un48h8000 -negro.",4299,3999,48,"S/.3500 - S/.4500"
"linio","imaco","imaco - tv led hd 24"" - led24hd",NA,549,24,"S/.500 - S/.1500"
"linio","panasonic","led panasonic tc-32a400l  high definition black",1099,800,32,"S/.500 - S/.1500"
"linio","samsung","tv samsung fhd   40'' un43j5000 - negro",1599,1319,40,"S/.500 - S/.1500"
"linio","samsung","samsung tv smart full hd curvo 48'' tizen un48j6500 - plateado",2999,2629,48,"S/.2500 - S/.3500"
"linio","samsung","samsung tv led 4k ultra hd  55"" - 55f9000",8999,6499,55,"> S/.4,500"
"linio","lg","lg tv led curvo 55"" smart ultra hd 4k cinema 3d -„Ç‚†55uc9700",6999,5354,55,"> S/.4,500"
"linio","sony","tv led sony kdl-32r305c hd 32"" color - negro",NA,1199,32,"S/.500 - S/.1500"
"linio","lg","lg tv smart  led full hd 49"" - 49lf6350",2499,2176,49,"S/.1500 - S/.2500"
"linio","nex","nex - televisor led 32"" hd le3208tva - negro",999,799,32,"S/.500 - S/.1500"
"linio","lg","lg ultra hd tv 55""ù - 55ub8500",NA,5199,55,"> S/.4,500"
"linio","aoc","aoc tv led hd 32'' - le32w454f-negro",999,729,32,"S/.500 - S/.1500"
"linio","panasonic","televisor panasonic tv led full hd 40''-negro",1499,1389,40,"S/.500 - S/.1500"
"linio","samsung","samsung - televisor led smart suhd 65"" un65js9000 - plateado",13999,12099,65,"> S/.4,500"
"linio","samsung","televisiÛn samsung un50ju6500 led smart ultra hd 50""-negro",3499,3199,50,"S/.2500 - S/.3500"
"linio","lg","tv lg led full hd 43"" 43lf5100 - negro",1599,1499,43,"S/.500 - S/.1500"
"linio","lg","lg tv led webos 3d smart full hd 49'' - 49lf6450",3499,2569,49,"S/.2500 - S/.3500"
"linio","imaco","tv led imaco hd 19'' - led19hd negro",499,439,19,"< S/.500"
"linio","lg","lg - tv led webos 3d smart super ultra hd 55'' - 55uf9500",9999,6899,55,"> S/.4,500"
"linio","panasonic","televisor panasonic tvl led full hd 40''-negro",1869,1399,40,"S/.500 - S/.1500"
"linio","sony","tv led sony kdl-40r355 full hd 40"" color - negro",NA,1470,40,"S/.500 - S/.1500"
"linio","lg","lg tv led smart 4k ultra hd 55"" - 55ub8200",4199,3979,55,"S/.3500 - S/.4500"
"linio","lg","televisor lg tv smart  led 49lf6350'-negro",2499,1887,49,"S/.1500 - S/.2500"
"linio","lg","lg tv led 24""ù - 24mt45a",599,569,24,"S/.500 - S/.1500"
"linio","imaco","imaco - tv led hd 19"" - led19hd",NA,449,19,"< S/.500"
"linio","samsung","samsung tv 4k smart ultra hd 55""ù - 55f9000",8999,6499,55,"> S/.4,500"
"linio","samsung","televisor samsung un 40jh5005 led full hd",1399,1289,40,"S/.500 - S/.1500"
"linio","lg","lg game tv led full hd 49"" - 49lf5400 +dvd lg dp132",2499,2069,49,"S/.1500 - S/.2500"
"linio","samsung","samsung televisor  hg32nb460gf, 32"" led, hd, 1366 x 768",1110,990,32,"S/.500 - S/.1500"
"linio","samsung","samsung - tv smart 3d full hd 60""ù un60h7100 - negro",6299,5879,60,"> S/.4,500"
"linio","panasonic","panasonic tv led smart full hd 40'' - tc-l40sv7l",NA,1599,40,"S/.1500 - S/.2500"
"linio","samsung","samsung - televisor led 3d smarttv 46"" un-46f8000.",4499,3749,46,"S/.3500 - S/.4500"
"linio","lg","televisor lg 42lx330c 42"" led full hd 1920x1080 - negro",1485,1368,42,"S/.500 - S/.1500"
"linio","lg","tv lg 32lx330c led hd 32'' con funciones hoteleras",NA,980,32,"S/.500 - S/.1500"
"linio","lg","tv lg 47lb6500 led cinema 3d smart full hd 47''",NA,2799,47,"S/.2500 - S/.3500"
"linio","lg","lg tv led cinema 3d smart full hd 42"" 42lb7000 + bluray 3d bp325",2799,2499,42,"S/.1500 - S/.2500"
"linio","sony","sony tv led bravia 3d smart full hd 70'' - kdl-70w855b",NA,8899,70,"> S/.4,500"
"linio","samsung","samsung - tv led smart ultra hd - un50hu7000",4499,3499,50,"S/.2500 - S/.3500"
"linio","daewoo","daewoo - tv led 32"" l32r640ats - negro",899,709,32,"S/.500 - S/.1500"
"linio","samsung","samsung - tv smart 3d full hd 60""ù un60h7100 - negro",6499,5499,60,"> S/.4,500"
"linio","lg","lg - smart tv led 55""ultra hd 4k 3d - negro",5999,5082,55,"> S/.4,500"
"linio","panasonic","panasonic led smart full hd 42"" - tc-l42as610",1799,1599,42,"S/.1500 - S/.2500"
"linio","panasonic","televisor panasonic tv led full hd 40''-negro",NA,1699,40,"S/.1500 - S/.2500"
"linio","panasonic","panasonic - tv led smart full hd 42'' - tc-l42as610",1729,1489,42,"S/.500 - S/.1500"
"linio","panasonic","panasonic puerto usb led 40"" - tc-l40sv7l",1699,1499,40,"S/.500 - S/.1500"
"linio","lg","lg - tv ultra hd 4k 49"" cinema 3d - negro",4299,3129,49,"S/.2500 - S/.3500"
"linio","lg","lg - tv led webos 3d smart super ultra hd 55'' - 55uf9500",NA,6999,55,"> S/.4,500"
"linio","lg","lg tv slim ultra hd 3d webos 2.0 55'' 55uf8500 - plateado",4799,3999,55,"S/.3500 - S/.4500"
"linio","lg","lg - tv led webos 3d smart super ultra hd 55'' - 55uf9500",8999,6999,55,"> S/.4,500"
"linio","lg","lg smart  4k ultra hd 55"" - 55ub8200",3999,3699,55,"S/.3500 - S/.4500"
"linio","lg","lg - tv led ultra hd 49'' - 49uf6750",2999,2479,49,"S/.1500 - S/.2500"
"linio","samsung","tv led smart samsung un50j5500ag full hd 50''-negro-plateado",2499,1949,50,"S/.1500 - S/.2500"
"linio","samsung","samsung smart tv full hd curvo 48''-plateado",2999,2599,48,"S/.2500 - S/.3500"
"linio","sony","sony - televisor led 32"" kdl-32r505c - negro",1499,1249,32,"S/.500 - S/.1500"
"linio","lg","lg tv smart led hd 32"" 32lf585b - blanco",NA,1199,32,"S/.500 - S/.1500"
"linio","lg","lg tv slim led cinema 3d full hd 42'' 42lb6200 incluye 02 lentes 3d",NA,1799,42,"S/.1500 - S/.2500"
"linio","continental","continental - tv led 19"" celed99935,  incluye rack",NA,599,19,"S/.500 - S/.1500"
"linio","samsung","televisor samsung un40j5300ag smart tv led full hd 40''-negro",NA,1399.9,40,"S/.500 - S/.1500"
"linio","lg","lg - tv plasma full hd 60'' 60pb5600 - negro",NA,2299,60,"S/.1500 - S/.2500"
"linio","lg","lg tv led full hd 42"" sintonizador digital integrado 42ly340c - negro",NA,1399,42,"S/.500 - S/.1500"
"linio","lg","televisor lg led full hd 43"" 43lf5100 - negro",NA,1499,43,"S/.500 - S/.1500"
"linio","lg","tv led lg 32lf595b smart wi-fi webos- negro",NA,1199,32,"S/.500 - S/.1500"
"linio","lg","lg tv 49"" 4k ultrahd 49ub7000 smart-tv",NA,3500,49,"S/.2500 - S/.3500"
"linio","lg","lg tv led cinema 3d smart full hd 42'' 42lb7000 - plateado",NA,2399,42,"S/.1500 - S/.2500"
"linio","samsung","samsung tv smart full hd curvo 48'' tizen un48j6500 - plateado",NA,3099,48,"S/.2500 - S/.3500"
"linio","samsung","samsung - tv led 3d smart ultra hd 4k 55""ù un55hu8500 - negro",NA,5149,55,"> S/.4,500"
"linio","lg","lg tv led cinema 3d smart full hd 42"" 42lb6500 - incluye 4 lentes 3d",NA,2199,42,"S/.1500 - S/.2500"
"linio","samsung","samsung tv led full hd 40"" un40jh5005 - negro",NA,1499,40,"S/.500 - S/.1500"
"linio","sony","sony tv led full hd 32'' - kdl-32r304b",NA,1299,32,"S/.500 - S/.1500"
"linio","lg","lg 49ub8500 led 49"" smart 3d 4k",NA,4199,49,"S/.3500 - S/.4500"
"linio","samsung","samsung tv led smart full hd 40'' tizen un40j5300 - negro",NA,1799,40,"S/.1500 - S/.2500"
"linio","lg","lg - televisor led hd cinema 3d 32'' - 32la613b",NA,1399,32,"S/.500 - S/.1500"
"linio","sony","empaque daÌ±ado / sony bravia tv led full hd 40"" - kdl-40r475 / tv / audio / video",NA,619.83,40,"S/.500 - S/.1500"
"linio","samsung","empaque daÌ±ado / samsung tv led smart full hd ultra slim 40'' - un40h5500. / tv / audio / video",NA,840,40,"S/.500 - S/.1500"
"linio","lg","lg led cinema 3d smart full hd 50'' 50la6200.",NA,1999,50,"S/.1500 - S/.2500"
"linio","lg","lg - tv led webos 3d smart ultra hd curvo  55'' 55ug8700 - plateado",NA,6999,55,"> S/.4,500"
"linio","lg","lg tv smart  led full hd 49"" - 49lf6350",NA,2599,49,"S/.2500 - S/.3500"
"linio","sony","sony tv led full hd 40'' - kdl-40r354b",NA,1499,40,"S/.500 - S/.1500"
"linio","lg","lg - 55ub8300 led ultrahd 4k 55"" smart 3d - silver",NA,4899,55,"> S/.4,500"
"linio","lg","lg tv led full hd 47'' - 47lb5610",NA,1899,47,"S/.1500 - S/.2500"
"linio","lg","lg tv 55"" smart ultra hd 4k cinema 3d  55ub8500",NA,5999,55,"> S/.4,500"
"linio","lg","lg - tv led cinema 3d smart full hd 42'' - 42lb7000",NA,2099,42,"S/.1500 - S/.2500"
"linio","hyundai","hyundai - led smart tv 43"" fullhd android4.4 8nucleos wifi sintonizador tvdigital 4gb+ rack pared",NA,1599,43,"S/.1500 - S/.2500"
"linio","lg","empaque daÌ±ado / lg tv led cinema 3d smart full hd 42?? 42lb6500 - incluye 4 lentes 3d / tv / audio / video",NA,1025.08,42,"S/.500 - S/.1500"
"linio","aoc","aoc tv led hd 24'' - le24d3140",NA,699,24,"S/.500 - S/.1500"
"linio","aoc","aoc tv led hd 32'' - le32w454f",NA,899,32,"S/.500 - S/.1500"
"linio","lg","lg tv 3d smart led ultra hd 65"" - 65uf8500",NA,9999,65,"> S/.4,500"
"linio","lg","lg tv led 4k ultra hd 43"" - 43uf6750",NA,2299,43,"S/.1500 - S/.2500"
"linio","samsung","samsung tv led serie 5 full hd 39""ù - 39fh5005",NA,1499,39,"S/.500 - S/.1500"
"linio","lg","lg - tv led webos 3d smart full hd 55'' - 55lf6500",NA,3999,55,"S/.3500 - S/.4500"
"linio","daewoo","televisor daewoo tv led full hd 42""ù-negro",NA,1249,42,"S/.500 - S/.1500"
"linio","lg","lg tv smart webos 2.0 full hd 49"" - 49lf6350",NA,2199,49,"S/.1500 - S/.2500"
"linio","samsung","samsung tv led full hd 60"" - un60fh6003.",NA,3999,60,"S/.3500 - S/.4500"
"linio","lg","lg tv led smart hd 32"" - 32lf585b",NA,1299,32,"S/.500 - S/.1500"
"linio","sony","sony - c·mara deportiva hdr-as20 full hd wi-fi",NA,699,20,"S/.500 - S/.1500"
"linio","haier","combo haier tv led full hd 40"" le40b7500 + dongle smart tv dma6000 - negro",NA,1299,40,"S/.500 - S/.1500"
"linio","lg","lg - tv led webos smart ultra hd ultra slim 65'' 65uf7700 - negro",NA,8499,65,"> S/.4,500"
"linio","lg","lg tv led cinema 3d smart full hd 47'' - 47lb6500 incluye 4 lentes 3d",NA,2499,47,"S/.1500 - S/.2500"
"linio","lg","lg tv smart  led full hd 42"" - 42lf5850",NA,1899,42,"S/.1500 - S/.2500"
"linio","sony","sony tv led smart  full hd 60'' - kdl-60w605b",NA,3999,60,"S/.3500 - S/.4500"
"linio","samsung","samsung tv led smart ultra hd 50'' tizen un50ju6500 - negro",NA,3299,50,"S/.2500 - S/.3500"
"linio","lg","lg - tv led cinema 3d smart full hd 42'' incluye 2 lentes - 42lb6500",NA,1999,42,"S/.1500 - S/.2500"
"linio","sony","sony - tv led smart full hd 40'' - 40r555c",NA,1799,40,"S/.1500 - S/.2500"
"linio","lg","lg -tv led hd 32"" - 32lf550b - sintonizador digital integrado",NA,999,32,"S/.500 - S/.1500"
"linio","sony","sony tv led full hd 32"" - kdl-32r304b",NA,999,32,"S/.500 - S/.1500"
"linio","panasonic","panasonic - tv led smart full hd 50'' -  tc-50as600",NA,2499,50,"S/.1500 - S/.2500"
"linio","lg","lg tv smart  led full hd 60"" - 60lf6350",NA,4399,60,"S/.3500 - S/.4500"
"linio","lg","lg - tv oled curvo ultra slim smart  webos 2.0 cinema 3d 55'' - 55ec9300",NA,14999,55,"> S/.4,500"
"linio","sony","sony - tv led smart hd 32'' - 32r505c",NA,1299,32,"S/.500 - S/.1500"
"linio","lg","lg tv led cinema 3d smart full hd 42'' - 42lb7000.",NA,2399,42,"S/.1500 - S/.2500"
"linio","aoc","aoc tv led 24"" le24w454l- negro",NA,799,24,"S/.500 - S/.1500"
"linio","lg","lg tv smart  led full hd 42"" 42lf5850",NA,1899,42,"S/.1500 - S/.2500"
"linio","lg","lg tv led cinema 3d 4k smart ultra hd 49'' 49ub8500 - incluye 02 lentes 3d",NA,4499,49,"S/.3500 - S/.4500"
"linio","samsung","samsung tv led smart full hd 40'' - un40h5103",NA,1699,40,"S/.1500 - S/.2500"
"linio","samsung","samsung tv led hd 32'' un32j4000 - negro",NA,1099,32,"S/.500 - S/.1500"
"linio","lg","lg led ultrahd 4k 49"" smart 3d - 49ub8300",NA,3899,49,"S/.3500 - S/.4500"
"linio","lg","lg - home theater smart 3d blu-ray wi-fi bh9540tw - negro",NA,2999,40,"S/.2500 - S/.3500"
"linio","lg","lg tv led full hd 42'' ultra slim 42ly340c - negro",NA,1499,42,"S/.500 - S/.1500"
"linio","lg","lg tv led smart 4k ultra hd 55""  - 55ub7000",NA,3999,55,"S/.3500 - S/.4500"
"linio","aoc","televisor aoc tv led hd  32""-negro",NA,819,32,"S/.500 - S/.1500"
"linio","lg","lg tv led cinema 3d smart full hd 47'' - 47lb7200.",NA,2999,47,"S/.2500 - S/.3500"
"linio","lg","lg smart  4k ultra hd 49"" - 49ub8200",NA,2999,49,"S/.2500 - S/.3500"
