"fecha","categoria","ecommerce","marca","producto","precio.antes","precio.actual","recojo.tienda","solo.online"
"2017-08-23","televisores","falabella","Samsung","/falabella-pe/product/15810466/Monitor-TV-23,6-HD-LT24E310;jsessionid=lAcoeSjP9cYAm3SQ0MicNfOb.node4?navAction=push",NA,"S/ 499","4",NA
"2017-08-23","televisores","falabella","Apple","/falabella-pe/product/15805910/MacBook-13,3-Pro-Intel-Core-i5-4-GB-500-GB;jsessionid=lAcoeSjP9cYAm3SQ0MicNfOb.node4?navAction=push","S/ 2,999","S/ 2,899","4",NA
"2017-08-23","televisores","falabella","Lenovo","/falabella-pe/product/15724402/Notebook-Intel-Core-i5-8GB-1TB-15.6''-Rojo;jsessionid=lAcoeSjP9cYAm3SQ0MicNfOb.node4?navAction=push","S/ 2,799","S/ 2,099","4",NA
"2017-08-23","televisores","falabella","Asus","/falabella-pe/product/15723433/Notebook-15.6-Intel-Celeron-4GB-500GB;jsessionid=lAcoeSjP9cYAm3SQ0MicNfOb.node4?navAction=push","S/ 1,199","S/ 1,099","4",NA
"2017-08-23","televisores","falabella","HP","/falabella-pe/product/15773818/Notebook-15,6-AMD-A9-4-GB-1-TB-2GB-Video;jsessionid=lAcoeSjP9cYAm3SQ0MicNfOb.node4?navAction=push","S/ 1,899","S/ 1,399","4",NA
"2017-08-23","televisores","falabella","HP","/falabella-pe/product/15773820/Notebook-15.6-Intel-Core-i5-HD-8GB-1TB-2GB-Video-Silver;jsessionid=lAcoeSjP9cYAm3SQ0MicNfOb.node4?navAction=push","S/ 2,499","S/ 2,099","4",NA
"2017-08-23","televisores","falabella","Epson","/falabella-pe/product/14871932/Impresora-Multifuncional-L575-EcoTank;jsessionid=lAcoeSjP9cYAm3SQ0MicNfOb.node4?navAction=push",NA,"S/ 999","4",NA
"2017-08-23","televisores","falabella","HP","/falabella-pe/product/15773824/Notebook-15,6-Intel-Core-i7-8-GB-1-TB-2GB-Video-Blanco;jsessionid=lAcoeSjP9cYAm3SQ0MicNfOb.node4?navAction=push",NA,"S/ 3,699","4",NA
"2017-08-23","televisores","falabella","Lenovo","/falabella-pe/product/15758988/Notebook-Intel-Core-i3-15.6''-4GB-1TB-Blanco;jsessionid=lAcoeSjP9cYAm3SQ0MicNfOb.node4?navAction=push","S/ 1,499","S/ 1,399","4",NA
"2017-08-23","televisores","falabella","Epson","/falabella-pe/product/15776248/Impresora-Multifuncional-L495-Ecotank;jsessionid=lAcoeSjP9cYAm3SQ0MicNfOb.node4?navAction=push",NA,"S/ 849","4",NA
"2017-08-23","televisores","falabella","Dell","/falabella-pe/product/15823953/All-in-One-Intel-Pentium-19,5-4-GB-1-TB-HD;jsessionid=lAcoeSjP9cYAm3SQ0MicNfOb.node4?navAction=push",NA,"S/ 1,399","4",NA
"2017-08-23","televisores","falabella","LG","/falabella-pe/product/15838122/All-in-One-23,8-Intel-Pentium-4-GB-500-GB-Blanco;jsessionid=lAcoeSjP9cYAm3SQ0MicNfOb.node4?navAction=push",NA,"S/ 1,699",NA,NA
"2017-08-23","televisores","falabella","Samsung","/falabella-pe/product/15047312/Tablet-Tab-S2-8''-Dorada-+-Cover;jsessionid=lAcoeSjP9cYAm3SQ0MicNfOb.node4?navAction=push",NA,"S/ 1,599","4",NA
"2017-08-23","televisores","falabella","Apple","/falabella-pe/product/15752788/Nuevo-iPad-Retina-9.7-Wi-fi-32-GB-Gris-Espacial;jsessionid=lAcoeSjP9cYAm3SQ0MicNfOb.node4?navAction=push","S/ 2,099","S/ 1,299","4",NA
"2017-08-23","televisores","falabella","Apple","/falabella-pe/product/15752787/Nuevo-iPad-Retina-9.7-Wi-fi-32-GB-Dorado;jsessionid=lAcoeSjP9cYAm3SQ0MicNfOb.node4?navAction=push","S/ 2,099","S/ 1,299","4",NA
"2017-08-23","televisores","falabella","HP","/falabella-pe/product/15196162/Notebook-Ci3-15''-1TB-8GB-Silver;jsessionid=lAcoeSjP9cYAm3SQ0MicNfOb.node4?navAction=push","S/ 1,699","S/ 1,599","4",NA
"2017-08-23","televisores","falabella","HP","/falabella-pe/product/15123582/Multifuncional-Office-Jet-Pro-6970-Negro?navAction=push",NA,"S/ 299","4",NA
"2017-08-23","televisores","falabella","Lenovo","/falabella-pe/product/15846648/All-in-one-23,8-Intel-Core-i5-8-GB-1-TB-Touch-Negro?navAction=push","S/ 3,999","S/ 2,999","4",NA
"2017-08-23","televisores","falabella","Leotec","/falabella-pe/product/15186288/Tablet-7-LETAB726-3G-Stellar?navAction=push","S/ 249","S/ 199","4",NA
"2017-08-23","televisores","falabella","Samsung","/falabella-pe/product/15047314/Tablet-9,7-Galaxy-Tab-S2-3-GB-32-GB-+-Cover?navAction=push",NA,"S/ 1,999","4",NA
"2017-08-23","televisores","falabella","Samsung","/falabella-pe/product/15047316/Tablet-Tab-S2-9.7-Dorada-+-Cover?navAction=push",NA,"S/ 1,999","4",NA
"2017-08-23","televisores","falabella","Western Digital","/falabella-pe/product/15142468/Disco-Duro-Elements-Portable-750-GB?navAction=push",NA,"S/ 199","4",NA
"2017-08-23","televisores","falabella","Apple","/falabella-pe/product/14915424/iPad-Pro-Wifi-32-GB-Oro-Rosa?navAction=push","S/ 2,599","S/ 2,299","4",NA
"2017-08-23","televisores","falabella","Apple","/falabella-pe/product/14912018/iPad-Pro-Wifi-32-GB-Gris-Espacial?navAction=push","S/ 2,599","S/ 2,299","4",NA
"2017-08-23","televisores","falabella","Apple","/falabella-pe/product/14912019/iPad-Pro-Wifi-32-GB-Dorado?navAction=push","S/ 2,599","S/ 2,299","4",NA
"2017-08-23","televisores","falabella","Advance","/falabella-pe/product/15832745/All-in-One-21,5-Intel-Core-i5-4-GB-1-TB-Silver?navAction=push","S/ 2,699","S/ 2,299",NA,NA
"2017-08-23","televisores","falabella","Dell","/falabella-pe/product/15143919/Notebook-15,6-Intel-Core-i7-8-GB-1-TB?navAction=push","S/ 3,399","S/ 3,199","4",NA
"2017-08-23","televisores","falabella","Samsung","/falabella-pe/product/15157422/Galaxy-Tab-A-10.1''-con-S-Pen-Negro?navAction=push",NA,"S/ 1,399","4",NA
"2017-08-23","televisores","falabella","Samsung","/falabella-pe/product/15157423/Galaxy-Tab-A-10.1''-con-S-Pen-Blanco?navAction=push",NA,"S/ 1,399","4",NA
"2017-08-23","televisores","falabella","Epson","/falabella-pe/product/14603383/Impresora-L310-C11CE57303-Ecotank?navAction=push",NA,"S/ 549","4",NA
"2017-08-23","televisores","falabella","Dell","/falabella-pe/product/15143915/Notebook-i3-6100U-4GB-500GB-W10-13.3''?navAction=push","S/ 2,199","S/ 1,999","4",NA
"2017-08-23","televisores","falabella","HP","/falabella-pe/product/15773817/Notebook-15,6-Intel-Core-i3-HD-4-GB-1-TB?navAction=push","S/ 1,699","S/ 1,349","4",NA
"2017-08-23","televisores","falabella","Samsung","/falabella-pe/product/15157421/Galaxy-Tab-Kids-7''-Blanco?navAction=push",NA,"S/ 449","4",NA
"2017-08-23","televisores","falabella","Samsung","/falabella-pe/product/14466754/Galaxy-Tab-E-7-Negro?navAction=push",NA,"S/ 399","4",NA
"2017-08-23","televisores","falabella","Lenovo","/falabella-pe/product/15834387/Notebook-14-Intel-Pentium-4-GB-500-GB-HD-Silver?navAction=push","S/ 1,499","S/ 1,099","4",NA
"2017-08-23","televisores","falabella","Samsung","/falabella-pe/product/15047324/Tablet-9,7-Galaxy-Tab-S2-3-GB-32-GB-Dorado?navAction=push",NA,"S/ 1,899","4",NA
"2017-08-23","televisores","falabella","Samsung","/falabella-pe/product/15047310/Tablet-Tab-S2-8''-Negro-+-Cover?navAction=push",NA,"S/ 1,599","4",NA
"2017-08-23","televisores","falabella","Samsung","/falabella-pe/product/15784315/Tablet-9,7-Galaxy-Tab-S3-Silver-+-Cover-Negro-F-SM-T820NZSAP?navAction=push",NA,"S/ 2,399","4",NA
"2017-08-23","televisores","falabella","Western Digital","/falabella-pe/product/14739547/Disco-Duro-Externo-2TB-USB-3.0?navAction=push",NA,"S/ 339","4",NA
"2017-08-23","televisores","falabella","Western Digital","/falabella-pe/product/14736732/Disco-Duro-1-TB-USB-3.0-Negro?navAction=push",NA,"S/ 239","4",NA
"2017-08-23","televisores","falabella","HP","/falabella-pe/product/15773821/Notebook-15,6-Intel-Core-i5-HD-8-GB-1-TB-Silver?navAction=push",NA,"S/ 2,499","4",NA
"2017-08-23","televisores","falabella","HP","/falabella-pe/product/15773819/Notebook-14-Intel-Core-i3-HD-4-GB-500-GB-Silver-360Â°?navAction=push",NA,"S/ 1,999","4",NA
"2017-08-23","televisores","falabella","HP","/falabella-pe/product/14956023/Notebook-15,6-Intel-Core-i5-8-GB-2GB-Video-1-TB-Silver?navAction=push",NA,"S/ 2,499","4",NA
"2017-08-23","televisores","falabella","Lenovo","/falabella-pe/product/15724401/Notebook-Ideapad-Intel-Celeron-14''-4G-RAM-500GB-Plateado?navAction=push","S/ 1,499","S/ 1,099","4",NA
"2017-08-23","televisores","falabella","Lenovo","/falabella-pe/product/15758989/All-in-One-19,5-Intel-Celeron-4-GB-500-GB-Blanco?navAction=push","S/ 1,499","S/ 1,299","4",NA
"2017-08-23","televisores","falabella","Samsung","/falabella-pe/product/14464849/Tablet-8-SM-P350NZW-Android-5.0-16-GB-Blanco?navAction=push",NA,"S/ 999","4",NA
"2017-08-23","televisores","falabella","Samsung","/falabella-pe/product/14464552/Galaxy-Tab-8-SM-P350NZA-16GB-Gris?navAction=push",NA,"S/ 999","4",NA
"2017-08-23","televisores","falabella","Lenovo","/falabella-pe/product/15717337/Notebook-YG-500-15IBD-I5-5200U-4G-1T-15.6''?navAction=push","S/ 2,599","S/ 2,299","4",NA
"2017-08-23","televisores","falabella","Asus","/falabella-pe/product/15195296/Notebook-15,6-AMD-A8-4GB-1TB-HD-Blanco?navAction=push","S/ 1,499","S/ 1,399","4",NA
"2017-08-23","televisores","falabella","AOC","/falabella-pe/product/15164868/Tablet-7''-IPS-QC-1GB-8GB-Rosado?navAction=push","S/ 299","S/ 159","4",NA
"2017-08-23","televisores","falabella","Samsung","/falabella-pe/product/14551966/Tablet-Galaxy-Tab-E-9,6-SM-T560NZKAPEO-8-GB-Negro?navAction=push","S/ 799","S/ 699","4",NA
"2017-08-23","televisores","falabella","Samsung","/falabella-pe/product/14551967/Tablet-Galaxy-Tab-E-9,6-SM-T560NZWAPEO-8-GB-Blanco?navAction=push","S/ 799","S/ 699","4",NA
"2017-08-23","televisores","falabella","LG","/falabella-pe/product/15197301/Monitor-21,5-LED-22MP58VQ-Negro?navAction=push",NA,"S/ 599",NA,NA
"2017-08-23","televisores","falabella","LG","/falabella-pe/product/15197383/Monitor-24-Gamer-24GM77-Negro?navAction=push",NA,"S/ 1,399",NA,NA
"2017-08-23","televisores","falabella","LG","/falabella-pe/product/15197398/Monitor-29-IPS-29UM68-Negro?navAction=push",NA,"S/ 1,499",NA,NA
"2017-08-23","televisores","falabella","Apple","/falabella-pe/product/15250561/MacBook-Pro-15,4-Retina-Intel-Core7-16-GB-256-GB-Gris?navAction=push",NA,"S/ 9,999",NA,NA
"2017-08-23","televisores","falabella","Asus","/falabella-pe/product/15194972/Notebook-Ci7-7500U-12G-1TB-VID2G-15.6''?navAction=push",NA,"S/ 3,899","4",NA
"2017-08-23","televisores","falabella","Kingston","/falabella-pe/product/15142678/Mobilelite-Wireless-G3-Wifi?navAction=push",NA,"S/ 299",NA,NA
"2017-08-23","televisores","falabella","Lenovo","/falabella-pe/product/14730074/Notebook-15,6-Intel-Core-i3-4-GB-1-TB-Silver?navAction=push","S/ 1,999","S/ 1,399","4",NA
"2017-08-23","televisores","falabella","AOC","/falabella-pe/product/15164866/Tablet-7''-IPS-QC-1GB-8GB-Azul?navAction=push","S/ 299","S/ 159",NA,NA
"2017-08-23","televisores","falabella","Huawei","/falabella-pe/product/14937549/Tablet-10,1-Wifi-3-GB-64-GB-Dorado?navAction=push",NA,"S/ 1,699","4",NA
"2017-08-23","televisores","falabella","Lenovo","/falabella-pe/product/14703519/Notebook-14-Intel-Core-i3-500U-4-GB-500-GB-Touch-Blanco?navAction=push","S/ 2,299","S/ 1,799","4",NA
"2017-08-23","televisores","falabella","Dlink","/falabella-pe/product/15146699/Kit-Extensor-Powerline-WiFi?navAction=push",NA,"S/ 359",NA,NA
"2017-08-23","televisores","falabella","Epson","/falabella-pe/product/14471970/Impresora-Multifuncional-L220?navAction=push",NA,"S/ 699","4",NA
"2017-08-23","televisores","falabella","Built","/falabella-pe/product/13340875/Funda-8-para-Tablet-E-ES8-SDT?navAction=push",NA,"S/ 29.90","4",NA
"2017-08-23","televisores","falabella","Microsoft","/falabella-pe/product/14008513/Office-365-Personal-PC-Mac-y-Tablet?navAction=push",NA,"S/ 199","4",NA
"2017-08-23","televisores","falabella","Epson","/falabella-pe/product/13506168/Tinta-Liquida-T664320-Magenta?navAction=push","S/ 39.90","S/ 32.90","4",NA
"2017-08-23","televisores","falabella","Canon","/falabella-pe/product/10245140/Consumible-de-impresion?navAction=push",NA,"S/ 49","4",NA
"2017-08-23","televisores","falabella","Fiddler","/falabella-pe/product/15194848/Soporte-magnetico-para-Autos?navAction=push",NA,"S/ 24.90","4",NA
"2017-08-23","televisores","falabella","Skullcandy","/falabella-pe/product/15108138/Mochila-SKDY1163-Azul?navAction=push",NA,"S/ 169.90",NA,NA
"2017-08-23","televisores","falabella","Alcatel","/falabella-pe/product/15177856/Tablet-Pixi3-7''-Smoke-Grey-+-Skin-C?navAction=push","S/ 229","S/ 199",NA,NA
"2017-08-23","televisores","falabella","Sakar","/falabella-pe/product/13593105/Funda-para-iPad-SK-23009-BLK-Negro?navAction=push",NA,"S/ 39.90","4",NA
"2017-08-23","televisores","falabella","Case Logic","/falabella-pe/product/13877591/Mochila-Porta-Laptop-16-?navAction=push",NA,"S/ 249","4",NA
"2017-08-23","televisores","falabella","Skullcandy","/falabella-pe/product/15108139/Mochila-SCPR107-Purpura?navAction=push",NA,"S/ 199.90",NA,NA
"2017-08-23","televisores","falabella","Roccat","/falabella-pe/product/15817146/Teclado-Ryos-MK-Pro-Azul?navAction=push",NA,"S/ 549.90",NA,NA
"2017-08-23","televisores","falabella","Alcatel","/falabella-pe/product/15177857/Tablet-Pixi3-7''-4G-LTE-Negro?navAction=push",NA,"S/ 399","4",NA
"2017-08-23","televisores","falabella","HP","/falabella-pe/product/15773830/Notebook-13,3-Intel-Core-i5-8-GB-256-GB-SDD-Gris?navAction=push",NA,"S/ 4,999","4",NA
"2017-08-23","televisores","falabella","Dell","/falabella-pe/product/15802240/Notebook-Inspiron-7000-Intel-Core-i7-8GB-1TB-Gris?navAction=push",NA,"S/ 4,099","4",NA
"2017-08-23","televisores","falabella","HP","/falabella-pe/product/15258720/Notebook-i5-7200U-8GB-256GB-13.3''?navAction=push",NA,"S/ 4,999","4",NA
"2017-08-23","televisores","falabella","Sakar","/falabella-pe/product/15208097/Funda-Case-Universal-Princesa-7''?navAction=push",NA,"S/ 29.90",NA,NA
"2017-08-23","televisores","falabella","Neffos","/falabella-pe/product/15757982/Carcasa-Neffos-C5?navAction=push",NA,"S/ 17.90",NA,NA
"2017-08-23","televisores","falabella","Epson","/falabella-pe/product/11739819/Cartucho-de-Tinta-T073420-Amarilla?navAction=push",NA,"S/ 34.90","4",NA
"2017-08-23","televisores","falabella","Western Digital","/falabella-pe/product/15146186/Case-My-Passport-Negro?navAction=push",NA,"S/ 49.90","4",NA
"2017-08-23","televisores","falabella","Leotec","/falabella-pe/product/15808269/TV-Box-Android-PC-4K-Quad-Core-1-GB-8-GB?navAction=push",NA,"S/ 225",NA,NA
"2017-08-23","televisores","falabella","HP","/falabella-pe/product/15129435/Tinta-122-CH562HL-Tricolor?navAction=push",NA,"S/ 61","4",NA
"2017-08-23","televisores","falabella","Skullcandy","/falabella-pe/product/15108140/Mochila-Skullcandy-SKDY1163-BLCK4-Negro?navAction=push",NA,"S/ 169.90",NA,NA
"2017-08-23","televisores","falabella","Roccat","/falabella-pe/product/15817147/Teclado-Ryos-MK-Pro-Negro?navAction=push",NA,"S/ 549.90",NA,NA
"2017-08-23","televisores","falabella","Lenovo","/falabella-pe/product/15156869/Notebook-14-Ideapad-510S-Intel-Core-i5-4GB-1-TB-Blanco?navAction=push","S/ 2,399","S/ 1,999","4",NA
"2017-08-23","televisores","falabella","HP","/falabella-pe/product/15773832/Notebook-13,3-Intel-Core-i7-Full-HD-8-GB-256-GB-SDD-Gris?navAction=push",NA,"S/ 5,399","4",NA
"2017-08-23","televisores","falabella","Sakar","/falabella-pe/product/15208098/Spiderman-7-Universal-Portafolio-Case?navAction=push",NA,"S/ 29.90",NA,NA
"2017-08-23","televisores","falabella","HP","/falabella-pe/product/15773826/Notebook-15,6-Full-HD-Intel-Core-i7-1-TB-16-GB-128-GB-SD?navAction=push",NA,"S/ 3,899","4",NA
"2017-08-23","televisores","falabella","Philips","/falabella-pe/product/15685126/Soporte-Celular-para-carro-con-chupon?navAction=push","S/ 49","S/ 29","4",NA
"2017-08-23","televisores","falabella","Fiddler","/falabella-pe/product/15208053/Mochila-para-Laptop-15-Azul?navAction=push",NA,"S/ 89.90",NA,NA
"2017-08-23","televisores","falabella","Ddesign","/falabella-pe/product/880757697/Mochila-para-Notebook-15,6-16600-Azul?navAction=push",NA,"S/ 79","4",NA
"2017-08-23","televisores","falabella","Butrich","/falabella-pe/product/15161205/Cartera-Fucsia-+-Dorado?navAction=push",NA,"S/ 799",NA,NA
"2017-08-23","televisores","falabella","Asus","/falabella-pe/product/15194969/Notebook-Ci7-6500U-8G-512G-12.5''-W10-Gris?navAction=push",NA,"S/ 5,499","4",NA
"2017-08-23","televisores","falabella","Neffos","/falabella-pe/product/15757983/Carcasa-Neffos-C5-Ma?navAction=push",NA,"S/ 19.90",NA,NA
"2017-08-23","televisores","falabella","Epson","/falabella-pe/product/11739821/Cartucho-de-Tinta-T117120-Negra?navAction=push",NA,"S/ 24.90","4",NA
"2017-08-23","televisores","falabella","Ddesign","/falabella-pe/product/880296712/Cable-HDMI-Matel-3-Metros?navAction=push",NA,"S/ 29.90","4",NA
"2017-08-23","televisores","falabella","Skill","/falabella-pe/product/14920022/Kit-de-Limpieza-para-Pantalla-LCD?navAction=push",NA,"S/ 14.90","4",NA
"2017-08-23","televisores","falabella","Epson","/falabella-pe/product/13614184/Cartucho-de-Tinta-T196120-Negro?navAction=push",NA,"S/ 29.90","4",NA
"2017-08-23","televisores","falabella","Leotec","/falabella-pe/product/15808271/TV-Box-Android-PC-4K-Octa-Core-2-GB-16-GB?navAction=push",NA,"S/ 349",NA,NA
"2017-08-23","televisores","falabella","Skullcandy","/falabella-pe/product/15108141/Mochila-SCPR107-Amarrillo?navAction=push",NA,"S/ 199.90",NA,NA
"2017-08-23","televisores","falabella","Roccat","/falabella-pe/product/15817148/Teclado-Ryos-MK-Pro-Marron?navAction=push",NA,"S/ 549.90",NA,NA
"2017-08-23","televisores","falabella","Lenovo","/falabella-pe/product/15156871/Notebook-15,6-Ideapad-510-12-GB-1-TB-Blanco?navAction=push","S/ 3,499","S/ 2,999","4",NA
"2017-08-23","televisores","falabella","Microsoft","/falabella-pe/product/15724428/Programa-Office-365-Personal-32-64-bits?navAction=push","S/ 189","S/ 179",NA,NA
"2017-08-23","televisores","falabella","TP-Link","/falabella-pe/product/15810152/Switch-de-escritorio-de-5-puertos-10-100?navAction=push",NA,"S/ 44",NA,NA
"2017-08-23","televisores","falabella","Dell","/falabella-pe/product/15773812/Notebook-29XY7-Intel-Core-i5-Negro?navAction=push","S/ 2,399","S/ 2,099","4",NA
"2017-08-23","televisores","falabella","HP","/falabella-pe/product/15773835/All-in-One-23,8-AMD-A6-4-GB-1-TB-Negro?navAction=push",NA,"S/ 1,799","4",NA
"2017-08-23","televisores","falabella","Asus","/falabella-pe/product/15771587/Notebook-13,3-Intel-Core-i3-Ultra-Slim-4-GB-1-TB-Full-HD?navAction=push","S/ 1,999","S/ 1,699","4",NA
"2017-08-23","televisores","falabella","Macrotel","/falabella-pe/product/15208064/Cargador-+-2-Pilas-Aaa-100?navAction=push",NA,"S/ 19.90",NA,NA
"2017-08-23","televisores","falabella","Sakar","/falabella-pe/product/15208101/Bolso-morral-Frozen-11''?navAction=push",NA,"S/ 49.90",NA,NA
"2017-08-23","televisores","falabella","Butrich","/falabella-pe/product/15161217/Skin-Corazon-y-Rayas-15.6p?navAction=push",NA,"S/ 79",NA,NA
"2017-08-23","televisores","falabella","Fiddler","/falabella-pe/product/14267428/Mouse-Inalambrico-FD-XM518N-Negro?navAction=push",NA,"S/ 29.90","4",NA
"2017-08-23","televisores","falabella","Samsung","/falabella-pe/product/15736751/Monitor-Plano-22-LS22F350-Full-HD?navAction=push",NA,"S/ 429",NA,NA
"2017-08-23","televisores","falabella","HP","/falabella-pe/product/15773827/Notebook-15,6-Full-HD-Intel-Core-i5-8-GB-1-TB?navAction=push",NA,"S/ 3,999","4",NA
"2017-08-23","televisores","falabella","Epson","/falabella-pe/product/11739816/Tinta-para-Impresora-T073120-Negro?navAction=push",NA,"S/ 34.90","4",NA
"2017-08-23","televisores","falabella","Wacom","/falabella-pe/product/15915995/Tablet-Digital-27-Cintiq-QHD-Creative-Pentouch?navAction=push",NA,"S/ 12,399",NA,NA
"2017-08-23","televisores","falabella","Leotec","/falabella-pe/product/15805958/Router-3G-Wifi-Micro-SD-Compartida?navAction=push",NA,"S/ 179",NA,NA
"2017-08-23","televisores","falabella","Dlink","/falabella-pe/product/14924801/Router-Ethernet-NWDLDIR905L?navAction=push",NA,"S/ 99","4",NA
"2017-08-23","televisores","falabella","Fiddler","/falabella-pe/product/15208054/Mochila-para-Laptop-15-Naranja?navAction=push",NA,"S/ 89.90",NA,NA
"2017-08-23","televisores","falabella","Microsoft","/falabella-pe/product/14014781/Mouse-Sculpt-Mobile-Windows-Rosado?navAction=push",NA,"S/ 109",NA,NA
"2017-08-23","televisores","falabella","Genius","/falabella-pe/product/14799970/Mouse-Retractil-Micro-Traveler-Rojo?navAction=push",NA,"S/ 32.90","4",NA
"2017-08-23","televisores","falabella","Ddesign","/falabella-pe/product/880757701/Mochila-para-Notebook-15,6-16117-Negro?navAction=push",NA,"S/ 99","4",NA
"2017-08-23","televisores","falabella","Epson","/falabella-pe/product/12154605/Tinta-T133320-Magenta?navAction=push",NA,"S/ 39.90","4",NA
"2017-08-23","televisores","falabella","Butrich","/falabella-pe/product/15161206/Skin-Bolas-13p?navAction=push",NA,"S/ 79",NA,NA
"2017-08-23","televisores","falabella","Genius","/falabella-pe/product/14799973/Mouse-Inalambrico-NX-7000-Negro?navAction=push","S/ 34.90","S/ 29.90","4",NA
"2017-08-23","televisores","falabella","Ddesign","/falabella-pe/product/880757707/Mochila-para-Notebook-15,6-16600-Gris?navAction=push","S/ 79","S/ 59","4",NA
"2017-08-23","televisores","falabella","Apple","/falabella-pe/product/15250564/iPad-Pro-Wifi-256-GB-Gris-Espacial?navAction=push",NA,"S/ 3,399",NA,NA
"2017-08-23","televisores","falabella","Toshiba","/falabella-pe/product/15003031/Disco-Duro-1TB-Canvio-Basica-3.0?navAction=push",NA,"S/ 249","4",NA
"2017-08-23","televisores","falabella","Skullcandy","/falabella-pe/product/15108147/Mochila-SKDY8019-MR-Student?navAction=push",NA,"S/ 249",NA,NA
"2017-08-23","televisores","falabella","Ddesign","/falabella-pe/product/880296714/Cable-HDMI-AM-AM-1.8M?navAction=push","S/ 24.90","S/ 15","4",NA
"2017-08-23","televisores","falabella","Acer","/falabella-pe/product/15660025/Notebook-14-2-en-1-Intel-Core-i7-8GB-256GB-SSD?navAction=push",NA,"S/ 5,099","4",NA
"2017-08-23","televisores","falabella","Genius","/falabella-pe/product/15165431/Mouse-Dx-110-Usb-optico-Blanco?navAction=push",NA,"S/ 19.90","4",NA
"2017-08-23","televisores","falabella","XYZPrinting","/falabella-pe/product/15810434/Cable-para-Impresora-Gris-DAVINCI-JR1.1?navAction=push",NA,"S/ 169",NA,NA
"2017-08-23","televisores","falabella","Advance","/falabella-pe/product/15673908/Tablet-7-TR4885-3G-Quad-Core-2-GB-8-GB-Celeste-+-Mochila?navAction=push",NA,"S/ 299","4",NA
"2017-08-23","televisores","falabella","Epson","/falabella-pe/product/14783117/Tinta-Negro-T296120-AL-Xpression?navAction=push",NA,"S/ 17.94","4",NA
"2017-08-23","televisores","falabella","Case Logic","/falabella-pe/product/13686655/Funda-para-Tablets-TS-108-de-7-y-8-?navAction=push",NA,"S/ 29.90","4",NA
"2017-08-23","televisores","falabella","Roccat","/falabella-pe/product/15817153/Teclado-Isku-FX-Negro?navAction=push",NA,"S/ 394.90",NA,NA
"2017-08-23","televisores","falabella","Skill","/falabella-pe/product/14920024/Pad-Mouse-Descansador-Negro?navAction=push",NA,"S/ 12.90","4",NA
"2017-08-23","televisores","falabella","Genius","/falabella-pe/product/15165408/Mouse-Dx-110-Usb-Optico-Azul?navAction=push",NA,"S/ 19.90","4",NA
"2017-08-23","televisores","falabella","Canon","/falabella-pe/product/15136320/Impresora-Multifuncional-MG-3010-Wifi?navAction=push",NA,"S/ 259","4",NA
"2017-08-23","televisores","falabella","Epson","/falabella-pe/product/13614185/Cartucho-de-Tinta-T195120-Negro?navAction=push",NA,"S/ 24.90","4",NA
"2017-08-23","televisores","falabella","LG","/falabella-pe/product/15774369/Monitor-LED-32-Full-HD-IPS-32MP58HQ?navAction=push",NA,"S/ 1,249",NA,NA
"2017-08-23","televisores","falabella","Kingston","/falabella-pe/product/15190409/Mouse-Pad-HyperX-Fury-Gamer-Medium-Negro?navAction=push",NA,"S/ 69",NA,NA
"2017-08-23","televisores","falabella","Logitech","/falabella-pe/product/14699062/Mouse-Inalambrico-M317-Negro?navAction=push",NA,"S/ 99","4",NA
"2017-08-23","televisores","falabella","Skullcandy","/falabella-pe/product/15108142/Mochila-SKDY1163-BLCK3-Negro?navAction=push",NA,"S/ 169.90",NA,NA
"2017-08-23","televisores","falabella","Roccat","/falabella-pe/product/15817149/Teclado-Ryos-MK-Pro-Rojo?navAction=push",NA,"S/ 549.90",NA,NA
"2017-08-23","televisores","falabella","WTF","/falabella-pe/product/15759503/Smart-Sticker-Negro-COL-01?navAction=push","S/ 39.90","S/ 24.90",NA,NA
"2017-08-23","televisores","falabella","Microsoft","/falabella-pe/product/15724430/Programa-Office-Home-and-Student-2016?navAction=push",NA,"S/ 389","4",NA
"2017-08-23","televisores","falabella","Lenovo","/falabella-pe/product/15108495/Tablet-6,4-Phab-2-Pro-4-GB-64-GB-8MP-16-MP-Dorado?navAction=push","S/ 1,899","S/ 1,799","4",NA
"2017-08-23","televisores","falabella","WTF","/falabella-pe/product/15759507/Smart-Sticker-Square-ART-01?navAction=push","S/ 39.90","S/ 24.90",NA,NA
"2017-08-23","televisores","falabella","Targus","/falabella-pe/product/14828218/Mochila-Porta-Laptop-15,6-TSB226LA-Negro?navAction=push",NA,"S/ 149","4",NA
"2017-08-23","televisores","falabella","TP-Link","/falabella-pe/product/15810153/Adaptador-USB-Inalambrico-de-Alta-Potencia-300Mbps?navAction=push",NA,"S/ 109",NA,NA
"2017-08-23","televisores","falabella","Butrich","/falabella-pe/product/15161210/Skin-Rosado-14p?navAction=push",NA,"S/ 79",NA,NA
"2017-08-23","televisores","falabella","Magix","/falabella-pe/product/15810427/Lapicero-3D-MAGIX-KIDS?navAction=push",NA,"S/ 249",NA,NA
"2017-08-23","televisores","falabella","Sandisk","/falabella-pe/product/13485252/Memoria-USB-Cruzer-Blade-8-GB?navAction=push",NA,"S/ 19.90","4",NA
"2017-08-23","televisores","falabella","Brother","/falabella-pe/product/15724459/Impresora-Multifuncional-DCPT700W?navAction=push",NA,"S/ 899",NA,NA
"2017-08-23","televisores","falabella","TotoLink","/falabella-pe/product/15889444/Router-Inalambrico-N100RE-Blanco?navAction=push",NA,"S/ 69",NA,NA
"2017-08-23","televisores","falabella","Genius","/falabella-pe/product/14799977/Mouse-Inalambrico-NX-7015-Gris?navAction=push",NA,"S/ 44.90","4",NA
"2017-08-23","televisores","falabella","TP-Link","/falabella-pe/product/15810163/Router-Gigabit-de-Banda-Dual-Inalambrico-AC1750?navAction=push",NA,"S/ 599",NA,NA
"2017-08-23","televisores","falabella","Case Logic","/falabella-pe/product/14484472/Maletin-Porta-Laptop-15-?navAction=push",NA,"S/ 120","4",NA
"2017-08-23","televisores","falabella","Sakar","/falabella-pe/product/15208088/Bolso-para-Tablet-11-Avenger-Ultron?navAction=push",NA,"S/ 49.90",NA,NA
"2017-08-23","televisores","falabella","HP","/falabella-pe/product/14923837/Tinta-46-Negro-Single?navAction=push",NA,"S/ 41.90","4",NA
"2017-08-23","televisores","falabella","HP","/falabella-pe/product/15773836/All-in-One-19,5-Intel-Core-i3-4-GB-1-TB-Blanco?navAction=push",NA,"S/ 1,999","4",NA
"2017-08-23","televisores","falabella","Samsung","/falabella-pe/product/15047318/Tablet-Tab-S2-8''-Negro?navAction=push",NA,"S/ 1,499","4",NA
"2017-08-23","televisores","falabella","Logitech","/falabella-pe/product/14972819/Mouse-Gamer-Tuneable-G502?navAction=push",NA,"S/ 259","4",NA
"2017-08-23","televisores","falabella","Fiddler","/falabella-pe/product/15208133/Organizador-de-Cables-X-6?navAction=push",NA,"S/ 9.90","4",NA
"2017-08-23","televisores","falabella","Logitech","/falabella-pe/product/14972876/Teclado-Gamer-G105-USB-Negro?navAction=push",NA,"S/ 249","4",NA
"2017-08-23","televisores","falabella","Asus","/falabella-pe/product/15771588/Notebook-15,6-Intel-Core-i5-7200U-6GB-1TB-2GB-Video?navAction=push","S/ 2,399","S/ 1,899","4",NA
"2017-08-23","televisores","falabella","Macrotel","/falabella-pe/product/15208065/Pack-Pilas-Recargables-Aa?navAction=push",NA,"S/ 18.90",NA,NA
"2017-08-23","televisores","falabella","Genius","/falabella-pe/product/15809165/Teclado-Scorpion-K220-Negro?navAction=push",NA,"S/ 59",NA,NA
"2017-08-23","televisores","falabella","Sandisk","/falabella-pe/product/15185585/USB-Ultra-Dual-Drive-16GB?navAction=push",NA,"S/ 49.90","4",NA
"2017-08-23","televisores","falabella","Exin","/falabella-pe/product/15719246/CPU-para-Gamers-Defender-71?navAction=push",NA,"S/ 3,209",NA,NA
"2017-08-23","televisores","falabella","Samsung","/falabella-pe/product/15736758/Monitor-Gaming-Curvo-24-LC24FG70?navAction=push",NA,"S/ 1,499",NA,NA
"2017-08-23","televisores","falabella","HP","/falabella-pe/product/15752505/Padmouse-X7Z94AA-Omen-con-Steel-Negro?navAction=push",NA,"S/ 168",NA,NA
"2017-08-23","televisores","falabella","Roccat","/falabella-pe/product/15817144/Teclado-Suora-Retroiluminacion-FX?navAction=push",NA,"S/ 549.90",NA,NA
"2017-08-23","televisores","falabella","HP","/falabella-pe/product/15773828/Notebook-15,6-Full-HD-Intel-Core-i7-12-GB-1-TB?navAction=push",NA,"S/ 4,699","4",NA
"2017-08-23","televisores","falabella","Fiddler","/falabella-pe/product/14952298/Cable-HDMI-30-AWG-1,8-m?navAction=push",NA,"S/ 19.90","4",NA
"2017-08-23","televisores","falabella","Epson","/falabella-pe/product/11739817/Cartucho-de-Tinta-T073220-Cyan?navAction=push",NA,"S/ 34.90","4",NA
"2017-08-23","televisores","falabella","Leotec","/falabella-pe/product/15808265/Tablet-10,1-Supernova-I3G?navAction=push",NA,"S/ 419",NA,NA
"2017-08-23","televisores","falabella","HP","/falabella-pe/product/14962077/Tinta-664-Negro?navAction=push",NA,"S/ 41.90","4",NA
"2017-08-23","televisores","falabella","LG","/falabella-pe/product/15197403/Monitor-29-Curvo-29UC88-Negro?navAction=push",NA,"S/ 1,999",NA,NA
"2017-08-23","televisores","falabella","Dlink","/falabella-pe/product/14924802/Router-Ethernet-NWDIR-809?navAction=push",NA,"S/ 169","4",NA
"2017-08-23","televisores","falabella","Fiddler","/falabella-pe/product/14546114/Ventilador-para-Laptop-9-17-Negro?navAction=push",NA,"S/ 39.90","4",NA
"2017-08-23","televisores","falabella","Dell","/falabella-pe/product/15773810/Notebook-Intel-Core-i3-6GB-1TB-14-Negro?navAction=push",NA,"S/ 1,599","4",NA
"2017-08-23","televisores","falabella","Macrotel","/falabella-pe/product/15208062/Cable-HDMI-a-HDMI-Mini-MV-3310PRO?navAction=push",NA,"S/ 14.90",NA,NA
"2017-08-23","televisores","falabella","Case Logic","/falabella-pe/product/14547946/Funda-Neopreno-para-Laptop-16-?navAction=push",NA,"S/ 89","4",NA
"2017-08-23","televisores","falabella","Microsoft","/falabella-pe/product/14932582/Mouse-Compact-Optical-500?navAction=push",NA,"S/ 49","4",NA
"2017-08-23","televisores","falabella","Dlink","/falabella-pe/product/14924799/Router-NWDLDIR615?navAction=push",NA,"S/ 79","4",NA
"2017-08-23","televisores","falabella","Epson","/falabella-pe/product/12154586/Cartucho-de-Tinta-T135120-Negra?navAction=push",NA,"S/ 29.90","4",NA
"2017-08-23","televisores","falabella","Genius","/falabella-pe/product/14799971/Mouse-Retractil-Micro-Traveler-Silver?navAction=push",NA,"S/ 32.90","4",NA
"2017-08-23","televisores","falabella","Ddesign","/falabella-pe/product/880757703/Mochila-para-Notebook-15,6-DK-Gris-Azul?navAction=push",NA,"S/ 99","4",NA
"2017-08-23","televisores","falabella","Acer","/falabella-pe/product/15660018/Notebook-Intel-Celeron-3350-4GB-500GB-15.6''?navAction=push","S/ 1,199","S/ 1,099","4",NA
"2017-08-23","televisores","falabella","Epson","/falabella-pe/product/12154612/Cartucho-de-Tinta-T133420-color-amarillo?navAction=push",NA,"S/ 39.90","4",NA
"2017-08-23","televisores","falabella","Acer","/falabella-pe/product/15898115/Notebook-15,6-Intel-Core-i7-12GB-1TB?navAction=push","S/ 4,099","S/ 3,999",NA,NA
"2017-08-23","televisores","falabella","Samsung","/falabella-pe/product/15102371/Funda-Samsung-Book-Cover-Tab-3.7-Negro?navAction=push",NA,"S/ 139",NA,NA
"2017-08-23","televisores","falabella","AOC","/falabella-pe/product/15190386/Monitor-27''?navAction=push",NA,"S/ 969",NA,NA
"2017-08-23","televisores","falabella","Fiddler","/falabella-pe/product/15802431/Cable-Audio-Mini-Plug-1,8-m?navAction=push",NA,"S/ 12.90","4",NA
"2017-08-23","televisores","falabella","Butrich","/falabella-pe/product/15161207/Skin-Bolas-14p?navAction=push",NA,"S/ 79",NA,NA
"2017-08-23","televisores","falabella","Brother","/falabella-pe/product/15724457/Impresora-Multifuncional-DCPT300?navAction=push",NA,"S/ 699",NA,NA
"2017-08-23","televisores","falabella","Genius","/falabella-pe/product/14799974/Mouse-Inalambrico-NX-7000-Blanco?navAction=push","S/ 34.90","S/ 29.90","4",NA
"2017-08-23","televisores","falabella","Perfect Choise","/falabella-pe/product/15208074/Protector-De-Pantalla-Anti?navAction=push",NA,"S/ 19.90",NA,NA
"2017-08-23","televisores","falabella","Motorola","/falabella-pe/product/15781992/Radio-2-vias-T200PE?navAction=push",NA,"S/ 349",NA,NA
"2017-08-23","televisores","falabella","Apple","/falabella-pe/product/15197457/Ipad-Mini-2-Wi-Fi-32GB-Gris-Espacial?navAction=push",NA,"S/ 1,199","4",NA
"2017-08-23","televisores","falabella","Sandisk","/falabella-pe/product/15185579/Memoria-USB-32-GB-Metalico?navAction=push","S/ 59.90","S/ 57.90","4",NA
"2017-08-23","televisores","falabella","Samsung","/falabella-pe/product/14945107/Tablet-Galaxy-Tab-de-7''-8GB-Blanco?navAction=push","S/ 599","S/ 499","4",NA
"2017-08-23","televisores","falabella","Leotec","/falabella-pe/product/15806311/Cargador-de-Tablet-LECTAB5VUSB?navAction=push",NA,"S/ 29",NA,NA
"2017-08-23","televisores","falabella","Microsoft","/falabella-pe/product/14961507/Mouse-Wireless-Mobile-Gris-Oscuro?navAction=push",NA,"S/ 109",NA,NA
"2017-08-23","televisores","falabella","Tp-link","/falabella-pe/product/14924795/Acces-Point-NWTLWA701N?navAction=push",NA,"S/ 99","4",NA
"2017-08-23","televisores","falabella","Built","/falabella-pe/product/13601110/Funda-para-Tablet-7-8-E-ES8-MNV?navAction=push",NA,"S/ 29.90","4",NA
"2017-08-23","televisores","falabella","Sakar","/falabella-pe/product/15208109/Spiderman-Tablet-Sleeve-7-?navAction=push",NA,"S/ 29.90",NA,NA
"2017-08-23","televisores","falabella","Perfect Choise","/falabella-pe/product/15208173/Funda-Tablet-10-Negro?navAction=push",NA,"S/ 9.90",NA,NA
"2017-08-23","televisores","falabella","Skullcandy","/falabella-pe/product/15108148/Mochila-SKDY8019-WOO-Student?navAction=push",NA,"S/ 249",NA,NA
"2017-08-23","televisores","falabella","Razer","/falabella-pe/product/15809084/Mouse-ABYSSUS-V2-Negro?navAction=push",NA,"S/ 229",NA,NA
"2017-08-23","televisores","falabella","Razer","/falabella-pe/product/15809087/Mouse-NAGA-HEX-V2-Negro?navAction=push",NA,"S/ 479",NA,NA
"2017-08-23","televisores","falabella","Acer","/falabella-pe/product/15660026/Notebook-CI3-7100U-4GB-128SSD-14''-Slim?navAction=push","S/ 2,399","S/ 1,919","4",NA
"2017-08-23","televisores","falabella","Genius","/falabella-pe/product/15165433/Audifonos-c-Microfono-HS-G500V?navAction=push",NA,"S/ 69.90","4",NA
"2017-08-23","televisores","falabella","Targus","/falabella-pe/product/14828226/Funda-para-laptop-14''-Trax-Black?navAction=push",NA,"S/ 39.90","4",NA
"2017-08-23","televisores","falabella","Razer","/falabella-pe/product/15809099/Pad-Mouse-Goliathus-TERRA-LARGE?navAction=push",NA,"S/ 129.90",NA,NA
"2017-08-23","televisores","falabella","TP-Link","/falabella-pe/product/15810158/Switch-de-Escritorio-de-8-Puertos-de-10-100Mbps?navAction=push",NA,"S/ 54",NA,NA
"2017-08-23","televisores","falabella","XYZPrinting","/falabella-pe/product/15810435/Cable-para-Impresora-Negro-DAVINCI-JR1.1?navAction=push",NA,"S/ 169",NA,NA
"2017-08-23","televisores","falabella","Case Logic","/falabella-pe/product/14324519/Mochila-Evolution-Plus-para-Laptop-15,6-Negro?navAction=push",NA,"S/ 199","4",NA
"2017-08-23","televisores","falabella","Advance","/falabella-pe/product/15673909/Tablet-7-TR4885-3G-Quad-Core-2-GB-8-GB-Verde-+-Mochila?navAction=push",NA,"S/ 299","4",NA
"2017-08-23","televisores","falabella","Epson","/falabella-pe/product/14783118/Tinta-Cian-T296220-AL-Xpression?navAction=push",NA,"S/ 28.74","4",NA
"2017-08-23","televisores","falabella","Roccat","/falabella-pe/product/15817154/Teclado-Isku-FX-Blanco?navAction=push",NA,"S/ 394.90",NA,NA
"2017-08-23","televisores","falabella","Casio","/falabella-pe/product/15136341/Calculadora-de-Mesa-MX-8B-BK?navAction=push",NA,"S/ 18.50","4",NA
"2017-08-23","televisores","falabella","Razer","/falabella-pe/product/15809089/KIT-TECLADO+MOUSE-CYCLOSA-ABYSUSS-Negro?navAction=push",NA,"S/ 289.90",NA,NA
"2017-08-23","televisores","falabella","Samsonite","/falabella-pe/product/14414874/Mochila-Porta-Laptop-Locus-Backpack-V-Negro?navAction=push",NA,"S/ 299","4",NA
"2017-08-23","televisores","falabella","Skill","/falabella-pe/product/14920025/Pad-Mouse-Descansador-Azul?navAction=push",NA,"S/ 12.90","4",NA
"2017-08-23","televisores","falabella","Logitech","/falabella-pe/product/15165409/Mouse-M185-Wireless-Gris?navAction=push",NA,"S/ 54.90","4",NA
"2017-08-23","televisores","falabella","Epson","/falabella-pe/product/13614186/Cartucho-de-Tinta-T195220-Cian?navAction=push",NA,"S/ 34.90","4",NA
"2017-08-23","televisores","falabella","Targus","/falabella-pe/product/15165437/Mochila-Compact-Rolling-16''?navAction=push",NA,"S/ 259","4",NA
"2017-08-23","televisores","falabella","Case Logic","/falabella-pe/product/14251391/Folio-para-Tablet-7-?navAction=push",NA,"S/ 49","4",NA
"2017-08-23","televisores","falabella","Fiddler","/falabella-pe/product/14717261/Mouse-Optico-Retractil-USB-Azul?navAction=push",NA,"S/ 15.90","4",NA
"2017-08-23","televisores","falabella","Kingston","/falabella-pe/product/15190410/Mouse-Pad-HyperX-Fury-Gamer-Large-Negro?navAction=push",NA,"S/ 99",NA,NA
"2017-08-23","televisores","falabella","Dell","/falabella-pe/product/15712247/Notebook-I7-6700HQ-8GB-1TB-GTX960?navAction=push",NA,"S/ 3,699",NA,NA
"2017-08-23","televisores","falabella","Logitech","/falabella-pe/product/14699065/Mouse-Optico-Wireless-M317-Zigzag?navAction=push",NA,"S/ 99","4",NA
"2017-08-23","televisores","falabella","Butrich","/falabella-pe/product/15161214/Skin-Corazon-Gigante-15.6p?navAction=push",NA,"S/ 79",NA,NA
"2017-08-23","televisores","falabella","Razer","/falabella-pe/product/15809101/Pad-Mouse-Goliathus-TERRA-SMALL?navAction=push",NA,"S/ 79.90",NA,NA
"2017-08-23","televisores","falabella","Wacom","/falabella-pe/product/15915990/Tablet-Digital-Intuos-Pro-Medium?navAction=push",NA,"S/ 1,599",NA,NA
"2017-08-23","televisores","falabella","Skullcandy","/falabella-pe/product/15108144/Mochila-SKDY8018-Naranja?navAction=push",NA,"S/ 199",NA,NA
"2017-08-23","televisores","falabella","Magix","/falabella-pe/product/15810431/Insumo-Lapicero-3D-Amarillo?navAction=push",NA,"S/ 9.90",NA,NA
"2017-08-23","televisores","falabella","Roccat","/falabella-pe/product/15817150/Teclado-Ryos-MK-Glow-Negro?navAction=push",NA,"S/ 475.90",NA,NA
"2017-08-23","televisores","falabella","Logitech","/falabella-pe/product/14699059/Mouse-Optico-Wireless-M280-Azul?navAction=push",NA,"S/ 69.90","4",NA
"2017-08-23","televisores","falabella","WTF","/falabella-pe/product/15759504/Smart-Sticker-Triang-GEO-04?navAction=push","S/ 39.90","S/ 24.90",NA,NA
"2017-08-23","televisores","falabella","Merkury","/falabella-pe/product/15208153/Funda-para-Tablet-10-Mb?navAction=push",NA,"S/ 19.90",NA,NA
"2017-08-23","televisores","falabella","TP-Link","/falabella-pe/product/15810160/Router-Inalambrico-Tri-Banda-Gigabit-AC3200?navAction=push",NA,"S/ 1,099",NA,NA
"2017-08-23","televisores","falabella","XYZPrinting","/falabella-pe/product/15810437/Cable-para-Impresora-Amarillo-DAVINCI-JR1.1?navAction=push",NA,"S/ 169",NA,NA
"2017-08-23","televisores","falabella","Targus","/falabella-pe/product/15066730/Mochila-Sport-Backpack-15,6-Negro?navAction=push",NA,"S/ 69","4",NA
"2017-08-23","televisores","falabella","Advance","/falabella-pe/product/15673911/Tablet-7-TR4885-3G-Quad-Core-2-GB-8-GB-Amarillo-+-Mochila?navAction=push",NA,"S/ 299","4",NA
"2017-08-23","televisores","falabella","Genius","/falabella-pe/product/15809162/Mouse-NX9000BT-GOLD-Dorado?navAction=push",NA,"S/ 84.90",NA,NA
"2017-08-23","televisores","falabella","Exin","/falabella-pe/product/15719243/CPU-para-Gamers-Razor-71?navAction=push",NA,"S/ 2,569",NA,NA
"2017-08-23","televisores","falabella","Epson","/falabella-pe/product/14783120/Tinta-Amarillo-T296420-AL-Xpression?navAction=push",NA,"S/ 28.74","4",NA
"2017-08-23","televisores","falabella","Epson","/falabella-pe/product/13506165/Cartucho-de-Tinta-T196420-Amarillo?navAction=push",NA,"S/ 39.90","4",NA
"2017-08-23","televisores","falabella","Samsung","/falabella-pe/product/15102363/Funda-Samsung-para-Samsung-Galaxy-Tab-3-7.0-Rosado?navAction=push",NA,"S/ 139",NA,NA
"2017-08-23","televisores","falabella","Brother","/falabella-pe/product/15724453/Impresora-Laser-Monocromatica-HL1202?navAction=push",NA,"S/ 199",NA,NA
"2017-08-23","televisores","falabella","Ddesign","/falabella-pe/product/880630105/Soporte-para-Auto-de-Celulares?navAction=push",NA,"S/ 16.90","4",NA
"2017-08-23","televisores","falabella","WTF","/falabella-pe/product/15759508/Smart-Sticker-Zebra?navAction=push","S/ 39.90","S/ 24.90",NA,NA
"2017-08-23","televisores","falabella","HP","/falabella-pe/product/15190299/Tinta-904XL-Cyan-Original-Ink?navAction=push",NA,"S/ 55.90","4",NA
"2017-08-23","televisores","falabella","Roccat","/falabella-pe/product/15817163/Audifono-Gamer-Estereo-On-Ear?navAction=push",NA,"S/ 236.90",NA,NA
"2017-08-23","televisores","falabella","Targus","/falabella-pe/product/14828219/Maletin-para-Notebook-16''-CN31US?navAction=push",NA,"S/ 79.90","4",NA
"2017-08-23","televisores","falabella","Razer","/falabella-pe/product/15809096/Pad-Mouse-Goliathus-FISSURE-SMALL?navAction=push",NA,"S/ 79.90",NA,NA
"2017-08-23","televisores","falabella","TP-Link","/falabella-pe/product/15810154/Extensor-de-Powerline-WiFi-AV500-de-300Mbps?navAction=push",NA,"S/ 229",NA,NA
"2017-08-23","televisores","falabella","Lexar","/falabella-pe/product/15136332/USB-M20C-16-GB-3-1-Tipo-C?navAction=push",NA,"S/ 49.90","4",NA
"2017-08-23","televisores","falabella","Butrich","/falabella-pe/product/15161211/Skin-Rosado-15.6p?navAction=push",NA,"S/ 79",NA,NA
"2017-08-23","televisores","falabella","Magix","/falabella-pe/product/15810428/Lapicero-3D-MAGIX-PRO?navAction=push",NA,"S/ 299",NA,NA
"2017-08-23","televisores","falabella","Epson","/falabella-pe/product/13506162/Cartucho-de-Tinta-T197120-Negro?navAction=push",NA,"S/ 39.90","4",NA
"2017-08-23","televisores","falabella","Roccat","/falabella-pe/product/15817158/Mouse-Kova-Negro?navAction=push",NA,"S/ 199.90",NA,NA
"2017-08-23","televisores","falabella","Casio","/falabella-pe/product/15136343/Calculadora-portatil-HL-820LV-BK?navAction=push",NA,"S/ 11.90","4",NA
"2017-08-23","televisores","falabella","Razer","/falabella-pe/product/15809093/Teclado-BLACKWIDOW-OVEW-Negro?navAction=push",NA,"S/ 869",NA,NA
"2017-08-23","televisores","falabella","Sandisk","/falabella-pe/product/13485253/Memoria-USB-Cruzer-Blade-16-GB?navAction=push","S/ 29.90","S/ 26.90","4",NA
"2017-08-23","televisores","falabella","TotoLink","/falabella-pe/product/15889445/Router-Inalambrico-N200RE-Blanco?navAction=push",NA,"S/ 69",NA,NA
"2017-08-23","televisores","falabella","Genius","/falabella-pe/product/14799978/Mouse-Inalambrico-NX-7015-Marron?navAction=push",NA,"S/ 44.90","4",NA
"2017-08-23","televisores","falabella","Merkury","/falabella-pe/product/15208166/Funda-Tablet-10-?navAction=push",NA,"S/ 29.90",NA,NA
"2017-08-23","televisores","falabella","TP-Link","/falabella-pe/product/15810164/Extensor-de-Rango-Wi-Fi-AC1750?navAction=push",NA,"S/ 449",NA,NA
"2017-08-23","televisores","falabella","Sakar","/falabella-pe/product/15208091/Case-Iphone-4-4s-Spiderman?navAction=push",NA,"S/ 9.90",NA,NA
"2017-08-23","televisores","falabella","Samsung","/falabella-pe/product/15784314/Tablet-9,7-Galaxy-Tab-S3-Negro-+-Cover-Negro-F-SM-T820NZKAP?navAction=push",NA,"S/ 2,399","4",NA
"2017-08-23","televisores","falabella","TotoLink","/falabella-pe/product/15889448/Router-Inalambrico-1004-Blanco?navAction=push",NA,"S/ 179",NA,NA
"2017-08-23","televisores","falabella","Genius","/falabella-pe/product/14799981/Mouse-Micro-Traveler-9000R-Rosado?navAction=push",NA,"S/ 77.90","4",NA
"2017-08-23","televisores","falabella","HP","/falabella-pe/product/14923838/Tinta-46-Tricolor-Single?navAction=push",NA,"S/ 41.90","4",NA
"2017-08-23","televisores","falabella","TP-Link","/falabella-pe/product/15810147/Extensor-Powerline-Wi-Fi-300Mbps-AV500-Kit-de-Inicio?navAction=push",NA,"S/ 329",NA,NA
"2017-08-23","televisores","falabella","HP","/falabella-pe/product/15773837/All-in-One-23,8-AMD-A9-6-GB-1-TB-Silver?navAction=push",NA,"S/ 2,499","4",NA
"2017-08-23","televisores","falabella","Acer","/falabella-pe/product/15846506/Monitor-Gamer-Predator-24P?navAction=push","S/ 1,759","S/ 1,699",NA,NA
"2017-08-23","televisores","falabella","Samsung","/falabella-pe/product/15047320/Tablet-Tab-S2-8''-Dorada?navAction=push",NA,"S/ 1,499","4",NA
"2017-08-23","televisores","falabella","Logitech","/falabella-pe/product/15165411/Mouse-M185-Wireless-Rojo?navAction=push",NA,"S/ 54.90","4",NA
"2017-08-23","televisores","falabella","Merkury","/falabella-pe/product/15208146/Funda-para-Tablet-7-Dy?navAction=push",NA,"S/ 19.90",NA,NA
"2017-08-23","televisores","falabella","HP","/falabella-pe/product/15166355/Botella-de-Tinta-Magenta-GT52?navAction=push",NA,"S/ 34.90","4",NA
"2017-08-23","televisores","falabella","LG","/falabella-pe/product/15796198/Monitor-LED-23,8-24MP48HQ-IPS-Negro?navAction=push",NA,"S/ 659",NA,NA
"2017-08-23","televisores","falabella","Logitech","/falabella-pe/product/14972822/Mouse-Gamer-G602-Inalambrico?navAction=push",NA,"S/ 299","4",NA
"2017-08-23","televisores","falabella","Targus","/falabella-pe/product/15722668/Mochila-City-Azul?navAction=push",NA,"S/ 69.90","4",NA
"2017-08-23","televisores","falabella","Merkury","/falabella-pe/product/15208169/Funda-para-Tablet-+-Lapiz?navAction=push",NA,"S/ 29.90",NA,NA
"2017-08-23","televisores","falabella","Macrotel","/falabella-pe/product/15208134/Transformador-para-aparatos-electricos?navAction=push",NA,"S/ 19.90",NA,NA
"2017-08-23","televisores","falabella","Fiddler","/falabella-pe/product/14872535/Cable-Lightning-a-USB?navAction=push",NA,"S/ 39.90","4",NA
"2017-08-23","televisores","falabella","Lexar","/falabella-pe/product/15136327/USB-S50-32GB-2.0?navAction=push",NA,"S/ 57.90","4",NA
"2017-08-23","televisores","falabella","Merkury","/falabella-pe/product/15208161/Lapiz-para-Pantalla-Tactil-Hula-Black?navAction=push",NA,"S/ 9.90",NA,NA
"2017-08-23","televisores","falabella","HP","/falabella-pe/product/15845079/Notebook-OMEN-15,6-Ci5-8GB-1TB-4GB-Video?navAction=push","S/ 3,799","S/ 2,999","4",NA
"2017-08-23","televisores","falabella","Skill","/falabella-pe/product/14973044/Cooler-para-Laptop-14-Negro?navAction=push",NA,"S/ 24.90","4",NA
"2017-08-23","televisores","falabella","Asus","/falabella-pe/product/15195291/Notebook-13-Intel-Core-i5-4-GB-500-GB-Windows-10-Gris?navAction=push",NA,"S/ 2,799","4",NA
"2017-08-23","televisores","falabella","Macrotel","/falabella-pe/product/15208066/Pilas-2-Hibridas-AA-2700-M?navAction=push",NA,"S/ 29.90",NA,NA
"2017-08-23","televisores","falabella","Genius","/falabella-pe/product/15809166/Teclado-SCORPION-K9-Negro?navAction=push",NA,"S/ 99.90",NA,NA
"2017-08-23","televisores","falabella","Targus","/falabella-pe/product/15208119/Bolso-para-Camara-TGC-NP520-Rosado?navAction=push",NA,"S/ 9.90",NA,NA
"2017-08-23","televisores","falabella","Leotec","/falabella-pe/product/15808135/Repetidor-de-Punto-de-Acceso-Router-Negro?navAction=push",NA,"S/ 99",NA,NA
"2017-08-23","televisores","falabella","Epson","/falabella-pe/product/13614188/Cartucho-de-T195420-Amarillo?navAction=push",NA,"S/ 34.90","4",NA
"2017-08-23","televisores","falabella","Asus","/falabella-pe/product/15765658/All-in-One-21,5-Intel-Core-i5-1-TB-8-GB-Full-HD?navAction=push",NA,"S/ 3,699","4",NA
"2017-08-23","televisores","falabella","Sandisk","/falabella-pe/product/15185587/USB-Ultra-Dual-Drive-32GB?navAction=push",NA,"S/ 79.90","4",NA
"2017-08-23","televisores","falabella","Eset","/falabella-pe/product/15094930/Antivirus-Smart-Security-para-3-PC?navAction=push",NA,"S/ 269",NA,NA
"2017-08-23","televisores","falabella","Exin","/falabella-pe/product/15719247/CPU-para-Gamers-Defender-73?navAction=push",NA,"S/ 3,359",NA,NA
"2017-08-23","televisores","falabella","HP","/falabella-pe/product/14405872/Tinta-662-CZ104AL-Tricolor?navAction=push",NA,"S/ 41.90","4",NA
"2017-08-23","televisores","falabella","Samsung","/falabella-pe/product/15736759/Monitor-Gaming-Curvo-27-LC27FG70?navAction=push",NA,"S/ 1,899",NA,NA
"2017-08-23","televisores","falabella","Canon","/falabella-pe/product/10689277/Tintas-para-impresora-KP-108IP-Color?navAction=push",NA,"S/ 119","4",NA
"2017-08-23","televisores","falabella","HP","/falabella-pe/product/15847289/Impresora-Multifuncional-F0V64A?navAction=push","S/ 299","S/ 199","4",NA
"2017-08-23","televisores","falabella","Casio","/falabella-pe/product/15685840/Calculadora-Estandar-Fx570la-Plus?navAction=push",NA,"S/ 69","4",NA
"2017-08-23","televisores","falabella","HP","/falabella-pe/product/15752507/Audifono-X7Z95AA-Omen-con-Steel-Negro?navAction=push","S/ 399","S/ 349",NA,NA
"2017-08-23","televisores","falabella","Roccat","/falabella-pe/product/15817145/Teclado-Suora-FX-Anti-Ghosting-Negro?navAction=push",NA,"S/ 549.90",NA,NA
"2017-08-23","televisores","falabella","Built","/falabella-pe/product/13340874/Funda-para-Tablet-8-E-ES8-BLK?navAction=push",NA,"S/ 29.90","4",NA
"2017-08-23","televisores","falabella","HP","/falabella-pe/product/15773829/Notebook-13,3-Intel-Core-i5-8-GB-256-GB-SDD-Silver?navAction=push",NA,"S/ 4,999","4",NA
"2017-08-23","televisores","falabella","HP","/falabella-pe/product/15258718/Notebook-CI7-7700-12GB-1TB-17''?navAction=push",NA,"S/ 4,799","4",NA
"2017-08-23","televisores","falabella","Fiddler","/falabella-pe/product/14952299/Mouse-Inalambrico-Turquesa?navAction=push","S/ 29.90","S/ 24.90","4",NA
"2017-08-23","televisores","falabella","Sakar","/falabella-pe/product/15208096/MH-7-Universal-Portfolio-Case?navAction=push",NA,"S/ 29.90",NA,NA
"2017-08-23","televisores","falabella","HP","/falabella-pe/product/15773822/Notebook-15,6-AMD-HD-4GB-1TB-Windows-10?navAction=push","S/ 2,999","S/ 2,599","4",NA
"2017-08-23","televisores","falabella","Case Logic","/falabella-pe/product/12014819/Mochila-Porta-Laptop-VNB-217-17-?navAction=push",NA,"S/ 109","4",NA
"2017-08-23","televisores","falabella","Epson","/falabella-pe/product/11739818/Cartucho-de-tinta-T073320-Magenta?navAction=push",NA,"S/ 34.90","4",NA
"2017-08-23","televisores","falabella","Leotec","/falabella-pe/product/15808267/Tablet-10,1-Supernova-I3G?navAction=push",NA,"S/ 419",NA,NA
"2017-08-23","televisores","falabella","HP","/falabella-pe/product/14962079/Tinta-664-Tricolor?navAction=push",NA,"S/ 41.90","4",NA
"2017-08-23","televisores","falabella","HP","/falabella-pe/product/15129433/Tinta-122-CH561HL-Negro?navAction=push",NA,"S/ 49.50","4",NA
"2017-08-23","televisores","falabella","Vtech","/falabella-pe/product/15785977/Monitor-bebe-VM311?navAction=push",NA,"S/ 399",NA,NA
"2017-08-23","televisores","falabella","TotoLink","/falabella-pe/product/15889454/Amplificador-de-Senal-EX750-Blanco?navAction=push",NA,"S/ 139",NA,NA
"2017-08-23","televisores","falabella","Fiddler","/falabella-pe/product/15208052/Teclado-Universar-Color-Ne?navAction=push",NA,"S/ 24.90",NA,NA
"2017-08-23","televisores","falabella","Ddesign","/falabella-pe/product/880757695/Mochila-para-Notebook-15,6-DK-Verde-Gris?navAction=push",NA,"S/ 99","4",NA
"2017-08-23","televisores","falabella","Logitech","/falabella-pe/product/14699069/Teclado-Wireless-Touch-Keyboard-K400-Negro?navAction=push",NA,"S/ 159.90","4",NA
"2017-08-23","televisores","falabella","HP","/falabella-pe/product/14956014/Notebook-13,3-Intel-Core-i3-4-GB-500-GB-Silver?navAction=push","S/ 1,999","S/ 1,899","4",NA
"2017-08-23","televisores","falabella","Fiddler","/falabella-pe/product/14546115/Ventilador-para-Laptop-9-17-con-Inclinacion-Regulable?navAction=push",NA,"S/ 59.90","4",NA
"2017-08-23","televisores","falabella","Lenovo","/falabella-pe/product/15724404/Notebook-15.6''-Intel-Core-i5-12-GB-1TB?navAction=push","S/ 3,199","S/ 2,999","4",NA
"2017-08-23","televisores","falabella","TP-Link","/falabella-pe/product/15810150/Router-inalambrico-N-450Mbps?navAction=push",NA,"S/ 199",NA,NA
"2017-08-23","televisores","falabella","Dell","/falabella-pe/product/15773811/Notebook-14-Intel-Core-i3-6-GB-1-TB-Azul?navAction=push",NA,"S/ 1,599","4",NA
"2017-08-23","televisores","falabella","Skill","/falabella-pe/product/14953771/Mochila-+-Mouse-+-Audifonos?navAction=push",NA,"S/ 69","4",NA
"2017-08-23","televisores","falabella","Butrich","/falabella-pe/product/15161216/Skin-Corazon-y-Rayas-14p?navAction=push",NA,"S/ 79",NA,NA
"2017-08-23","televisores","falabella","Razer","/falabella-pe/product/15809103/Pad-Mouse-Goliathus-MOBILY-SOFT-SMALL?navAction=push",NA,"S/ 39.90",NA,NA
"2017-08-23","televisores","falabella","Samsung","/falabella-pe/product/15736750/Monitor-Plano-20-LS20D300-HD?navAction=push",NA,"S/ 359",NA,NA
"2017-08-23","televisores","falabella","Case Logic","/falabella-pe/product/14723344/Mochila-para-Laptop-15,6-y-Tablet?navAction=push",NA,"S/ 199","4",NA
"2017-08-23","televisores","falabella","Wacom","/falabella-pe/product/15915992/Tablet-Digital-13,3-Cintiq-HD-Creative-Pen?navAction=push",NA,"S/ 3,999",NA,NA
"2017-08-23","televisores","falabella","Dlink","/falabella-pe/product/14924800/Router-NWDLDIR610?navAction=push",NA,"S/ 69","4",NA
"2017-08-23","televisores","falabella","Macrotel","/falabella-pe/product/15208058/Cable-Estereo-RCA-MA-1420PRO?navAction=push",NA,"S/ 12.90",NA,NA
"2017-08-23","televisores","falabella","Microsoft","/falabella-pe/product/14014778/Mouse-Sculpt-Mobile-Windows-Azul?navAction=push",NA,"S/ 109","4",NA
"2017-08-23","televisores","falabella","Genius","/falabella-pe/product/14799969/Mouse-Retractil-Micro-Traveler-Negro?navAction=push",NA,"S/ 32.90","4",NA
"2017-08-23","televisores","falabella","Epson","/falabella-pe/product/12154597/Tinta-T133120-Negra?navAction=push",NA,"S/ 39.90","4",NA
"2017-08-23","televisores","falabella","Epson","/falabella-pe/product/13506169/Tinta-Liquida-T664420-Amarillo?navAction=push","S/ 39.90","S/ 32.90","4",NA
"2017-08-23","televisores","falabella","Genius","/falabella-pe/product/14799972/Mouse-Retractil-Micro-Traveler-Blanco?navAction=push",NA,"S/ 32.90","4",NA
"2017-08-23","televisores","falabella","Ddesign","/falabella-pe/product/880757705/Mochila-para-Notebook-15,6-16600-Gris?navAction=push",NA,"S/ 79","4",NA
"2017-08-23","televisores","falabella","HP","/falabella-pe/product/14405886/Cartucho-de-Tinta-670-Amarillo?navAction=push",NA,"S/ 41.90","4",NA
"2017-08-23","televisores","falabella","Skullcandy","/falabella-pe/product/15108146/Mochila-SKDY8019-FLR-Student?navAction=push",NA,"S/ 249",NA,NA
"2017-08-23","televisores","falabella","Acer","/falabella-pe/product/15660023/Notebook-12-2-en-1-Intel-Core-i5-4-GB-256-GB-SSD-Silver?navAction=push","S/ 3,399","S/ 2,799",NA,NA
"2017-08-23","televisores","falabella","Targus","/falabella-pe/product/15165419/Mochila-Mobile-VIP-Collection-15''?navAction=push",NA,"S/ 259","4",NA
"2017-08-23","televisores","falabella","XYZPrinting","/falabella-pe/product/15810433/Impresora-3D-DA-VINCI-JR-1.0?navAction=push",NA,"S/ 3,499",NA,NA
"2017-08-23","televisores","falabella","Roccat","/falabella-pe/product/15817152/Teclado-Isku-Negro?navAction=push",NA,"S/ 269.90",NA,NA
"2017-08-23","televisores","falabella","Genius","/falabella-pe/product/15165407/Mouse-Dx-110-Usb-Optico-Negro?navAction=push",NA,"S/ 19.90","4",NA
"2017-08-23","televisores","falabella","Acer","/falabella-pe/product/15898116/Notebook-Predator-17,3-24GB-1TB-+-256SSD-Video?navAction=push","S/ 8,399","S/ 7,999",NA,NA
"2017-08-23","televisores","falabella","Kingston","/falabella-pe/product/15190408/Mouse-Pad-HyperX-Fury-Gamer-Small-Negro?navAction=push","S/ 49","S/ 29",NA,NA
"2017-08-23","televisores","falabella","Logitech","/falabella-pe/product/14699061/Mouse-M280-Inalambrico-Gris?navAction=push",NA,"S/ 69.90","4",NA
"2017-08-23","televisores","falabella","WTF","/falabella-pe/product/15759506/Smart-Sticker-Face-LOG-04?navAction=push","S/ 39.90","S/ 24.90",NA,NA
"2017-08-23","televisores","falabella","Fiddler","/falabella-pe/product/14333170/Mouse-Optico-Retractil-FD-XM227N?navAction=push",NA,"S/ 15.90","4",NA
"2017-08-23","televisores","falabella","Targus","/falabella-pe/product/14828201/Hub-4-Puertos-USB-2.0-ACH114US-Negro?navAction=push",NA,"S/ 39","4",NA
"2017-08-23","televisores","falabella","Butrich","/falabella-pe/product/15161209/Skin-Rosado-13p?navAction=push",NA,"S/ 79",NA,NA
"2017-08-23","televisores","falabella","Brother","/falabella-pe/product/15724458/Impresora-Multifuncional-DCPT500W?navAction=push",NA,"S/ 749",NA,NA
"2017-08-23","televisores","falabella","TotoLink","/falabella-pe/product/15889443/Adaptador-de-Linea-Electrica-L200KIT-Blanco?navAction=push",NA,"S/ 79",NA,NA
"2017-08-23","televisores","falabella","Genius","/falabella-pe/product/14799975/Mouse-Inalambrico-NX-7000-Rojo?navAction=push","S/ 34.90","S/ 29.90","4",NA
"2017-08-23","televisores","falabella","Merkury","/falabella-pe/product/15208155/Funda-para-Tablet-7-Mb?navAction=push",NA,"S/ 19.90",NA,NA
"2017-08-23","televisores","falabella","Ddesign","/falabella-pe/product/880630132/Soporte-para-Auto-de-Celulares?navAction=push",NA,"S/ 9.90","4",NA
"2017-08-23","televisores","falabella","TP-Link","/falabella-pe/product/15810162/Router-Inalambrico-Banda-Dual-AC750?navAction=push",NA,"S/ 219",NA,NA
"2017-08-23","televisores","falabella","Perfect Choise","/falabella-pe/product/15208077/Kit-Funda-para-Tablet-10,1-Azul?navAction=push",NA,"S/ 19.90",NA,NA
"2017-08-23","televisores","falabella","Motorola","/falabella-pe/product/15781993/Radio-2-vias-T400PE?navAction=push",NA,"S/ 449",NA,NA
"2017-08-23","televisores","falabella","Lenovo","/falabella-pe/product/15733778/Notebook-Intel-Core-i7-16G1TB-4G-17''-GTX960-Negro?navAction=push","S/ 5,999","S/ 5,599","4",NA
"2017-08-23","televisores","falabella","Logitech","/falabella-pe/product/14972811/Mouse-Gamer-Optico-G300S-Negro?navAction=push",NA,"S/ 149","4",NA
"2017-08-23","televisores","falabella","Leotec","/falabella-pe/product/15186287/Teclado-Mini-Plegable-Blanco?navAction=push",NA,"S/ 109",NA,NA
"2017-08-23","televisores","falabella","Logitech","/falabella-pe/product/14972831/Audifono-Gamer-G633-Artemis-Fire?navAction=push",NA,"S/ 499","4",NA
"2017-08-23","televisores","falabella","Targus","/falabella-pe/product/15066732/Mochila-Sport-Backpack-15,6-Rojo?navAction=push",NA,"S/ 69","4",NA
"2017-08-23","televisores","falabella","Genius","/falabella-pe/product/15809164/Mouse-NX9000BT-SILVE-Plomo?navAction=push",NA,"S/ 84.90",NA,NA
"2017-08-23","televisores","falabella","Sandisk","/falabella-pe/product/15185581/Pendrive-USB-Glide-3.0-32GB?navAction=push",NA,"S/ 67.90","4",NA
"2017-08-23","televisores","falabella","Exin","/falabella-pe/product/15719245/CPU-para-Gamers-Razor-77?navAction=push",NA,"S/ 3,829",NA,NA
"2017-08-23","televisores","falabella","Benq","/falabella-pe/product/15235640/Monitor-LCD-24-RL2455HM-Negro?navAction=push",NA,"S/ 982.23",NA,NA
"2017-08-23","televisores","falabella","Leotec","/falabella-pe/product/15806312/Cargador-de-Tablet-y-Smartphone-LECSPH5VUSB?navAction=push",NA,"S/ 29",NA,NA
"2017-08-23","televisores","falabella","HP","/falabella-pe/product/15752504/Mouse-X7Z96AA-Omen-con-Steel-Negro?navAction=push",NA,"S/ 279",NA,NA
"2017-08-23","televisores","falabella","Roccat","/falabella-pe/product/15817143/Teclado-Suora-Negro?navAction=push",NA,"S/ 394.90",NA,NA
"2017-08-23","televisores","falabella","Targus","/falabella-pe/product/15755207/Mochila-+-Kit-Escolar?navAction=push",NA,"S/ 159.90","4",NA
"2017-08-23","televisores","falabella","Leotec","/falabella-pe/product/15808263/Tablet-10,1-Supernova-S16V4?navAction=push",NA,"S/ 329",NA,NA
"2017-08-23","televisores","falabella","Microsoft","/falabella-pe/product/14961508/Mouse-Wireless-Mobile-3500-Negro?navAction=push",NA,"S/ 109","4",NA
"2017-08-23","televisores","falabella","Apple","/falabella-pe/product/15833984/iMac-21,5-Intel-Core-i5-1-TB-8-GB?navAction=push",NA,"S/ 4,599","4",NA
"2017-08-23","televisores","falabella","Microsoft","/falabella-pe/product/14932564/Mouse-Sculpt-Ergonomico?navAction=push",NA,"S/ 179","4",NA
"2017-08-23","televisores","falabella","Tp-link","/falabella-pe/product/14924796/Acces-Point-NWTLWA901N?navAction=push",NA,"S/ 139","4",NA
"2017-08-23","televisores","falabella","Epson","/falabella-pe/product/13506167/Tinta-Liquida-T664220-Cian?navAction=push","S/ 39.90","S/ 32.90","4",NA
"2017-08-23","televisores","falabella","Western Digital","/falabella-pe/product/14736733/Funda-Neopreno-para-Disco-Duro-Negro?navAction=push",NA,"S/ 13","4",NA
"2017-08-23","televisores","falabella","AOC","/falabella-pe/product/15190385/Monitor-Gamer-24''?navAction=push",NA,"S/ 1,299",NA,NA
"2017-08-23","televisores","falabella","Brother","/falabella-pe/product/15724456/Impresora-Multifuncional-Laser-Monocromatica-DCP1617NW?navAction=push",NA,"S/ 599",NA,NA
"2017-08-23","televisores","falabella","Perfect Choice","/falabella-pe/product/15208073/Case-Protector-para-Ipad-Ipad-2?navAction=push",NA,"S/ 19.90",NA,NA
"2017-08-23","televisores","falabella","Samsung","/falabella-pe/product/14945106/Tablet-Galaxy-Tab-de-7''-8GB-Negro?navAction=push","S/ 599","S/ 499","4",NA
"2017-08-23","televisores","falabella","Perfect Choise","/falabella-pe/product/15208176/Kit-Funda-Laptop-+-Mouse-Retractil-B-F-14-Gris?navAction=push",NA,"S/ 29.90",NA,NA
"2017-08-23","televisores","falabella","HP","/falabella-pe/product/15190301/Tinta-904XL-Amarillo-Original-Ink?navAction=push",NA,"S/ 55.90","4",NA
"2017-08-23","televisores","falabella","AKRacing","/falabella-pe/product/15817177/Silla-Gamer-Player-Series-Rojo?navAction=push",NA,"S/ 859",NA,NA
"2017-08-23","televisores","falabella","Sakar","/falabella-pe/product/15208108/Estuche-para-Camara-Hello-Kitty-Negro?navAction=push",NA,"S/ 9.90",NA,NA
"2017-08-23","televisores","falabella","Perfect Choise","/falabella-pe/product/15208172/Funda-Tablet-7-Negro?navAction=push",NA,"S/ 9.90",NA,NA
"2017-08-23","televisores","falabella","Built","/falabella-pe/product/13870749/Funda-para-Tablet-E-ES8-DNE-Multicolor?navAction=push",NA,"S/ 29.90","4",NA
"2017-08-23","televisores","falabella","Razer","/falabella-pe/product/15809085/Mouse-Deathadder-ELITE-Negro?navAction=push",NA,"S/ 349",NA,NA
"2017-08-23","televisores","falabella","Case Logic","/falabella-pe/product/14862912/Mochila-para-Laptop-15,6-y-Tablet?navAction=push",NA,"S/ 249","4",NA
"2017-08-23","televisores","falabella","Targus","/falabella-pe/product/14828222/Mochila-para-laptop-Sport-16''?navAction=push",NA,"S/ 119","4",NA
"2017-08-23","televisores","falabella","Razer","/falabella-pe/product/15809098/Pad-Mouse-Goliathus-COSMIC-MEDIUM?navAction=push",NA,"S/ 104.90",NA,NA
"2017-08-23","televisores","falabella","TP-Link","/falabella-pe/product/15810157/Adaptador-USB-Inalambrico-de-Alta-Ganancia-150Mbps?navAction=push",NA,"S/ 59",NA,NA
"2017-08-23","televisores","falabella","Casio","/falabella-pe/product/15136340/Calculadora-Cientifica-FX-350-EX?navAction=push",NA,"S/ 59","4",NA
"2017-08-23","televisores","falabella","Razer","/falabella-pe/product/15809088/Mouse-NAGA-CHROMA-Negro?navAction=push",NA,"S/ 399.90",NA,NA
"2017-08-23","televisores","falabella","Macrotel","/falabella-pe/product/15208138/Cargador-de-Pilas-+-2-Pilas?navAction=push",NA,"S/ 25.90",NA,NA
"2017-08-23","televisores","falabella","Fiddler","/falabella-pe/product/14251211/Teclado-FD-STBK05S-Bluetooth-3.0?navAction=push",NA,"S/ 69.90","4",NA
"2017-08-23","televisores","falabella","Targus","/falabella-pe/product/14828235/Mochila-Porta-Laptop-16-TSB193US-Negro?navAction=push",NA,"S/ 69.90","4",NA
"2017-08-23","televisores","falabella","Butrich","/falabella-pe/product/15161213/Skin-Corazon-Gigante-14p?navAction=push",NA,"S/ 79",NA,NA
"2017-08-23","televisores","falabella","Razer","/falabella-pe/product/15809100/Pad-Mouse-Goliathus-TERRA-MEDIUM?navAction=push",NA,"S/ 104.90",NA,NA
"2017-08-23","televisores","falabella","Wacom","/falabella-pe/product/15915989/Tablet-Digital-Intuos-Pro-Pen-Touch-Small?navAction=push",NA,"S/ 989",NA,NA
"2017-08-23","televisores","falabella","Magix","/falabella-pe/product/15810430/Insumo-Lapicero-3D-Negro?navAction=push",NA,"S/ 9.90",NA,NA
"2017-08-23","televisores","falabella","Logitech","/falabella-pe/product/14699058/Mouse-Optico-Wireless-M280-Negro?navAction=push",NA,"S/ 69.90","4",NA
"2017-08-23","televisores","falabella","Dell","/falabella-pe/product/15143917/Notebook-i5-7200U-1TB-8GB-13.3''-W10?navAction=push","S/ 2,899","S/ 2,699","4",NA
"2017-08-23","televisores","falabella","TP-Link","/falabella-pe/product/15810159/Adaptador-USB-Inalambrico-de-Alta-Potencia-150Mbps?navAction=push",NA,"S/ 89",NA,NA
"2017-08-23","televisores","falabella","XYZPrinting","/falabella-pe/product/15810436/Cable-para-Impresora-Verde-DAVINCI-JR1.1?navAction=push",NA,"S/ 169",NA,NA
"2017-08-23","televisores","falabella","Advance","/falabella-pe/product/15673910/Tablet-7-TR4885-3G-Quad-Core-2-GB-8-GB-Rosado-+-Mochila?navAction=push",NA,"S/ 299","4",NA
"2017-08-23","televisores","falabella","Epson","/falabella-pe/product/13506164/Cartucho-de-Tinta-T196320-Magenta?navAction=push",NA,"S/ 39.90","4",NA
"2017-08-23","televisores","falabella","Roccat","/falabella-pe/product/15817161/Mouse-Nyth-Negro?navAction=push",NA,"S/ 473.90",NA,NA
"2017-08-23","televisores","falabella","Razer","/falabella-pe/product/15809095/Mouse-Abyssus-+-Pad-Mouse-Goliathus-Negro?navAction=push",NA,"S/ 189.90",NA,NA
"2017-08-23","televisores","falabella","Lexar","/falabella-pe/product/15136330/USB-S45-32GB-3.0-SMALL?navAction=push",NA,"S/ 44.90","4",NA
"2017-08-23","televisores","falabella","HP","/falabella-pe/product/15172614/Impresora-Multifuncional-GT-5820-Wifi?navAction=push",NA,"S/ 749","4",NA
"2017-08-23","televisores","falabella","Roccat","/falabella-pe/product/15817156/Mouse-Lua-Negro?navAction=push",NA,"S/ 119.90",NA,NA
"2017-08-23","televisores","falabella","Casio","/falabella-pe/product/15136342/Calculadora-de-Mesa-MX-120B-BK?navAction=push",NA,"S/ 25","4",NA
"2017-08-23","televisores","falabella","Razer","/falabella-pe/product/15809091/Teclado-ANANSI-Negro?navAction=push",NA,"S/ 549",NA,NA
"2017-08-23","televisores","falabella","Merkury","/falabella-pe/product/15208164/Lapiz-para-Pantalla-Tactil-Pen-Stylus-Gumball-Sunrise?navAction=push",NA,"S/ 9.90",NA,NA
"2017-08-23","televisores","falabella","Samsonite","/falabella-pe/product/14414875/Mochila-Porta-Laptop-Locus-Backpack-VII-Negro?navAction=push",NA,"S/ 329","4",NA
"2017-08-23","televisores","falabella","Skill","/falabella-pe/product/14920027/Funda-para-laptop-14''-Black-Origami?navAction=push",NA,"S/ 19.90","4",NA
"2017-08-23","televisores","falabella","TotoLink","/falabella-pe/product/15889447/Router-Inalambrico-N300RH-Blanco?navAction=push",NA,"S/ 179",NA,NA
"2017-08-23","televisores","falabella","Genius","/falabella-pe/product/14799980/Mouse-Micro-Traveler-9000R-Negro?navAction=push",NA,"S/ 79.90","4",NA
"2017-08-23","televisores","falabella","Easy Line","/falabella-pe/product/15206831/Funda-reversible-15.4''?navAction=push",NA,"S/ 24.90",NA,NA
"2017-08-23","televisores","falabella","Logitech","/falabella-pe/product/15165410/Mouse-M185-Wireless-Azul?navAction=push",NA,"S/ 54.90","4",NA
"2017-08-23","televisores","falabella","Merkury","/falabella-pe/product/15208145/Funda-para-Tablet-10-Dy?navAction=push",NA,"S/ 19.90",NA,NA
"2017-08-23","televisores","falabella","HP","/falabella-pe/product/15166353/Botella-de-Tinta-Amarillo-GT52?navAction=push",NA,"S/ 34.90","4",NA
"2017-08-23","televisores","falabella","Targus","/falabella-pe/product/15722666/Mochila-City-Negro?navAction=push",NA,"S/ 69.90","4",NA
"2017-08-23","televisores","falabella","Merkury","/falabella-pe/product/15208168/Funda-7-para-Tablet-+-Lapiz?navAction=push",NA,"S/ 29.90",NA,NA
"2017-08-23","televisores","falabella","Fiddler","/falabella-pe/product/14872534/Cable-Micro-USB-a-USB?navAction=push","S/ 14.90","S/ 9.90","4",NA
"2017-08-23","televisores","falabella","Samsung","/falabella-pe/product/15845103/Tablet-SM-W620NZKBPEO-10.6-Negro?navAction=push",NA,"S/ 2,599","4",NA
"2017-08-23","televisores","falabella","HP","/falabella-pe/product/14966030/Notebook-15,6-Intel-Core-i5-6-GB-1-TB-Silver?navAction=push",NA,"S/ 2,899","4",NA
"2017-08-23","televisores","falabella","Kasperky","/falabella-pe/product/15094944/Antivirus-Internet-para-3-PC?navAction=push",NA,"S/ 259",NA,NA
"2017-08-23","televisores","falabella","Epson","/falabella-pe/product/13614187/Cartucho-de-T195320-Magenta?navAction=push",NA,"S/ 34.90","4",NA
"2017-08-23","televisores","falabella","HP","/falabella-pe/product/14405871/Tinta-662-CZ103AL-Negro?navAction=push",NA,"S/ 41.90","4",NA
"2017-08-23","televisores","falabella","TP-Link","/falabella-pe/product/15810166/Punto-de-Acceso-Inalambrico-N-450Mbps?navAction=push",NA,"S/ 209",NA,NA
"2017-08-23","televisores","falabella","Casio","/falabella-pe/product/15685839/Calculadora-Estandar-Fx350la-Plus?navAction=push",NA,"S/ 42.90","4",NA
"2017-08-23","televisores","falabella","Apple","/falabella-pe/product/15208887/Ipad-Air-2-Wi-Fi-32GB-Silver?navAction=push",NA,"S/ 1,799",NA,NA
"2017-08-23","televisores","falabella","HP","/falabella-pe/product/15258717/Notebook-A10-16GB-1TB-14''?navAction=push",NA,"S/ 2,099","4",NA
"2017-08-23","televisores","falabella","Fiddler","/falabella-pe/product/14717262/Mouse-Optico-Retractil-USB-Rosado?navAction=push",NA,"S/ 15.90","4",NA
"2017-08-23","televisores","falabella","Wacom","/falabella-pe/product/15900191/Pen-Tablet-Intous-3D?navAction=push",NA,"S/ 839",NA,NA
"2017-08-23","televisores","falabella","Kingston","/falabella-pe/product/15190411/Teclado-Gamer-HyperX-Mecanico-Alloy-FPS?navAction=push",NA,"S/ 499",NA,NA
"2017-08-23","televisores","falabella","Dell","/falabella-pe/product/15128567/Notebook-15,6-Intel-Core-i5-8-GB-1-TB-Silver?navAction=push","S/ 2,799","S/ 2,599","4",NA
"2017-08-23","televisores","falabella","TotoLink","/falabella-pe/product/15889452/Punto-de-Acceso-CP300-Blanco?navAction=push",NA,"S/ 239",NA,NA
"2017-08-23","televisores","falabella","LG","/falabella-pe/product/15197208/Monitor-18,5-LED-19M38A-Negro?navAction=push",NA,"S/ 369",NA,NA
"2017-08-23","televisores","falabella","Asus","/falabella-pe/product/15723434/Notebook-X541UA-GO635T-Intel-Core-i5?navAction=push",NA,"S/ 2,099","4",NA
"2017-08-23","televisores","falabella","Logitech","/falabella-pe/product/14699068/Combo-Teclado-+-Mouse-Wireless-USB-Sp-Negro?navAction=push",NA,"S/ 89.90","4",NA
"2017-08-23","televisores","falabella","3ras Partes","/falabella-pe/product/15157462/Mouse-Gamer-RAT-1?navAction=push","S/ 499","S/ 79","4",NA
"2017-08-23","televisores","falabella","TP-Link","/falabella-pe/product/15810149/Extensor-de-Rango-Inalambrico-N-300Mbps?navAction=push",NA,"S/ 149",NA,NA
"2017-08-23","televisores","falabella","Targus","/falabella-pe/product/14953741/Mochila-Seoul-15.6''-Negro?navAction=push",NA,"S/ 159","4",NA
"2017-08-23","televisores","falabella","HP","/falabella-pe/product/15773839/All-in-One-27-Intel-Core-i7-16-GB-3-TB-Blanco?navAction=push",NA,"S/ 5,299","4",NA
"2017-08-23","televisores","falabella","Butrich","/falabella-pe/product/15161215/Skin-Corazon-y-Rayas-13p?navAction=push",NA,"S/ 79",NA,NA
"2017-08-23","televisores","falabella","Razer","/falabella-pe/product/15809102/Pad-Mouse-Goliathus-GRAVITY-SMALL?navAction=push",NA,"S/ 79.90",NA,NA
"2017-08-23","televisores","falabella","Samsung","/falabella-pe/product/15736749/Monitor-Plano-19-LS19F355-HD?navAction=push",NA,"S/ 319",NA,NA
"2017-08-23","televisores","falabella","Acer","/falabella-pe/product/15846508/Mouse-PAD-Predator-Gaming?navAction=push",NA,"S/ 109",NA,NA
"2017-08-23","televisores","falabella","Sandisk","/falabella-pe/product/13638426/Memoria-USB-Cruzer-Metal-16-GB?navAction=push",NA,"S/ 29.90","4",NA
"2017-08-23","televisores","falabella","Wacom","/falabella-pe/product/15915991/Pen-Tablet-Intous-Pro-Paper-Edition-Medium?navAction=push",NA,"S/ 1,849",NA,NA
"2017-08-23","televisores","falabella","Targus","/falabella-pe/product/14994226/Cooler-para-Notebook-Chill-Matt-15.4''?navAction=push",NA,"S/ 69","4",NA
"2017-08-23","televisores","falabella","HP","/falabella-pe/product/14405877/Cartucho-de-Tinta-670-Magenta?navAction=push",NA,"S/ 41.90","4",NA
"2017-08-23","televisores","falabella","Skullcandy","/falabella-pe/product/15108145/Mochila-SKDY8018?navAction=push",NA,"S/ 199",NA,NA
"2017-08-23","televisores","falabella","Targus","/falabella-pe/product/15165418/Mochila-Grid-Essentials-18L-16''?navAction=push",NA,"S/ 219","4",NA
"2017-08-23","televisores","falabella","Samsung","/falabella-pe/product/15181443/USB-Samsung-LED-Light-Rosado?navAction=push",NA,"S/ 35",NA,NA
"2017-08-23","televisores","falabella","Magix","/falabella-pe/product/15810432/Insumo-Lapicero-3D-Verde?navAction=push",NA,"S/ 9.90",NA,NA
"2017-08-23","televisores","falabella","Roccat","/falabella-pe/product/15817151/Teclado-Ryos-MK-Negro?navAction=push",NA,"S/ 362.90",NA,NA
"2017-08-23","televisores","falabella","Logitech","/falabella-pe/product/14699060/Mouse-Optico-Wireless-M280-Rojo?navAction=push",NA,"S/ 69.90","4",NA
"2017-08-23","televisores","falabella","WTF","/falabella-pe/product/15759505/Smart-Sticker-Gold?navAction=push","S/ 39.90","S/ 24.90",NA,NA
"2017-08-23","televisores","falabella","Dell","/falabella-pe/product/15143921/Notebook-i7-7500U-8GB-1TB-W10-15.6''?navAction=push","S/ 3,499","S/ 3,199","4",NA
"2017-08-23","televisores","falabella","Merkury","/falabella-pe/product/15208154/Funda-para-Tablet-10''?navAction=push",NA,"S/ 19.90",NA,NA
"2017-08-23","televisores","falabella","TP-Link","/falabella-pe/product/15810161/Router-Inalambrico-Gigabit-con-Pantalla-Touch-AC1900?navAction=push",NA,"S/ 999",NA,NA
"2017-08-23","televisores","falabella","HP","/falabella-pe/product/15166357/Botella-de-Tinta-Negro-GT51?navAction=push",NA,"S/ 34.90","4",NA
"2017-08-23","televisores","falabella","Targus","/falabella-pe/product/15208123/Protector-De-Pantalla-Digi?navAction=push",NA,"S/ 9.90",NA,NA
"2017-08-23","televisores","falabella","Logitech","/falabella-pe/product/14972828/Audifono-Gamer-G430-Surround-Digital?navAction=push",NA,"S/ 299.90","4",NA
"2017-08-23","televisores","falabella","Targus","/falabella-pe/product/15066731/Mochila-Sport-Backpack-15,6-Azul?navAction=push",NA,"S/ 69","4",NA
"2017-08-23","televisores","falabella","Genius","/falabella-pe/product/15809163/Mouse-NX9000BT-GRAY-Gris?navAction=push",NA,"S/ 84.90",NA,NA
"2017-08-23","televisores","falabella","Exin","/falabella-pe/product/15719244/CPU-para-Gamers-Razor-74?navAction=push",NA,"S/ 2,879",NA,NA
"2017-08-23","televisores","falabella","Benq","/falabella-pe/product/15235639/Monitor-LCD-27-XL2720Z-Negro?navAction=push",NA,"S/ 2,464.78",NA,NA
"2017-08-23","televisores","falabella","Roccat","/falabella-pe/product/15817142/Teclado-Gamer-Sova-Negro?navAction=push",NA,"S/ 784.90",NA,NA
"2017-08-23","televisores","falabella","Samsung","/falabella-pe/product/14399663/Galaxy-Tab-E-7-Blanco?navAction=push",NA,"S/ 399","4",NA
"2017-08-23","televisores","falabella","Leotec","/falabella-pe/product/15808262/Tablet-10,1-Supernova-S16V4?navAction=push",NA,"S/ 329",NA,NA
"2017-08-23","televisores","falabella","Apple","/falabella-pe/product/15833979/MacBook-Air-13,3-Intel-Core-i5-8-GB-128-GB?navAction=push","S/ 4,199","S/ 3,499","4",NA
"2017-08-23","televisores","falabella","Fiddler","/falabella-pe/product/15072710/Soporte-Magnetico-universal-para-Autos?navAction=push","S/ 19.90","S/ 14.90","4",NA
"2017-08-23","televisores","falabella","Microsoft","/falabella-pe/product/14328607/Mouse-inalambrico-1850-Negro?navAction=push",NA,"S/ 59","4",NA
"2017-08-23","televisores","falabella","Case Logic","/falabella-pe/product/12454404/Mochila-Sport-DLBP-116-porta-laptop-hasta-16-?navAction=push",NA,"S/ 179","4",NA
"2017-08-23","televisores","falabella","Epson","/falabella-pe/product/14783121/Tinta-Negro-T297120-AL-Xpression?navAction=push",NA,"S/ 32.34","4",NA
"2017-08-23","televisores","falabella","Epson","/falabella-pe/product/13506166/Tinta-Liquida-T664120-Negro?navAction=push","S/ 39.90","S/ 32.90","4",NA
"2017-08-23","televisores","falabella","Brother","/falabella-pe/product/15724455/Impresora-Multifuncional-Laser-Monocromatica-DCP1602?navAction=push",NA,"S/ 419",NA,NA
"2017-08-23","televisores","falabella","Perfect Choice","/falabella-pe/product/15208072/Case-para-Ipad-Ipad-2?navAction=push",NA,"S/ 19.90",NA,NA
"2017-08-23","televisores","falabella","HP","/falabella-pe/product/15196163/Notebook-A9-15''-12GB-1-TB-Gold?navAction=push","S/ 1,999","S/ 1,899","4",NA
"2017-08-23","televisores","falabella","HP","/falabella-pe/product/15190300/Tinta-904XL-Magenta-Original-Ink?navAction=push",NA,"S/ 55.90","4",NA
"2017-08-23","televisores","falabella","Roccat","/falabella-pe/product/15817173/MousePad-Hibrido-Sense?navAction=push",NA,"S/ 71.90",NA,NA
"2017-08-23","televisores","falabella","Merkury","/falabella-pe/product/15208171/Funda-para-Tablet-7-Tmc?navAction=push",NA,"S/ 19.90",NA,NA
"2017-08-23","televisores","falabella","Case Logic","/falabella-pe/product/14862911/Funda-Neopreno-Laptop-14-?navAction=push",NA,"S/ 89","4",NA
"2017-08-23","televisores","falabella","Targus","/falabella-pe/product/14828220/Mochila-para-Laptop-Backpack-16-Negro?navAction=push",NA,"S/ 79.90","4",NA
"2017-08-23","televisores","falabella","Razer","/falabella-pe/product/15809097/Pad-Mouse-Goliathus-COSMIC-SMALL?navAction=push",NA,"S/ 79.90",NA,NA
"2017-08-23","televisores","falabella","TP-Link","/falabella-pe/product/15810155/Extensor-de-Rango-Wi-Fi-AC750?navAction=push",NA,"S/ 219",NA,NA
"2017-08-23","televisores","falabella","Casio","/falabella-pe/product/15136339/Calculadora-Cientifica-FX-570-EX?navAction=push",NA,"S/ 89",NA,NA
"2017-08-23","televisores","falabella","Macrotel","/falabella-pe/product/15208137/Pack-2-Pilas-Recargables-AA-+-2-Pilas-Recargables-AAA?navAction=push",NA,"S/ 16.90",NA,NA
"2017-08-23","televisores","falabella","Golla","/falabella-pe/product/13834951/Bolso-Mae-G1447-para-equipos-de-11-Beige?navAction=push",NA,"S/ 159","4",NA
"2017-08-23","televisores","falabella","Sakar","/falabella-pe/product/14251209/Funda-Para-Tablet-Hello-Kitty-7-Gris?navAction=push",NA,"S/ 39.90","4",NA
"2017-08-23","televisores","falabella","Butrich","/falabella-pe/product/15161212/Skin-Corazon-Gigante-13p?navAction=push",NA,"S/ 79",NA,NA
"2017-08-23","televisores","falabella","Magix","/falabella-pe/product/15810429/Insumo-Lapicero-3D-Gris?navAction=push",NA,"S/ 9.90",NA,NA
"2017-08-23","televisores","falabella","Samsung","/falabella-pe/product/15027378/Estuche-para-Galaxy-Tab-E-9,6-Blanco?navAction=push",NA,"S/ 159",NA,NA
"2017-08-23","televisores","falabella","Epson","/falabella-pe/product/13506163/Cartucho-de-Tinta-T196220-Cian?navAction=push",NA,"S/ 39.90","4",NA
"2017-08-23","televisores","falabella","Roccat","/falabella-pe/product/15817160/Mouse-Kone-XTD-Negro?navAction=push",NA,"S/ 354.90",NA,NA
"2017-08-23","televisores","falabella","Razer","/falabella-pe/product/15809094/Teclado-BLACKWIDOX-CHR-Negro?navAction=push",NA,"S/ 879",NA,NA
"2017-08-23","televisores","falabella","Lexar","/falabella-pe/product/15136329/USB-S45-16GB-3.0-SMALL?navAction=push",NA,"S/ 24.90","4",NA
"2017-08-23","televisores","falabella","HP","/falabella-pe/product/15172612/Impresora-Multifuncional-GT-5810?navAction=push",NA,"S/ 699","4",NA
"2017-08-23","televisores","falabella","HP","/falabella-pe/product/15813839/Monitor-V5E94AA-18,5-?navAction=push",NA,"S/ 499","4",NA
"2017-08-23","televisores","falabella","Merkury","/falabella-pe/product/15208163/Lapiz-Universal-Pen-Stylus-Soda-Pop-Confetti?navAction=push",NA,"S/ 9.90",NA,NA
"2017-08-23","televisores","falabella","TotoLink","/falabella-pe/product/15889446/Router-Inalambrico-N151RT-Blanco?navAction=push",NA,"S/ 89",NA,NA
"2017-08-23","televisores","falabella","Genius","/falabella-pe/product/14799979/Mouse-Inalambrico-NX-7015-Dorado?navAction=push",NA,"S/ 44.90","4",NA
"2017-08-23","televisores","falabella","Easy Line","/falabella-pe/product/15206830/Funda-reversible-15.4''?navAction=push",NA,"S/ 24.90",NA,NA
"2017-08-23","televisores","falabella","Merkury","/falabella-pe/product/15208167/Funda-Tablet-10-+-Lapiz-Stylus?navAction=push",NA,"S/ 29.90",NA,NA
"2017-08-23","televisores","falabella","Microsoft","/falabella-pe/product/14642661/Teclado-Inalambrico-N9Z-00004-All-in-One-Negro?navAction=push","S/ 129","S/ 49","4",NA
"2017-08-23","televisores","falabella","Kasperky","/falabella-pe/product/15094942/Antivirus-para-3-PC?navAction=push",NA,"S/ 159",NA,NA
"2017-08-23","televisores","falabella","TP-Link","/falabella-pe/product/15810165/Router-Inalambrico-Banda-dual-AC1200?navAction=push",NA,"S/ 319",NA,NA
"2017-08-23","televisores","falabella","Logitech","/falabella-pe/product/15809152/Teclado-G610ORION-Negro?navAction=push",NA,"S/ 499.90",NA,NA
"2017-08-23","televisores","falabella","HP","/falabella-pe/product/15258715/Notebook-A8-4GB-1TB-14''?navAction=push",NA,"S/ 1,399","4",NA
"2017-08-23","televisores","falabella","Sakar","/falabella-pe/product/15208092/Protector-Para-Iphone-4-4s?navAction=push",NA,"S/ 9.90",NA,NA
"2017-08-23","televisores","falabella","Wacom","/falabella-pe/product/15900189/Tablet-Digital-Intuos-Art-Medium?navAction=push",NA,"S/ 899",NA,NA
"2017-08-23","televisores","falabella","TotoLink","/falabella-pe/product/15889450/Router-Inalambrico-A2004NS-Blanco?navAction=push",NA,"S/ 279",NA,NA
"2017-08-23","televisores","falabella","Genius","/falabella-pe/product/14799983/Teclado-Slimstar-KB-8000X?navAction=push",NA,"S/ 79.90","4",NA
"2017-08-23","televisores","falabella","HP","/falabella-pe/product/14923839/Tinta-46-Negro-Tripack?navAction=push",NA,"S/ 82.90","4",NA
"2017-08-23","televisores","falabella","TP-Link","/falabella-pe/product/15810148/Punto-de-Acceso-Inalambrico-N-a-300Mbps?navAction=push",NA,"S/ 159",NA,NA
"2017-08-23","televisores","falabella","HP","/falabella-pe/product/15773838/All-in-One-23,8-Intel-Core-i5-8GB-2-TB-Blanco?navAction=push",NA,"S/ 3,499","4",NA
"2017-08-23","televisores","falabella","Acer","/falabella-pe/product/15846507/Monitor-Gamer-Curvo-Predator-27P?navAction=push","S/ 2,699","S/ 2,599",NA,NA
"2017-08-23","televisores","falabella","Dell","/falabella-pe/product/14994058/Notebook-14-Intel-Core-i3-6-GB-1-TB-Negro?navAction=push",NA,"S/ 1,699",NA,NA
"2017-08-23","televisores","falabella","Samsung","/falabella-pe/product/15047322/Tablet-9,7-Galaxy-Tab-S2-3-GB-32-GB-Negro?navAction=push",NA,"S/ 1,899","4",NA
"2017-08-23","televisores","falabella","HP","/falabella-pe/product/14405876/Tinta-670-CZ114AL-Cyan?navAction=push",NA,"S/ 41.90","4",NA
"2017-08-23","televisores","falabella","Genius","/falabella-pe/product/15165415/Teclado-+-Mouse-KM-130-USB?navAction=push",NA,"S/ 49.90","4",NA
"2017-08-23","televisores","falabella","Samsung","/falabella-pe/product/15181442/USB-Samsung-LED-Light-Celeste?navAction=push",NA,"S/ 35",NA,NA
"2017-08-23","televisores","falabella","Merkury","/falabella-pe/product/15208147/Funda-Tablet-7-8-+-Lapiz-Pantalla-Tactil-Stylus?navAction=push",NA,"S/ 29.90",NA,NA
"2017-08-23","televisores","falabella","HP","/falabella-pe/product/15166356/Botella-de-Tinta-Cyan-GT52?navAction=push",NA,"S/ 34.90","4",NA
"2017-08-23","televisores","falabella","LG","/falabella-pe/product/15796201/Monitor-Gaming-34UM69G-B-34-?navAction=push",NA,"S/ 2,199",NA,NA
"2017-08-23","televisores","falabella","Logitech","/falabella-pe/product/14972825/Audifono-Gamers-G230?navAction=push",NA,"S/ 249","4",NA
"2017-08-23","televisores","falabella","Leotec","/falabella-pe/product/15808138/Teclado-Inalambrico-2,4-GHz-Touch?navAction=push",NA,"S/ 110",NA,NA
"2017-08-23","televisores","falabella","Microsoft","/falabella-pe/product/14328551/Teclado-All-In-One-Media-USB-Po?navAction=push",NA,"S/ 149","4",NA
"2017-08-23","televisores","falabella","LG","/falabella-pe/product/15774305/Monitor-LED-29-UltraWide-Full-HD-IPS-Gaming?navAction=push",NA,"S/ 1,499",NA,NA
"2017-08-23","televisores","falabella","Merkury","/falabella-pe/product/15208170/Funda-para-Tablet-10''?navAction=push",NA,"S/ 19.90",NA,NA
"2017-08-23","televisores","falabella","Case Logic","/falabella-pe/product/14600327/Mochila-Porta-Laptop-17-?navAction=push",NA,"S/ 139","4",NA
"2017-08-23","televisores","falabella","Macrotel","/falabella-pe/product/15208136/Cargador-+-4-pilas?navAction=push",NA,"S/ 38.90",NA,NA
"2017-08-23","televisores","falabella","Lexar","/falabella-pe/product/15136328/USB-S50-64GB-2.0?navAction=push",NA,"S/ 99.90","4",NA
"2017-08-23","televisores","falabella","Merkury","/falabella-pe/product/15208162/Lapiz-Universal-Pen-Stylus-Hip-Hop-Stripe?navAction=push",NA,"S/ 9.90",NA,NA
"2017-08-23","televisores","falabella","HP","/falabella-pe/product/15735701/Notebook-17,3-Omen-CI7-16GB-1TB-256GB-8GB-Video-FHD?navAction=push",NA,"S/ 7,099",NA,NA
"2017-08-23","televisores","falabella","Bit Defender","/falabella-pe/product/15094938/Antivirus-Internet-para-2-PC?navAction=push",NA,"S/ 119",NA,NA
"2017-08-23","televisores","falabella","Logitech","/falabella-pe/product/15809151/Teclado-G410-Atlas-Spectrum-Mecanico?navAction=push",NA,"S/ 619.90",NA,NA
"2017-08-23","televisores","falabella","Wacom","/falabella-pe/product/15900187/Tablet-Digital-Intuos-Art-Small?navAction=push",NA,"S/ 479",NA,NA
"2017-08-23","televisores","falabella","Asus","/falabella-pe/product/15723420/Notebook-17,3-Intel-Core-i7-16-GB-1-TB-Full-HD-Silver?navAction=push","S/ 9,999","S/ 8,499",NA,NA
"2017-08-23","televisores","falabella","Acer","/falabella-pe/product/15071033/Notebook-14''-CI3-4GB-RAM-128SSD?navAction=push","S/ 2,099","S/ 1,799",NA,NA
"2017-08-23","televisores","falabella","Samsonite","/falabella-pe/product/14952122/Mochila-Portafolio-Nasdaq-331NE?navAction=push",NA,"S/ 169","4",NA
"2017-08-23","televisores","falabella","HP","/falabella-pe/product/14405875/Tinta-670-CZ113AL-Negro?navAction=push",NA,"S/ 41.90","4",NA
"2017-08-23","televisores","falabella","Skill","/falabella-pe/product/14973119/Cooler-para-Notebook-15,6-Negro?navAction=push",NA,"S/ 29.90","4",NA
"2017-08-23","televisores","falabella","Targus","/falabella-pe/product/15809168/Mochila-CitySmart-EVA-16-?navAction=push",NA,"S/ 229",NA,NA
"2017-08-23","televisores","falabella","Asus","/falabella-pe/product/15195292/Notebook-Ci5-7200U-8G-256G-13.3''-Gris?navAction=push","S/ 3,899","S/ 3,699","4",NA
"2017-08-23","televisores","falabella","LG","/falabella-pe/product/15774303/Monitor-27-LED-IPS-Gamer-27MP59G?navAction=push",NA,"S/ 1,099",NA,NA
"2017-08-23","televisores","falabella","Macrotel","/falabella-pe/product/14208348/Cable-HDMI-MV-2310-1,8-mt?navAction=push",NA,"S/ 16.90","4",NA
"2017-08-23","televisores","falabella","Kasperky","/falabella-pe/product/15094934/Antivirus-Internet-para-1-PC?navAction=push",NA,"S/ 159",NA,NA
"2017-08-23","televisores","falabella","Exin","/falabella-pe/product/15719249/CPU-para-Gamers-Defender-77?navAction=push",NA,"S/ 5,029",NA,NA
"2017-08-23","televisores","falabella","Wacom","/falabella-pe/product/15900185/Tablet-Digital-Intuos-Photo-Small?navAction=push",NA,"S/ 479",NA,NA
"2017-08-23","televisores","falabella","HP","/falabella-pe/product/14405874/Tinta-662-XL-CZ106AL-Tricolor?navAction=push",NA,"S/ 110.50","4",NA
"2017-08-23","televisores","falabella","Targus","/falabella-pe/product/15809167/Mochila-CitySmart-15.6-Negro?navAction=push",NA,"S/ 139",NA,NA
"2017-08-23","televisores","falabella","Leotec","/falabella-pe/product/15808136/Repetidor-de-Punto-de-Acceso-Router-Blanco?navAction=push",NA,"S/ 139",NA,NA
"2017-08-23","televisores","falabella","Lenovo","/falabella-pe/product/15202043/Tablet-7''-Lenovo-de-8GB-Negro?navAction=push",NA,"S/ 299","4",NA
"2017-08-23","televisores","falabella","Kasperky","/falabella-pe/product/15094932/Antivirus-para-1-PC?navAction=push",NA,"S/ 99",NA,NA
"2017-08-23","televisores","falabella","Exin","/falabella-pe/product/15719248/CPU-para-Gamers-Defender-74?navAction=push",NA,"S/ 4,189",NA,NA
"2017-08-23","televisores","falabella","Wacom","/falabella-pe/product/15900183/Tablet-Digital-Intuos-Comic-Small?navAction=push",NA,"S/ 479",NA,NA
"2017-08-23","televisores","falabella","HP","/falabella-pe/product/14405873/Tinta-662-XL-CZ105AL-Negro?navAction=push",NA,"S/ 88.90","4",NA
"2017-08-23","televisores","falabella","Wacom","/falabella-pe/product/15900181/Tablet-Digital-Intuos-Draw-Small-Blanco?navAction=push",NA,"S/ 299",NA,NA
"2017-08-23","televisores","falabella","Dell","/falabella-pe/product/15779388/Notebook-13,3-Intel-Core-i3-4-GB-500-GB-Gris?navAction=push",NA,"S/ 2,099","4",NA
