"fecha","categoria","ecommerce","producto","precio.antes","precio.actual"
"2017-08-29","televisores","ripley","
                      SAMSUNG SMART TV FHD 49'' 49J5200
                    ","Normal: S/ 2,299","Internet: S/ 1,399"
"2017-08-29","televisores","ripley","
                      SAMSUNG SMART TV FHD 49"" CURVO 49K6500
                    ","Normal: S/ 2,799","Internet: S/ 1,699"
"2017-08-29","televisores","ripley","
                      SAMSUNG SMART TV FHD 55"" CURVO 55K6500
                    ","Normal: S/ 3,799","Internet: S/ 2,099"
"2017-08-29","televisores","ripley","
                      LG SMART TV FHD 49"" 49LJ5500
                    ","Normal: S/ 2,398","Internet: S/ 1,599"
"2017-08-29","televisores","ripley","
                      LG SMART TV UHD 55"" 55UJ6300
                    ","Normal: S/ 2,999","Internet: S/ 2,199"
"2017-08-29","televisores","ripley","
                      LG SMART TV UHD 49'' 49UJ6300
                    ","Normal: S/ 2,199","Internet: S/ 1,999"
"2017-08-29","televisores","ripley","
                      SAMSUNG SMART TV UHD 40'' 40MU6100
                    ","Normal: S/ 2,599","Internet: S/ 1,599"
"2017-08-29","televisores","ripley","
                      SAMSUNG SMART TV UHD 49'' 49MU6100
                    ","Normal: S/ 3,299","Internet: S/ 1,999"
"2017-08-29","televisores","ripley","
                      SAMSUNG SMART TV UHD 49'' CURVO 49MU6300
                    ","Normal: S/ 3,938","Internet: S/ 2,199"
"2017-08-29","televisores","ripley","
                      LG SMART TV UHD 55'' 55UJ6510
                    ","Normal: S/ 3,199","Internet: S/ 2,799"
"2017-08-29","televisores","ripley","
                      LG SMART TV FHD 49''¬<U+0094> 49LH5700
                    ","Normal: S/ 2,399","Internet: S/ 1,499"
"2017-08-29","televisores","ripley","
                      LG SMART TV FHD 49"" 49LH6000
                    ","Normal: S/ 2,599","Internet: S/ 1,499"
"2017-08-29","televisores","ripley","
                      SAMSUNG SMART TV FHD 40‚<U+0080>ù CURVO 40K6500
                    ","Normal: S/ 2,199","Internet: S/ 1,599"
"2017-08-29","televisores","ripley","
                      SAMSUNG SMART TV UHD 55'' CURVO 55MU7500
                    ","Normal: S/ 6,599","Internet: S/ 3,999"
"2017-08-29","televisores","ripley","
                      SAMSUNG SMART TV UHD 49'' CURVO 49MU6500
                    ","Normal: S/ 4,599","Internet: S/ 2,599"
"2017-08-29","televisores","ripley","
                      LG SMART TV UHD 49'' 49UH6500
                    ","Normal: S/ 2,999","Internet: S/ 1,699"
"2017-08-29","televisores","ripley","
                      LG SMART TV UHD 65'' 65UJ6300
                    ","Normal: S/ 5,999","Internet: S/ 4,599"
"2017-08-29","televisores","ripley","
                      LG SMART TV FHD 43'' 43LJ5500
                    ","Normal: S/ 1,699","Internet: S/ 1,499"
"2017-08-29","televisores","ripley","
                      SAMSUNG SMART TV UHD 49'' 49MU6400
                    ","Normal: S/ 3,999","Internet: S/ 2,399"
"2017-08-29","televisores","ripley","
                      SAMSUNG SMART TV UHD 55'' 55MU6100
                    ","Normal: S/ 3,799","Internet: S/ 2,699"
"2017-08-29","televisores","ripley","
                      SAMSUNG SMART TV UHD 55'' CURVO 55MU6300
                    ","Normal: S/ 4,698","Internet: S/ 2,899"
"2017-08-29","televisores","ripley","
                      LG SMART TV 55'' UHD 55UH6030
                    ","Normal: S/ 3,999","Internet: S/ 2,799"
"2017-08-29","televisores","ripley","
                      LG SMART TV UHD 58‚<U+0080>ù 58UH6300
                    ","Normal: S/ 3,599","Internet: S/ 3,499"
"2017-08-29","televisores","ripley","
                      LG SMART TV UHD 49'' 49UJ6560
                    ","Normal: S/ 2,399","Internet: S/ 2,099"
"2017-08-29","televisores","ripley","
                      SONY SMART TV FHD 55"" KDL-55W655D
                    ","Normal: S/ 2,999","Internet: S/ 2,099"
"2017-08-29","televisores","ripley","
                      SAMSUNG SMART TV UHD 49'' 49MU7000
                    ","Normal: S/ 4,999","Internet: S/ 2,999"
"2017-08-29","televisores","ripley","
                      SAMSUNG SMART TV UHD 55'' 55MU6400
                    ","Normal: S/ 4,599","Internet: S/ 3,299"
"2017-08-29","televisores","ripley","
                      SAMSUNG SMART TV UHD 55'' CURVO 55MU6500
                    ","Normal: S/ 4,999","Internet: S/ 3,499"
"2017-08-29","televisores","ripley","
                      SAMSUNG SMART TV UHD 65'' 65MU6100
                    ","Normal: S/ 6,599","Internet: S/ 4,599"
"2017-08-29","televisores","ripley","
                      SAMSUNG SMART TV UHD 65'' CURVO 65MU6500
                    ","Normal: S/ 8,599","Internet: S/ 5,499"
"2017-08-29","televisores","ripley","
                      SAMSUNG SMART TV QLED UHD 55'' 55Q7F
                    ","Normal: S/ 8,999","Internet: S/ 5,999"
"2017-08-29","televisores","ripley","
                      SAMSUNG SMART TV UHD 65'' CURVO 65MU7500
                    ","Normal: S/ 9,999","Internet: S/ 6,999"
"2017-08-29","televisores","ripley","
                      SAMSUNG SMART TV UHD 75'' 75MU6100
                    ","Normal: S/ 13,999","Internet: S/ 9,999"
"2017-08-29","televisores","ripley","
                      SAMSUNG SMART TV QLED UHD 65'' CURVO 65Q8C
                    ","Normal: S/ 13,999","Internet: S/ 10,999"
"2017-08-29","televisores","ripley","
                      SAMSUNG TV HD 32‚<U+0080>ù 32J4000
                    ","Normal: S/ 999","Internet: S/ 899"
"2017-08-29","televisores","ripley","
                      SAMSUNG SMART TV UHD 75'' 75MU7000
                    ","Normal: S/ 18,599","Internet: S/ 12,999"
"2017-08-29","televisores","ripley","
                      SAMSUNG SMART TV HD 32‚<U+0080>ù 32J4300
                    ","Normal: S/ 1,099","Internet: S/ 999"
"2017-08-29","televisores","ripley","
                      SAMSUNG SMART TV QLED UHD 75'' CURVO 75Q8C
                    ","Normal: S/ 21,999","Internet: S/ 15,999"
"2017-08-29","televisores","ripley","
                      LG SMART TV FHD 55'' 55LJ5500
                    ","Normal: S/ 3,299","Internet: S/ 2,199"
"2017-08-29","televisores","ripley","
                      LG SMART TV SUPER UHD 55'' 55UH7650
                    ","Normal: S/ 3,199","Internet: S/ 2,999"
"2017-08-29","televisores","ripley","
                      LG SMART TV OLED 4K 65'' OLED65E7P
                    ","Normal: S/ 17,999","Internet: S/ 10,499"
"2017-08-29","televisores","ripley","
                      LG SMART TV OLED 4K 65'' OLED65B7P
                    ","Normal: S/ 12,999","Internet: S/ 7,999"
"2017-08-29","televisores","ripley","
                      LG SMART TV UHD 43'' 43UJ6300
                    ","Normal: S/ 1,799","Internet: S/ 1,599"
"2017-08-29","televisores","ripley","
                      LG SMART TV OLED UHD 55'' 55B7P
                    ","Normal: S/ 8,599","Internet: S/ 4,999"
"2017-08-29","televisores","ripley","
                      LG SMART TV HD 32'' 32LH570B
                    ","Normal: S/ 1,299","Internet: S/ 999"
"2017-08-29","televisores","ripley","
                      AOC TV 32'' HD LE32M3370
                    ",NA,"Internet: S/ 699"
"2017-08-29","televisores","ripley","
                      AOC SMART TV 49'' FHD LE49D5542
                    ","Normal: S/ 1,499","Internet: S/ 1,249"
"2017-08-29","televisores","ripley","
                      SONY SMART TV LED ULTRA HD 65'' XBR-65X855D
                    ","Normal: S/ 9,999","Internet: S/ 4,899"
"2017-08-29","televisores","ripley","
                      SAMSUNG SMART TV SUHD 55'' CURVO 55KS9000
                    ","Normal: S/ 10,999","Internet: S/ 4,999"
"2017-08-29","televisores","ripley","
                      LG SMART TV UHD 70"" 70UH6350
                    ","Normal: S/ 11,999","Internet: S/ 6,499"
"2017-08-29","televisores","ripley","
                      SAMSUNG SMART TV SUHD 55¬<U+0094> CURVO 55KS7500
                    ","Normal: S/ 7,599","Internet: S/ 2,999"
"2017-08-29","televisores","ripley","
                      LG SMART TV UHD 50"" 50UH6300
                    ","Normal: S/ 3,499","Internet: S/ 1,799"
"2017-08-29","televisores","ripley","
                      LG SMART TV SUPER UHD 65'' 65SJ9500
                    ","Normal: S/ 12,999","Internet: S/ 6,499"
"2017-08-29","televisores","ripley","
                      LG SMART TV SUPER UHD 55'' 55SJ8000
                    ","Normal: S/ 8,199","Internet: S/ 4,999"
"2017-08-29","televisores","ripley","
                      LG SMART TV SUPER UHD 65'' 65SJ8000
                    ","Normal: S/ 7,699","Internet: S/ 5,999"
"2017-08-29","televisores","ripley","
                      LG SMART TV UHD 65'' 65UJ6510
                    ","Normal: S/ 6,299","Internet: S/ 4,999"
"2017-08-29","televisores","ripley","
                      SONY SMART TV UHD 65'' XBR-65X905E
                    ","Normal: S/ 9,999","Internet: S/ 6,499"
"2017-08-29","televisores","ripley","
                      LG SMART TV SUPER UHD 86'' 86SJ9570
                    ","Normal: S/ 24,999","Internet: S/ 19,999"
"2017-08-29","televisores","ripley","
                      LG TV FHD 43'' 43LJ5000
                    ","Normal: S/ 1,499","Internet: S/ 1,299"
"2017-08-29","televisores","ripley","
                      SAMSUNG SMART TV FHD 40‚<U+0080>ù 40J5500
                    ","Normal: S/ 1,999","Internet: S/ 1,399"
"2017-08-29","televisores","ripley","
                      SAMSUNG SMART TV SUHD 65"" CURVO 65KS7500
                    ","Normal: S/ 13,599","Internet: S/ 6,999"
"2017-08-29","televisores","ripley","
                      SONY SMART TV UHD 65"" XBR-65X755D
                    ","Normal: S/ 6,999","Internet: S/ 4,699"
"2017-08-29","televisores","ripley","
                      HAIER TV FHD 50'' LE50B8000
                    ","Normal: S/ 1,999","Internet: S/ 999"
"2017-08-29","televisores","ripley","
                      SONY SMART TV UHD 55'' XBR-55X805E
                    ","Normal: S/ 4,999","Internet: S/ 2,999"
"2017-08-29","televisores","ripley","
                      LG SMART TV UHD 75'' 75UJ6580
                    ","Normal: S/ 11,999","Internet: S/ 8,999"
"2017-08-29","televisores","ripley","
                      SONY SMART TV UHD 49'' XBR-49X805E
                    ","Normal: S/ 3,799","Internet: S/ 2,899"
"2017-08-29","televisores","ripley","
                      SONY SMART TV UHD 55'' XBR-55X905E
                    ","Normal: S/ 6,499","Internet: S/ 3,799"
"2017-08-29","televisores","ripley","
                      LG SMART TV 43'' UHD 43UH6030
                    ","Normal: S/ 2,199","Internet: S/ 1,599"
"2017-08-29","televisores","ripley","
                      SONY SMART TV UHD 85"" XBR-85X855D
                    ","Normal: S/ 24,999","Internet: S/ 16,999"
"2017-08-29","televisores","ripley","
                      LG SMART TV OLED 4K 55"" OLED55B6P
                    ","Normal: S/ 11,999","Internet: S/ 8,399"
"2017-08-29","televisores","ripley","
                      LG TV HD 24'' MT48AF
                    ","Normal: S/ 449","Internet: S/ 299"
"2017-08-29","televisores","ripley","
                      SONY SMART TV UHD 55"" XBR-55X705D
                    ","Normal: S/ 5,999","Internet: S/ 4,499"
"2017-08-29","televisores","ripley","
                      LG TV FHD 43"" LH5000
                    ","Normal: S/ 1,499","Internet: S/ 899"
"2017-08-29","televisores","ripley","
                      SONY SMART TV LED HD 32'' KDL-32W605D
                    ","Normal: S/ 1,199","Internet: S/ 1,099"
"2017-08-29","televisores","ripley","
                      SONY SMART TV LED FULL HD 40'' KDL-40W655D
                    ","Normal: S/ 1,699","Internet: S/ 1,399"
"2017-08-29","televisores","ripley","
                      SONY SMART TV LED ULTRA HD 55'' XBR-55X855D
                    ","Normal: S/ 6,499","Internet: S/ 5,499"
"2017-08-29","televisores","ripley","
                      SAMSUNG SMART TV UHD 55"" CURVO 55KU6300
                    ","Normal: S/ 4,599","Internet: S/ 2,299"
"2017-08-29","televisores","ripley","
                      SONY TV HD 32¬<U+0094> 32R305C
                    ","Normal: S/ 1,199","Internet: S/ 799"
"2017-08-29","televisores","ripley","
                      LG SMART TV UHD 65"" 65UH6500
                    ","Normal: S/ 7,999","Internet: S/ 1,999"
"2017-08-29","televisores","ripley","
                      LG SMART TV FHD 43'' 43LH5700
                    ","Normal: S/ 1,899","Internet: S/ 1,299"
"2017-08-29","televisores","ripley","
                      LG SMART TV UHD 60‚<U+0080>ù 60UH6500
                    ","Normal: S/ 6,999","Internet: S/ 3,499"
"2017-08-29","televisores","ripley","
                      LG SMART TV SUPER UHD 55¬<U+0094> 3D 55UH8500
                    ","Normal: S/ 5,999","Internet: S/ 5,599"
"2017-08-29","televisores","ripley","
                      LG SMART TV UHD 55¬<U+0094> 55UH6500
                    ","Normal: S/ 4,299","Internet: S/ 3,199"
"2017-08-29","televisores","ripley","
                      LG SMART TV FHD 43‚<U+0080>ù 43LH6000
                    ","Normal: S/ 2,099","Internet: S/ 1,249"
"2017-08-29","televisores","ripley","
                      AOC SMART TV 43'' FHD LE43D5542
                    ","Normal: S/ 1,299","Internet: S/ 1,099"
"2017-08-29","televisores","ripley","
                      AOC SMART TV FHD 55'' LE55D5542
                    ",NA,"Internet: S/ 1,899"
"2017-08-29","televisores","ripley","
                      AOC SMART TV FHD 43'' LE43S5970
                    ","Normal: S/ 1,299","Internet: S/ 1,099"
"2017-08-29","televisores","ripley","
                      AOC SMART TV FHD 49'' LE49S5970
                    ","Normal: S/ 1,499","Internet: S/ 1,249"
"2017-08-29","televisores","ripley","
                      AOC SMART TV HD 32'' LE32S5970
                    ",NA,"Internet: S/ 799"
"2017-08-29","televisores","ripley","
                      HAIER TV HD 24‚<U+0080>ù LE24B8000
                    ","Normal: S/ 499","Internet: S/ 399"
"2017-08-29","televisores","ripley","
                      HAIER SMART TV HD 32"" B8500
                    ","Normal: S/ 999","Internet: S/ 699"
"2017-08-29","televisores","ripley","
                      HAIER TV FHD 40‚<U+0080>ù LE40B8000
                    ","Normal: S/ 1,099","Internet: S/ 449"
"2017-08-29","televisores","ripley","
                      HAIER TV FHD 42'' LE42B9000
                    ","Normal: S/ 999","Internet: S/ 799"
"2017-08-29","televisores","ripley","
                      HAIER SMART TV FHD 42"" LE42B8500DA
                    ","Normal: S/ 1,499","Internet: S/ 999"
"2017-08-29","televisores","ripley","
                      HAIER TV FHD 48'' LE48M600
                    ","Normal: S/ 1,499","Internet: S/ 899"
"2017-08-29","televisores","ripley","
                      HAIER SMART TV FHD 50‚<U+0080>ù LE50K5000N
                    ","Normal: S/ 1,799","Internet: S/ 1,299"
"2017-08-29","televisores","ripley","
                      HAIER TV FHD 55‚<U+0080>ù LE55B8000
                    ","Normal: S/ 1,999","Internet: S/ 1,499"
"2017-08-29","televisores","ripley","
                      HAIER SMART TV FHD 55'' LE55B8500DA
                    ",NA,"Internet: S/ 1,999"
"2017-08-29","televisores","ripley","
                      PANASONIC TV FHD 40"" D400
                    ","Normal: S/ 1,699","Internet: S/ 1,299"
"2017-08-29","televisores","ripley","
                      SONY SMART TV UHD 75"" XBR-75X945E
                    ","Normal: S/ 17,999","Internet: S/ 14,999"
"2017-08-29","televisores","ripley","
                      AOC TV UHD 55"" LE55U7970
                    ","Normal: S/ 2,499","Internet: S/ 2,199"
"2017-08-29","televisores","ripley","
                      AOC TV UHD 65"" LE65U7970
                    ","Normal: S/ 3,599","Internet: S/ 3,299"
"2017-08-29","televisores","ripley","
                      SAMSUNG MONITOR TV 24"" E310
                    ","Normal: S/ 599","Internet: S/ 499"
"2017-08-29","televisores","ripley","
                      LG SMART TV UHD 60"" UJ6300
                    ","Normal: S/ 4,299","Internet: S/ 3,699"
"2017-08-29","televisores","ripley","
                      SONY SMART TV XBR-65A1E UHD 65"" - NEGRO
                    ","Normal: S/ 16,999","Internet: S/ 14,999"
"2017-08-29","televisores","ripley","
                      SONY SMART TV XBR-55A1E UHD 55"" - NEGRO
                    ","Normal: S/ 10,999","Internet: S/ 8,999"
"2017-08-29","televisores","ripley","
                      SONY SMART TV XBR-65X855E UHD 65"" - NEGRO
                    ","Normal: S/ 7,999","Internet: S/ 5,499"
"2017-08-29","computo","ripley","
                      LENOVO LAPTOP IDEAPAD 310 15.6'' CORE i3 1TB 4GB - PLATEADO
                    ","Normal: S/ 2,199","Internet: S/ 1,499"
"2017-08-29","computo","ripley","
                      HP LAPTOP 15-BS010LA 15.6'' INTEL CORE I3 1TB 4GB
                    ","Normal: S/ 1,499","Internet: S/ 1,399"
"2017-08-29","computo","ripley","
                      LENOVO LAPTOP IDEAPAD 300 14'' INTEL CELERON 500GB 4GB - PLATEADO
                   ‚<U+0080>¶","Normal: S/ 1,299","Internet: S/ 999"
"2017-08-29","computo","ripley","
                      ACER LAPTOP ASPIRE ES1-732 17.3'' CELERON 1TB 4GB - NEGRO
                    ","Normal: S/ 1,499","Internet: S/ 1,099"
"2017-08-29","computo","ripley","
                      HP LAPTOP 15-BW015LA 15.6'' AMD A9 1TB 4GB
                    ","Normal: S/ 1,899","Internet: S/ 1,399"
"2017-08-29","computo","ripley","
                      LENOVO LAPTOP 2 EN 1 MIIX 310 10.1'' INTEL ATOM 32GB 2GB - PLATEADO
                    ","Normal: S/ 999","Internet: S/ 799"
"2017-08-29","computo","ripley","
                      ADVANCE LAPTOP NV6646 14'' INTEL ATOM 32GB 2GB BLANCO + DISCO DURO EXTERNO 500GB
                   ‚<U+0080>¶","Normal: S/ 999","Internet: S/ 699"
"2017-08-29","computo","ripley","
                      LENOVO LAPTOP 2 EN 1 YOGA 500 14'' CORE i3 500GB 4GB - BLANCO
                    ","Normal: S/ 2,199","Internet: S/ 1,799"
"2017-08-29","computo","ripley","
                      ASUS LAPTOP VIVO BOOK FLIP TP301UA-DW066T 13.3"" CORE I3 4G 500GB - NEGRO
                   ‚<U+0080>¶","Normal: S/ 2,099","Internet: S/ 1,699"
"2017-08-29","computo","ripley","
                      LAPTOP IDEAPAD 510 15.6'' CORE i5 1TB 12GB
                    ","Normal: S/ 3,999","Internet: S/ 3,199"
"2017-08-29","computo","ripley","
                      LENOVO LAPTOP IDEAPAD 510 15.6'' CORE i5 1TB 8GB - METAL
                    ","Normal: S/ 2,999","Internet: S/ 2,699"
"2017-08-29","computo","ripley","
                      LENOVO LAPTOP IDEAPAD 300 14'' INTEL CELERON 500GB 4GB - PLATEADO
                   ‚<U+0080>¶","Normal: S/ 1,299","Internet: S/ 1,099"
"2017-08-29","computo","ripley","
                      ASUS LAPTOP X541SA-XX038T 15.6'' INTEL CELERON 500GB 4GB - CHOCOLATE NEGRO
                   ‚<U+0080>¶","Normal: S/ 1,199","Internet: S/ 999"
"2017-08-29","computo","ripley","
                      LENOVO LAPTOP IDEAPAD 310 14'' INTEL CELERON 500GB 4GB - PLATEADO
                   ‚<U+0080>¶","Normal: S/ 1,299","Internet: S/ 1,099"
"2017-08-29","computo","ripley","
                      ACER LAPTOP ASPIRE E5-774-546B 17.3'' CORE i5 1TB 4GB - NEGRO
                    ","Normal: S/ 2,199","Internet: S/ 1,999"
"2017-08-29","computo","ripley","
                      HP LAPTOP PAVILION 2 EN 1 X360 13-U001LA 13.3"" INTEL CORE i3 4GB 500GB - PLATEDO
                   ‚<U+0080>¶","No disponible",NA
"2017-08-29","computo","ripley","
                      LG NOTEBOOK GRAM 15.6"" CORE I5 256GB 8GB - DORADO
                    ",NA,"Internet: S/ 4,699"
"2017-08-29","computo","ripley","
                      ACER NOTEBOOK 2 EN 1 SP714-51-M6HB 14"" CORE I7 256GB 8GB - NEGRO
                   ‚<U+0080>¶",NA,"Internet: S/ 5,099"
"2017-08-29","computo","ripley","
                      ASUS LAPTOP GL553VD-DM086T 15.6"" CORE I5 1TB 12GB - NEGRO
                    ","Normal: S/ 4,599","Internet: S/ 3,799"
"2017-08-29","computo","ripley","
                      HP LAPTOP 15-BR002LA 15.6'' INTEL CORE I3 500GB 4GB
                    ",NA,"Internet: S/ 1,999"
"2017-08-29","computo","ripley","
                      ASUS LAPTOP G752VT-GC091T 17.3"" CORE I7 16GB 1TB - GRIS
                    ","Normal: S/ 7,299","Internet: S/ 6,199"
"2017-08-29","computo","ripley","
                      LENOVO LAPTOP IDEAPAD 310 15.6'' CORE i5 1TB 4GB TARJETA DE VIDEO 2GB - PLATEADO
                   ‚<U+0080>¶","Normal: S/ 2,699","Internet: S/ 2,099"
"2017-08-29","computo","ripley","
                      HP LAPTOP 15-BW009LA 15.6"" AMD A10 1TB 8GB - PLATEADO
                    ",NA,"Internet: S/ 1,799"
"2017-08-29","computo","ripley","
                      HP LAPTOP 15-BS029LA 15.6'' INTEL CORE I5 1TB 4GB
                    ",NA,"Internet: S/ 1,899"
"2017-08-29","computo","ripley","
                      MSI LAPTOP GL62 6QE 15.6'' CORE i5 1TB 8GB - NEGRO
                    ",NA,"Internet: S/ 3,699"
"2017-08-29","computo","ripley","
                      DELL LAPTOP INSPIRON 15-5000 15.6'' CORE i7 1TB 8GB - PLATEADO
                    ",NA,"Internet: S/ 3,299"
"2017-08-29","computo","ripley","
                      LENOVO LAPTOP IDEAPAD Y700 17.3'' CORE i7 1TB+128GB 16GB - NEGRO
                    ","Normal: S/ 5,999","Internet: S/ 5,699"
"2017-08-29","computo","ripley","
                      ACER LAPTOP ASPIRE E5-575-74F1 15.6'' CORE i7 1TB 4GB - NEGRO
                    ","Normal: S/ 2,799","Internet: S/ 2,699"
"2017-08-29","computo","ripley","
                      DELL LAPTOP INSPIRON 15-5000 15.6'' CORE i5 1TB 8GB - PLATEADO
                    ",NA,"Internet: S/ 2,799"
"2017-08-29","computo","ripley","
                      ASUS LAPTOP X541UA-GO890T 15.6'' CORE I3 1TB 8GB - CHOCOLATE
                    ",NA,"Internet: S/ 1,699"
"2017-08-29","computo","ripley","
                      ASUS LAPTOP TP501UA-CJ104T 15.6'' CORE i3 500GB 4GB - GRIS
                    ",NA,"Internet: S/ 1,999"
"2017-08-29","computo","ripley","
                      HP LAPTOP SPECTRE 13-V101 13.3'' CORE i5 256GB 8GB - PLATA CENIZA
                    ","Normal: S/ 5,099","Internet: S/ 4,999"
"2017-08-29","computo","ripley","
                      MSI LAPTOP GT72VR 7RE DOMINATOR PRO 17.3"" CORE I7 1TB 16GB - NEGRO
                    ",NA,"Internet: S/ 9,499"
"2017-08-29","computo","ripley","
                      MSI LAPTOP GS63 7RE STEALTH PRO 15.6"" CORE I7 1TB 16GB - NEGRO
                    ",NA,"Internet: S/ 6,999"
"2017-08-29","computo","ripley","
                      MSI LAPTOP GE62VR 7RF APACHE PRO CAMO 15.6"" CORE I7 1TB 16GB - MULTICOLOR
                   ‚<U+0080>¶",NA,"Internet: S/ 7,399"
"2017-08-29","computo","ripley","
                      MSI LAPTOP GP62 7REX LEOPARD PRO 15.6"" CORE I7 1TB 16GB - NEGRO
                    ",NA,"Internet: S/ 5,499"
"2017-08-29","computo","ripley","
                      MSI LAPTOP GL62 7RDX  15.6"" CORE I7 1TB 8GB - NEGRO
                    ",NA,"Internet: S/ 4,499"
"2017-08-29","computo","ripley","
                      MSI LAPTOP GL72 7RDX  17.3"" CORE I7 1TB 8GB - NEGRO
                    ",NA,"Internet: S/ 4,699"
"2017-08-29","computo","ripley","
                      HP LAPTOP 15-CD005LA 15.6"" AMD A12 1TB 12GB - AZUL
                    ",NA,"Internet: S/ 2,399"
"2017-08-29","computo","ripley","
                      ADVANCE LAPTOP NV9901 14'' INTEL CHERRY TRAIL X5-Z8350 32GB 4GB
                    ",NA,"Internet: S/ 999"
"2017-08-29","computo","ripley","
                      DELL LAPTOP INSPIRON 14 3000 14"" CORE I5 500 GB 4 GB - NEGRO
                    ",NA,"Internet: S/ 2,199"
"2017-08-29","computo","ripley","
                      LENOVO LAPTOP G50-70 15.6"" CORE I3 1TB 4GB PLATEADO
                    ","Normal: S/ 1,999","Internet: S/ 899"
"2017-08-29","computo","ripley","
                      ASUS LAPTOP UX501VW-FI058T 15.6'' CORE i7 1TB 8GB - GRIS
                    ",NA,"Internet: S/ 4,799"
"2017-08-29","computo","ripley","
                      ASUS LAPTOP T303UA-GN047T 12.5"" CORE I7 8GB 512GB - GRIS
                    ",NA,"Internet: S/ 5,499"
"2017-08-29","computo","ripley","
                      ASUS LAPTOP GL553VE-DM028T 15.6'' CORE I7 1TB 12GB - NEGRO
                    ",NA,"Internet: S/ 4,699"
"2017-08-29","computo","ripley","
                      ASUS LAPTOP X541UJ-GO060T 15.6'' CORE i5 500GB 4GB - PLATEADO
                    ",NA,"Internet: S/ 1,999"
"2017-08-29","computo","ripley","
                      ASUS LAPTOP UX360UAK-C4197T 13.3'' CORE i5 256GB 8GB - GRIS
                    ",NA,"Internet: S/ 3,699"
"2017-08-29","computo","ripley","
                      ASUS LAPTOP UX310UQ-GL246T 13.3'' CORE i7 1TB 8GB - GRIS
                    ",NA,"Internet: S/ 3,499"
"2017-08-29","computo","ripley","
                      LENOVO NOTEBOOK YOGA 900 13.3"" CORE I5 256GB 4GB - DORADO
                    ","Normal: S/ 4,599","Internet: S/ 3,999"
"2017-08-29","computo","ripley","
                      LAPTOP IDEAPAD 510S 15.6'' CORE i5 1TB 12GB - BLANCO
                    ","Normal: S/ 3,299","Internet: S/ 2,999"
"2017-08-29","computo","ripley","
                      HP LAPTOP 17-AN001LA 17.3"" CORE I7 1TB 12GB - NEGRO
                    ",NA,"Internet: S/ 4,999"
"2017-08-29","computo","ripley","
                      HP NOTEBOOK 14-AC132LA 1TB - ROJO INTEL CORE I7
                    ","Normal: S/ 2,699","Internet: S/ 2,399"
"2017-08-29","computo","ripley","
                      HUAWEI MATEBOOK 12'' 128GB 4GB - GRIS
                    ","Normal: S/ 3,699","Internet: S/ 2,399"
"2017-08-29","computo","ripley","
                      MSI LAPTOP GP72 7REX LEOPARD PRO 17.3"" CORE I7 1TB 16GB - NEGRO
                    ",NA,"Internet: S/ 5,599"
"2017-08-29","computo","ripley","
                      HP LAPTOP 15-CE001LA 15.6"" CORE I5 1TB 8GB - NEGRO
                    ",NA,"Internet: S/ 3,999"
"2017-08-29","computo","ripley","
                      HP LAPTOP 15-CC507LA 15.6"" CORE I7 1TB 16GB - DORADO
                    ",NA,"Internet: S/ 3,899"
"2017-08-29","computo","ripley","
                      HP LAPTOP 15-BS012 15.6"" INTEL CORE I3 1TB 8GB - PLATEADO
                    ",NA,"Internet: S/ 1,899"
"2017-08-29","computo","ripley","
                      LAPTOP OMEN 15-AX201LA 15.6"" CORE i5 1TB 8GB - NEGRO
                    ","Normal: S/ 3,699","Internet: S/ 3,299"
"2017-08-29","computo","ripley","
                      HP LAPTOP 14-BA003LA 14"" INTEL CORE I5 500GB 6GB - PLATEADO
                    ",NA,"Internet: S/ 2,599"
"2017-08-29","computo","ripley","
                      HP LAPTOP 13-AC003LA 13.3"" INTEL CORE I7 256GB 8GB - PLOMO
                    ",NA,"Internet: S/ 5,299"
"2017-08-29","computo","ripley","
                      LENOVO LAPTOP IDEAPAD 110 15.6'' AMD A8 1TB 8GB - NEGRO
                    ","Normal: S/ 1,599","Internet: S/ 1,399"
"2017-08-29","computo","ripley","
                      HP LAPTOP 15-BS021LA 15.6'' INTEL CORE I7 1TB 12GB
                    ",NA,"Internet: S/ 3,099"
"2017-08-29","computo","ripley","
                      HP LAPTOP SPECTRE 13-V101 13.3'' CORE i5 256GB 8GB - PLATA CENIZA
                    ","Normal: S/ 5,099","Internet: S/ 4,999"
"2017-08-29","computo","ripley","
                      HP LAPTOP 15-CC502LA 15.6"" CORE I5 1TB 12GB - PLOMO
                    ",NA,"Internet: S/ 2,699"
"2017-08-29","computo","ripley","
                      LENOVO LAPTOP IDEAPAD 510 15.6'' CORE i5 1TB 8GB - METAL
                    ","Normal: S/ 2,999","Internet: S/ 2,699"
"2017-08-29","computo","ripley","
                      HP LAPTOP 15-CD005LA 15.6"" AMD A12 1TB 12GB - AZUL
                    ",NA,"Internet: S/ 2,399"
"2017-08-29","computo","ripley","
                      ACER LAPTOP SWIFT 3 14"" INTEL CORE i5 256GB SSD 8GB - AZUL
                    ",NA,"Internet: S/ 3,699"
"2017-08-29","computo","ripley","
                      HP LAPTOP 15-CE002LA 15.6"" CORE I7 1TB 12GB - NEGRO
                    ",NA,"Internet: S/ 4,699"
"2017-08-29","computo","ripley","
                      ADVANCE LAPTOP NV9901 14'' INTEL CHERRY TRAIL X5-Z8350 32GB 4GB
                    ",NA,"Internet: S/ 999"
"2017-08-29","computo","ripley","
                      HP LAPTOP OMEN 15-AX001LA 15.6'' CORE i5 1TB 8GB - NEGRO
                    ","Normal: S/ 3,999","Internet: S/ 3,199"
"2017-08-29","computo","ripley","
                      ASUS LAPTOP X541UA-GO890T 15.6'' CORE I3 1TB 8GB - CHOCOLATE
                    ",NA,"Internet: S/ 1,699"
"2017-08-29","computo","ripley","
                      HUAWEI MATEBOOK 12'' 128GB 4GB - GRIS
                    ","Normal: S/ 3,699","Internet: S/ 2,399"
"2017-08-29","computo","ripley","
                      LENOVO LAPTOP 2 EN 1 MIIX 310 10.1'' INTEL ATOM 32GB 2GB - PLATEADO
                    ","Normal: S/ 999","Internet: S/ 799"
"2017-08-29","computo","ripley","
                      ASUS LAPTOP VIVO BOOK FLIP TP301UA-DW066T 13.3"" CORE I3 4G 500GB - NEGRO
                   ‚<U+0080>¶","Normal: S/ 2,099","Internet: S/ 1,699"
"2017-08-29","computo","ripley","
                      LENOVO LAPTOP 2 EN 1 YOGA 500 14'' CORE i3 500GB 4GB - BLANCO
                    ","Normal: S/ 2,199","Internet: S/ 1,799"
"2017-08-29","computo","ripley","
                      LENOVO NOTEBOOK YOGA 900 13.3"" CORE I5 256GB 4GB - DORADO
                    ","Normal: S/ 4,599","Internet: S/ 3,999"
"2017-08-29","computo","ripley","
                      ASUS LAPTOP T303UA-GN047T 12.5"" CORE I7 8GB 512GB - GRIS
                    ",NA,"Internet: S/ 5,499"
"2017-08-29","computo","ripley","
                      HP LAPTOP PAVILION 2 EN 1 X360 13-U001LA 13.3"" INTEL CORE i3 4GB 500GB - PLATEDO
                   ‚<U+0080>¶","No disponible",NA
"2017-08-29","computo","ripley","
                      ASUS LAPTOP TP501UA-CJ104T 15.6'' CORE i3 500GB 4GB - GRIS
                    ",NA,"Internet: S/ 1,999"
"2017-08-29","computo","ripley","
                      ACER NOTEBOOK 2 EN 1 SP714-51-M6HB 14"" CORE I7 256GB 8GB - NEGRO
                   ‚<U+0080>¶",NA,"Internet: S/ 5,099"
"2017-08-29","computo","ripley","
                      SAMSUNG GALAXY BOOK 10.6 SM-W620NZKBPEO 64GB 4GB -¬<U+0096> NEGRO
                    ",NA,"Internet: S/ 2,599"
"2017-08-29","computo","ripley","
                      SAMSUNG GALAXY BOOK 10.6 SM-W620NZWBPEO ¬<U+0096>64GB 4GB- BLANCO
                    ",NA,"Internet: S/ 2,599"
"2017-08-29","computo","ripley","
                      HP LAPTOP 14-BA003LA 14"" INTEL CORE I5 500GB 6GB - PLATEADO
                    ",NA,"Internet: S/ 2,599"
"2017-08-29","computo","ripley","
                      HP LAPTOP 13-AC003LA 13.3"" INTEL CORE I7 256GB 8GB - PLOMO
                    ",NA,"Internet: S/ 5,299"
"2017-08-29","computo","ripley","
                      HP LAPTOP 15-BR002LA 15.6'' INTEL CORE I3 500GB 4GB
                    ",NA,"Internet: S/ 1,999"
"2017-08-29","computo","ripley","
                      HP ALL IN ONE 24-G017LA 23.8"" AMD A8 1TB 8GB - BLANCO
                    ","Normal: S/ 1,899","Internet: S/ 1,799"
"2017-08-29","computo","ripley","
                      ASUS ALL IN ONE V200IBUK-BC097X 19.5'' CELERON 1TB 4GB - NEGRO
                    ",NA,"Internet: S/ 1,499"
"2017-08-29","computo","ripley","
                      LENOVO ALL IN ONE C40-30 21.5"" CORE I3 1TB 4GB - BLANCO
                    ","Normal: S/ 2,399","Internet: S/ 1,999"
"2017-08-29","computo","ripley","
                      LG ALL IN ONE 22V240 21,5"" INTEL CELERON 500GB 2GB - BLANCO
                    ",NA,"Internet: S/ 1,599"
"2017-08-29","computo","ripley","
                      ASUS ALL IN ONE ZN220ICGK-RA013X 21.5"" CORE I3 2GB 1TB - PLATEADO
                    ","Normal: S/ 2,699","Internet: S/ 2,499"
"2017-08-29","computo","ripley","
                      DELL ALL IN ONE IO3059 19.5'' CORE i3 500GB 4GB - NEGRO
                    ","Normal: S/ 2,299","Internet: S/ 1,999"
"2017-08-29","computo","ripley","
                      LENOVO ALL IN ONE C20-00 19.5"" INTEL CELERON 1TB 4GB TOUCH - BLANCO
                   ‚<U+0080>¶","Normal: S/ 1,999","Internet: S/ 1,399"
"2017-08-29","computo","ripley","
                      LENOVO ALL IN ONE C20-00 19.5'' INTEL CELERON 500GB 2GB - BLANCO
                    ","Normal: S/ 1,299","Internet: S/ 999"
"2017-08-29","computo","ripley","
                      LG ALL IN ONE 24V550 23.9"" INTEL CORE I5 1TB 4GB - BLANCO
                    ",NA,"Internet: S/ 3,799"
"2017-08-29","computo","ripley","
                      HP ALL IN ONE 24-B207LA 23.8"" AMD A9-9410 1TB 8GB - PLATEADO
                    ",NA,"Internet: S/ 2,899"
"2017-08-29","computo","ripley","
                      HP ALL IN ONE 20-C207LA 19.5"" CORE I3 1TB 4GB - BLANCO
                    ",NA,"Internet: S/ 1,999"
"2017-08-29","computo","ripley","
                      HP ALL IN ONE 22-B006 21.5'' AMD A6 1TB 4GB - BLANCO
                    ",NA,"Internet: S/ 1,699"
"2017-08-29","computo","ripley","
                      HP ALL IN ONE 24-B208LA 23.8"" AMD A9-9410 1TB 6GB - PLATEADO
                    ",NA,"Internet: S/ 2,499"
"2017-08-29","computo","ripley","
                      HP ALL IN ONE 24-B209LA 23.8"" INTEL CORE I5 2TB 8GB - BLANCO
                    ",NA,"Internet: S/ 3,499"
"2017-08-29","computo","ripley","
                      LENOVO LAPTOP IDEAPAD Y700 17.3'' CORE i7 1TB+128GB 16GB - NEGRO
                    ","Normal: S/ 5,999","Internet: S/ 5,699"
"2017-08-29","computo","ripley","
                      HP LAPTOP OMEN 15-AX001LA 15.6'' CORE i5 1TB 8GB - NEGRO
                    ","Normal: S/ 3,999","Internet: S/ 3,199"
"2017-08-29","computo","ripley","
                      ASUS LAPTOP G752VT-GC091T 17.3"" CORE I7 16GB 1TB - GRIS
                    ","Normal: S/ 7,299","Internet: S/ 6,199"
"2017-08-29","computo","ripley","
                      MSI LAPTOP GL62 6QE 15.6'' CORE i5 1TB 8GB - NEGRO
                    ",NA,"Internet: S/ 3,699"
"2017-08-29","computo","ripley","
                      MSI LAPTOP GE62 15.6'' CORE i7 1TB 16GB - NEGRO
                    ",NA,"Internet: S/ 5,799"
"2017-08-29","computo","ripley","
                      MSI LAPTOP GT72VR 7RE DOMINATOR PRO 17.3"" CORE I7 1TB 16GB - NEGRO
                    ",NA,"Internet: S/ 9,499"
"2017-08-29","computo","ripley","
                      MSI LAPTOP GS63 7RE STEALTH PRO 15.6"" CORE I7 1TB 16GB - NEGRO
                    ",NA,"Internet: S/ 6,999"
"2017-08-29","computo","ripley","
                      MSI LAPTOP GE62VR 7RF APACHE PRO CAMO 15.6"" CORE I7 1TB 16GB - MULTICOLOR
                   ‚<U+0080>¶",NA,"Internet: S/ 7,399"
"2017-08-29","computo","ripley","
                      MSI LAPTOP GP62 7REX LEOPARD PRO 15.6"" CORE I7 1TB 16GB - NEGRO
                    ",NA,"Internet: S/ 5,499"
"2017-08-29","computo","ripley","
                      MSI LAPTOP GL62 7RDX  15.6"" CORE I7 1TB 8GB - NEGRO
                    ",NA,"Internet: S/ 4,499"
"2017-08-29","computo","ripley","
                      MSI LAPTOP GL72 7RDX  17.3"" CORE I7 1TB 8GB - NEGRO
                    ",NA,"Internet: S/ 4,699"
"2017-08-29","computo","ripley","
                      ASUS LAPTOP GL553VD-DM086T 15.6"" CORE I5 1TB 12GB - NEGRO
                    ","Normal: S/ 4,599","Internet: S/ 3,799"
"2017-08-29","computo","ripley","
                      HP LAPTOP 17-AN001LA 17.3"" CORE I7 1TB 12GB - NEGRO
                    ",NA,"Internet: S/ 4,999"
"2017-08-29","computo","ripley","
                      MSI LAPTOP GP72 7REX LEOPARD PRO 17.3"" CORE I7 1TB 16GB - NEGRO
                    ",NA,"Internet: S/ 5,599"
"2017-08-29","computo","ripley","
                      HP LAPTOP 15-CE001LA 15.6"" CORE I5 1TB 8GB - NEGRO
                    ",NA,"Internet: S/ 3,999"
"2017-08-29","computo","ripley","
                      HP LAPTOP 15-CC507LA 15.6"" CORE I7 1TB 16GB - DORADO
                    ",NA,"Internet: S/ 3,899"
"2017-08-29","computo","ripley","
                      HP LAPTOP 15-BS021LA 15.6'' INTEL CORE I7 1TB 12GB
                    ",NA,"Internet: S/ 3,099"
"2017-08-29","computo","ripley","
                      HP LAPTOP 15-CD005LA 15.6"" AMD A12 1TB 12GB - AZUL
                    ",NA,"Internet: S/ 2,399"
"2017-08-29","computo","ripley","
                      HP LAPTOP 15-CE002LA 15.6"" CORE I7 1TB 12GB - NEGRO
                    ",NA,"Internet: S/ 4,699"
"2017-08-29","computo","ripley","
                      HP LAPTOP 15-CC502LA 15.6"" CORE I5 1TB 12GB - PLOMO
                    ",NA,"Internet: S/ 2,699"
"2017-08-29","computo","ripley","
                      HP LAPTOP 15-BW009LA 15.6"" AMD A10 1TB 8GB - PLATEADO
                    ",NA,"Internet: S/ 1,799"
"2017-08-29","computo","ripley","
                      SAMSUNG TABLET KIDS SM-T113NDWYPEO 7"" 1GB 8GB - BLANCO
                    ","Normal: S/ 499","Internet: S/ 399"
"2017-08-29","computo","ripley","
                      HUAWEI TABLET MEDIAPAD T1 8'' 8GB 1GB - PLATEADO
                    ","Normal: S/ 499","Internet: S/ 399"
"2017-08-29","computo","ripley","
                      ADVANCE TABLET PR5449 7"" 1.5GB 8GB 3G - AZUL
                    ","Normal: S/ 299","Internet: S/ 159"
"2017-08-29","computo","ripley","
                      ADVANCE TABLET PR5449 7"" 1.5GB 8GB 3G - ROJO
                    ","Normal: S/ 299","Internet: S/ 159"
"2017-08-29","computo","ripley","
                      LENOVO TABLET TAB2 A10-30 10.1"" 16GB - BLANCO
                    ","Normal: S/ 599","Internet: S/ 499"
"2017-08-29","computo","ripley","
                      SAMSUNG GALAXY TAB E LITE SM-T113NDWUPEO 7'' 8GB - BLANCO
                    ",NA,"Internet: S/ 399"
"2017-08-29","computo","ripley","
                      SAMSUNG GALAXY TAB A 9.7'' 16GB 2GB - BLANCO
                    ",NA,"Internet: S/ 1,299"
"2017-08-29","computo","ripley","
                      LEOTEC TABLET 3G STELLAR 7'' 8GB 1GB - BLANCO
                    ","Normal: S/ 249","Internet: S/ 189"
"2017-08-29","computo","ripley","
                      AOC TABLET A727 7'' 8GB 1GB - NEGRO
                    ","Normal: S/ 229","Internet: S/ 179"
"2017-08-29","computo","ripley","
                      ADVANCE TABLET KIDTR3785 7'' 8GB + CARCASA VERDE
                    ","Normal: S/ 199","Internet: S/ 179"
"2017-08-29","computo","ripley","
                      SAMSUNG GALAXY TAB S2 F-SMT713NZK-1 8'' 32GB + COVER - NEGRO
                   ‚<U+0080>¶",NA,"Internet: S/ 1,599"
"2017-08-29","computo","ripley","
                      SAMSUNG GALAXY TAB S2 F-SMT713NZDE-1 8'' 32GB + COVER - DORADO
                   ‚<U+0080>¶",NA,"Internet: S/ 1,599"
"2017-08-29","computo","ripley","
                      SAMSUNG GALAXY TAB S2 SM-T713NZKEPEO 8'' 32GB - NEGRO
                    ",NA,"Internet: S/ 1,499"
"2017-08-29","computo","ripley","
                      WACOM TABLETA INTUOS 3D
                    ",NA,"Internet: S/ 799"
"2017-08-29","computo","ripley","
                      WACOM TABLETA INTUOS DRAW SMALL
                    ",NA,"Internet: S/ 299"
"2017-08-29","computo","ripley","
                      WACOM TABLETA INTUOS PHOTO SMALL
                    ",NA,"Internet: S/ 479"
"2017-08-29","computo","ripley","
                      WACOM TABLETA INTUOS COMIC SMALL
                    ",NA,"Internet: S/ 479"
"2017-08-29","computo","ripley","
                      WACOM BAMBOO SPARK SLEEVE LIBRETA DIGITALIZA
                    ","Normal: S/ 499","Internet: S/ 339"
"2017-08-29","computo","ripley","
                      WACOM BAMBOO SPARK POCKET LIBRETA DIGITALIZA
                    ","Normal: S/ 499","Internet: S/ 339"
"2017-08-29","computo","ripley","
                      LENOVO TABLET TAB2 A7-30 7'' 8GB 1GB - BLANCO
                    ",NA,"Internet: S/ 399"
"2017-08-29","computo","ripley","
                      SAMSUNG GALAXY TAB S2 SM-T713NZDEPEO 8'' 32GB - DORADO
                    ",NA,"Internet: S/ 1,499"
"2017-08-29","computo","ripley","
                      SAMSUNG GALAXY TAB S2 9.7'' 32GB DORADO + BOOK COVER
                    ",NA,"Internet: S/ 1,999"
"2017-08-29","computo","ripley","
                      ALCATEL TABLET PIXI3 10.1'' 16GB 1GB BLANCO + TECLADO
                    ","Normal: S/ 599","Internet: S/ 499"
"2017-08-29","computo","ripley","
                      LENOVO TABLET TAB 3 A7 1GB 8GB - NEGRO
                    ",NA,"Internet: S/ 299"
"2017-08-29","computo","ripley","
                      SAMSUNG TABLET F-SMP580NZWA-1 10"" 2GB 16GB - BLANCO
                    ",NA,"Internet: S/ 1,399"
"2017-08-29","computo","ripley","
                      SAMSUNG TABLET F-SMP580NZKA-1 10.1"" 3GB 16GB - GRIS
                    ",NA,"Internet: S/ 1,399"
"2017-08-29","computo","ripley","
                      AOC TABLET A725-LATAM-GW 7"" QUAD  CORE 1GB 8GB - NEGRO
                    ","Normal: S/ 229","Internet: S/ 179"
"2017-08-29","computo","ripley","
                      ADVANCE TABLET INTEL ATOM 3G TH5547 7"" 1GB 8 GB - LILA
                    ",NA,"Internet: S/ 2,159.40"
"2017-08-29","computo","ripley","
                      SAMSUNG GALAXY TAB A 7"" 8GB SM-T280NZKAPEO - BLANCO
                    ","Normal: S/ 599","Internet: S/ 499"
"2017-08-29","computo","ripley","
                      ADVANCE TABLET KIDS TR3785 7"" 1GB 8 GB - ROSADO
                    ","Normal: S/ 229","Internet: S/ 199"
"2017-08-29","computo","ripley","
                      LENOVO PHABLET PB1-750M 6.9'' 16GB - NEGRO
                    ",NA,"Internet: S/ 799"
"2017-08-29","computo","ripley","
                      LENOVO PHABLET PB1-750M 6.9'' 16GB - BLANCO
                    ",NA,"Internet: S/ 799"
"2017-08-29","computo","ripley","
                      LENOVO TABLET A7-20 7"" 8 GB - NEGRO
                    ","Normal: S/ 399","Internet: S/ 329"
"2017-08-29","computo","ripley","
                      LENOVO ARNOLD TAB2 A8-50 8"" 16GB - BLANCO
                    ","Normal: S/ 549","Internet: S/ 499"
"2017-08-29","computo","ripley","
                      HUAWEI TABLET MEDIAPAD T1 7'' 8GB 1GB - PLATEADO
                    ","Normal: S/ 349","Internet: S/ 319"
"2017-08-29","computo","ripley","
                      SAMSUNG TABLET GALAXY E SM-T113NYKUPEO 7"" 8GB 1GB - NEGRO
                    ",NA,"Internet: S/ 399"
"2017-08-29","computo","ripley","
                      ALCATEL TABLET 3G PIXI 7 8GB 1GB - GRIS
                    ","Normal: S/ 399","Internet: S/ 299"
"2017-08-29","computo","ripley","
                      ADVANCE TABLET TR4885 8GB 2GB + COVER AMARILLO + MOCHILA
                    ","Normal: S/ 299","Internet: S/ 269"
"2017-08-29","computo","ripley","
                      LEOTEC TABLET SUPERNOVA I3G 10.1'' 16GB 1GB - BLANCO
                    ","Normal: S/ 499","Internet: S/ 399"
"2017-08-29","computo","ripley","
                      ADVANCE TABLET PR5746 8GB 1GB - GRIS
                    ",NA,"Internet: S/ 219"
"2017-08-29","computo","ripley","
                      ADVANCE TABLET PR5746 8GB 1GB - AZUL
                    ",NA,"Internet: S/ 219"
"2017-08-29","computo","ripley","
                      HUAWEI TABLET MEDIAPAD T1 9.6'' 8GB 1GB - PLATEADO
                    ",NA,"Internet: S/ 699"
"2017-08-29","computo","ripley","
                      LENOVO TABLET A7-30 7"" 2G - BLANCO PERLA
                    ","Normal: S/ 399","Internet: S/ 299"
"2017-08-29","computo","ripley","
                      LENOVO TABLET TAB3 A7 7'' 8GB 1GB - NEGRO
                    ","Normal: S/ 399","Internet: S/ 299"
"2017-08-29","computo","ripley","
                      LEOTEC TABLET SUPERNOVA S16 V4 10.1'' 16GB 1GB - NEGRO
                    ","Normal: S/ 399","Internet: S/ 329"
"2017-08-29","computo","ripley","
                      LEOTEC TABLET SUPERNOVA S16 10.1'' 16GB 1GB - BLANCO
                    ","Normal: S/ 399","Internet: S/ 299"
"2017-08-29","computo","ripley","
                      ADVANCE TABLET TR4885 8GB 2GB + COVER AZUL + MOCHILA
                    ","Normal: S/ 299","Internet: S/ 269"
"2017-08-29","computo","ripley","
                      ADVANCE TABLET TR4885 8GB 2GB + COVER VERDE + MOCHILA
                    ","Normal: S/ 299","Internet: S/ 269"
"2017-08-29","computo","ripley","
                      ADVANCE TABLET 3G PR5649 7"" 8GB ROJA + BRAZALETE SMART GE-W03 NEGRO
                   ‚<U+0080>¶",NA,"Internet: S/ 199"
"2017-08-29","computo","ripley","
                      LEOTEC TABLET SUPERNOVA I3G 10.1'' 16GB 1GB - NEGRO
                    ","Normal: S/ 499","Internet: S/ 419"
"2017-08-29","computo","ripley","
                      SAMSUNG GALAXY BOOK 10.6 SM-W620NZKBPEO 64GB 4GB -¬<U+0096> NEGRO
                    ",NA,"Internet: S/ 2,599"
"2017-08-29","computo","ripley","
                      SAMSUNG GALAXY BOOK 10.6 SM-W620NZWBPEO ¬<U+0096>64GB 4GB- BLANCO
                    ",NA,"Internet: S/ 2,599"
"2017-08-29","computo","ripley","
                      SAMSUNG GALAXY TAB S3 9.7'' 32GB NEGRO + S PEN + COVER
                    ",NA,"Internet: S/ 2,399"
"2017-08-29","computo","ripley","
                      SAMSUNG GALAXY TAB S3 9.7'' 32GB PLATA + S PEN + COVER
                    ",NA,"Internet: S/ 2,399"
"2017-08-29","computo","ripley","
                      ADVANCE TABLET 3G PR5649 7"" 8GB AZUL + BRAZALETE SMART GE-W03 BLANCO
                   ‚<U+0080>¶",NA,"Internet: S/ 199"
"2017-08-29","computo","ripley","
                      ADVANCE TABLET 3G PR5549 8GB 2GB - GRIS
                    ",NA,"Internet: S/ 219"
"2017-08-29","computo","ripley","
                      TARGUS PROTECTOR VERSAVU MAGNET PARA iPAD
                    ",NA,"Internet: S/ 79.90"
"2017-08-29","computo","ripley","
                      TARGUS PROTECTOR FOLIO MAGNET PARA iPAD 3/4
                    ",NA,"Internet: S/ 79.90"
"2017-08-29","computo","ripley","
                      TARGUS FUNDA PARA SAMSUNG GALAXY TAB 10.1 - NEGRO
                    ",NA,"Internet: S/ 59.90"
"2017-08-29","computo","ripley","
                      TARGUS FUNDA PARA iPAD SLIM - ROJO
                    ",NA,"Internet: S/ 39.90"
"2017-08-29","computo","ripley","
                      TARGUS FUNDA PARA iPAD SLIM - AZUL
                    ",NA,"Internet: S/ 39.90"
"2017-08-29","computo","ripley","
                      SAKAR FUNDA PORTAFOLIO SPIDERMAN
                    ",NA,"Internet: S/ 39.90"
"2017-08-29","computo","ripley","
                      SAKAR FUNDA PORTAFOLIO PRINCESAS
                    ","Normal: S/ 39.90","Internet: S/ 25"
"2017-08-29","computo","ripley","
                      SAKAR FUNDA PORTAFOLIO AVENGERS
                    ","Normal: S/ 39.90","Internet: S/ 29.90"
"2017-08-29","computo","ripley","
                      SAKAR FUNDA PARA TABLET SPIDERMAN - ROJO/AZUL
                    ",NA,"Internet: S/ 39.90"
"2017-08-29","computo","ripley","
                      SAMSUNG FUNDA BOOK COVER EF-BT810PFEGWW PARA GALAXY TAB S2 9.7'' - DORADO
                   ‚<U+0080>¶","Normal: S/ 229","Internet: S/ 169"
"2017-08-29","computo","ripley","
                      SAMSUNG FUNDA BOOK COVER EF-BT810PBEGWW PARA GALAXY TAB S2 9.7'' - GRIS OSCURO
                   ‚<U+0080>¶","Normal: S/ 229","Internet: S/ 169"
"2017-08-29","computo","ripley","
                      SAMSUNG FUNDA BOOK COVER EF-BT560BWEGWW PARA GALAXY TAB E 9.7'' - BLANCO
                   ‚<U+0080>¶","Normal: S/ 159","Internet: S/ 99"
"2017-08-29","computo","ripley","
                      HP IMPRESORA TODO EN UNO DESKJET INK ADVANTAGE 2135 - BLANCO
                   ‚<U+0080>¶","Normal: S/ 299","Internet: S/ 119"
"2017-08-29","computo","ripley","
                      HP IMPRESORA MULTIFUNCIONAL DESKJET INK ADVANTAGE 4675 WI-FI
                    ","Normal: S/ 299","Internet: S/ 199"
"2017-08-29","computo","ripley","
                      HP IMPRESORA ALL IN ONE DESKJET GT5820 WI-FI
                    ",NA,"Internet: S/ 749"
"2017-08-29","computo","ripley","
                      EPSON IMPRESORA MULTIFUNCIONAL ECOTANK L220
                    ",NA,"Internet: S/ 699"
"2017-08-29","computo","ripley","
                      EPSON IMPRESORA MULTIFUNCIONAL L375 INALAMBRICA - NEGRO
                   ‚<U+0080>¶",NA,"Internet: S/ 749"
"2017-08-29","computo","ripley","
                      EPSON IMPRESORA MULTIFUNCIONAL ECOTANK L575 - NEGRO
                   ‚<U+0080>¶",NA,"Internet: S/ 999"
"2017-08-29","computo","ripley","
                      IMPRESORA MULTIFUNCIONAL ECOTANK L395
                    ",NA,"Internet: S/ 749"
"2017-08-29","computo","ripley","
                      HP CARTUCHO DE TINTA 664 INK ADVANTAGE - NEGRO
                    ","Normal: S/ 39.90","Internet: S/ 38.90"
"2017-08-29","computo","ripley","
                      HP CARTUCHO DE TINTA 664 ADVANTAGE - TRICOLOR
                    ","Normal: S/ 39.90","Internet: S/ 38.90"
"2017-08-29","computo","ripley","
                      662XL COLOR
                    ",NA,"Internet: S/ 104.90"
"2017-08-29","computo","ripley","
                      HP CARTUCHO DE TINTA 122 - NEGRO
                    ",NA,"Internet: S/ 46.90"
"2017-08-29","computo","ripley","
                      HP CARTUCHO DE TINTA 662 - NEGRO
                    ",NA,"Internet: S/ 39.90"
"2017-08-29","computo","ripley","
                      CANON IMPRESORA PIXMA G2100 MULTIFUNCIONAL - NEGRO
                    ","Normal: S/ 699","Internet: S/ 549"
"2017-08-29","computo","ripley","
                      CARTUCHO DE TINTA HP 662 TRICOLOR
                    ",NA,"Internet: S/ 39.90"
"2017-08-29","computo","ripley","
                      HP CARTUCHO DE TINTA 46 TRIPACK - NEGRO
                    ","Normal: S/ 82.90","Internet: S/ 78.90"
"2017-08-29","computo","ripley","
                      HP DESKJET INK ADV ULTRA 4729 WIFI - NEGRO
                    ","Normal: S/ 699","Internet: S/ 499"
"2017-08-29","computo","ripley","
                      HP IMPRESORA TODO EN UNO DESKJET GT 5810 - NEGRO
                    ",NA,"Internet: S/ 699"
"2017-08-29","computo","ripley","
                      IMPRESORA MULTIFUNCIONAL ECOTANK L380
                    ",NA,"Internet: S/ 699"
"2017-08-29","computo","ripley","
                      IMPRESORA MULTIFUNCIONAL ECOTANK L495
                    ",NA,"Internet: S/ 849"
"2017-08-29","computo","ripley","
                      HP CARTUCHO DE TINTA 122 - TRICOLOR
                    ",NA,"Internet: S/ 58"
"2017-08-29","computo","ripley","
                      HP CARTUCHO DE TINTA 670 - AMARILLO
                    ",NA,"Internet: S/ 39.90"
"2017-08-29","computo","ripley","
                      HP CARTUCHO DE TINTA 664 XL ADVANTAGE - TRICOLOR
                    ",NA,"Internet: S/ 105"
"2017-08-29","computo","ripley","
                      HP BOTELLA DE TINTA GT52 - NEGRO
                    ",NA,"Internet: S/ 34.90"
"2017-08-29","computo","ripley","
                      HP CARTUCHO DE TINTA 670 - NEGRO
                    ",NA,"Internet: S/ 39.90"
"2017-08-29","computo","ripley","
                      TINTA NEGRO L200/L350/L210/L355 -T664120
                    ","Normal: S/ 49.90","Internet: S/ 32.90"
"2017-08-29","computo","ripley","
                      CARTUCHO HP 564 BLACK INKJET
                    ",NA,"Internet: S/ 39"
"2017-08-29","computo","ripley","
                      CARTUCHO DE TINTA 122 XL - NEGRO
                    ",NA,"Internet: S/ 134.90"
"2017-08-29","computo","ripley","
                      HP CARTUCHO DE TINTA 670 XL - MAGENTA
                    ",NA,"Internet: S/ 69.90"
"2017-08-29","computo","ripley","
                      HP BOTELLA DE TINTA GT52 - MAGENTA
                    ",NA,"Internet: S/ 34.90"
"2017-08-29","computo","ripley","
                      HP BOTELLA DE TINTA GT52 - AMARILLO
                    ",NA,"Internet: S/ 34.90"
"2017-08-29","computo","ripley","
                      HP CARTUCHO DE TINTA 670 XL - CYAN
                    ","Normal: S/ 69.90","Internet: S/ 68.90"
"2017-08-29","computo","ripley","
                      HP CARTUCHO DE TINTA 60 -  NEGRO
                    ",NA,"Internet: S/ 82"
"2017-08-29","computo","ripley","
                      HP BOTELLA DE TINTA GT52 - CYAN
                    ",NA,"Internet: S/ 34.90"
"2017-08-29","computo","ripley","
                      CARTUCHO DE TINTA HP 940XL - NEGRO
                    ",NA,"Internet: S/ 188.50"
"2017-08-29","computo","ripley","
                      CARTUCHO DE TINTA HP 940XL - AMARILLO
                    ",NA,"Internet: S/ 128.50"
"2017-08-29","computo","ripley","
                      CARTUCHO DE TINTA HP 940XL - CYAN
                    ",NA,"Internet: S/ 128.50"
"2017-08-29","computo","ripley","
                      CARTUCHO DE TINTA HP 940XL - MAGENTA
                    ",NA,"Internet: S/ 128.50"
"2017-08-29","computo","ripley","
                      CARTUCHO DE TINTA HP 74XL - NEGRO
                    ",NA,"Internet: S/ 216.50"
"2017-08-29","computo","ripley","
                      CANON IMPRESORA MULTIFUNCIONAL E461
                    ","Normal: S/ 349","Internet: S/ 229"
"2017-08-29","computo","ripley","
                      CARTUCHO HP 564 YELLOW INKJET
                    ","Normal: S/ 52","Internet: S/ 39.90"
"2017-08-29","computo","ripley","
                      HP CARTUCHO DE TINTA 670 - MAGENTA
                    ",NA,"Internet: S/ 39.90"
"2017-08-29","computo","ripley","
                      HP CARTUCHO DE TINTA 670 - CYAN
                    ",NA,"Internet: S/ 39.90"
"2017-08-29","computo","ripley","
                      HP IMPRESORA TODO EN UNO DESKJET INK ADVANTAGE 2135 - BLANCO
                   ‚<U+0080>¶","Normal: S/ 299","Internet: S/ 119"
"2017-08-29","computo","ripley","
                      HP IMPRESORA ALL IN ONE DESKJET GT5820 WI-FI
                    ",NA,"Internet: S/ 749"
"2017-08-29","computo","ripley","
                      HP IMPRESORA TODO EN UNO DESKJET GT 5810 - NEGRO
                    ",NA,"Internet: S/ 699"
"2017-08-29","computo","ripley","
                      IMPRESORA MULTIFUNCIONAL ECOTANK L395
                    ",NA,"Internet: S/ 749"
"2017-08-29","computo","ripley","
                      IMPRESORA MULTIFUNCIONAL ECOTANK L495
                    ",NA,"Internet: S/ 849"
"2017-08-29","computo","ripley","
                      EPSON IMPRESORA MULTIFUNCIONAL ECOTANK L575 - NEGRO
                   ‚<U+0080>¶",NA,"Internet: S/ 999"
"2017-08-29","computo","ripley","
                      CANON IMPRESORA PIXMA G2100 MULTIFUNCIONAL - NEGRO
                    ","Normal: S/ 699","Internet: S/ 549"
"2017-08-29","computo","ripley","
                      EPSON IMPRESORA MULTIFUNCIONAL ECOTANK L220
                    ",NA,"Internet: S/ 699"
"2017-08-29","computo","ripley","
                      EPSON IMPRESORA MULTIFUNCIONAL L375 INALAMBRICA - NEGRO
                   ‚<U+0080>¶",NA,"Internet: S/ 749"
"2017-08-29","computo","ripley","
                      IMPRESORA MULTIFUNCIONAL ECOTANK L380
                    ",NA,"Internet: S/ 699"
"2017-08-29","computo","ripley","
                      HP IMPRESORA MULTIFUNCIONAL DESKJET INK ADVANTAGE 4675 WI-FI
                    ","Normal: S/ 299","Internet: S/ 199"
"2017-08-29","computo","ripley","
                      662XL COLOR
                    ",NA,"Internet: S/ 104.90"
"2017-08-29","computo","ripley","
                      HP CARTUCHO DE TINTA 122 - NEGRO
                    ",NA,"Internet: S/ 46.90"
"2017-08-29","computo","ripley","
                      HP CARTUCHO DE TINTA 46 TRIPACK - NEGRO
                    ","Normal: S/ 82.90","Internet: S/ 78.90"
"2017-08-29","computo","ripley","
                      HP CARTUCHO DE TINTA 60 -  NEGRO
                    ",NA,"Internet: S/ 82"
"2017-08-29","computo","ripley","
                      HP CARTUCHO DE TINTA 670 XL - CYAN
                    ","Normal: S/ 69.90","Internet: S/ 68.90"
"2017-08-29","computo","ripley","
                      HP CARTUCHO DE TINTA 122 - TRICOLOR
                    ",NA,"Internet: S/ 58"
"2017-08-29","computo","ripley","
                      CARTUCHO DE TINTA 122 XL - NEGRO
                    ",NA,"Internet: S/ 134.90"
"2017-08-29","computo","ripley","
                      CARTUCHO HP 564 YELLOW INKJET
                    ","Normal: S/ 52","Internet: S/ 39.90"
"2017-08-29","computo","ripley","
                      CARTUCHO HP 564 BLACK INKJET
                    ",NA,"Internet: S/ 39"
"2017-08-29","computo","ripley","
                      HP CARTUCHO DE TINTA 670 XL - MAGENTA
                    ",NA,"Internet: S/ 69.90"
"2017-08-29","computo","ripley","
                      HP CARTUCHO DE TINTA 664 XL ADVANTAGE - TRICOLOR
                    ",NA,"Internet: S/ 105"
"2017-08-29","computo","ripley","
                      HP CARTUCHO DE TINTA 664 INK ADVANTAGE - NEGRO
                    ","Normal: S/ 39.90","Internet: S/ 38.90"
"2017-08-29","computo","ripley","
                      HP CARTUCHO DE TINTA 664 ADVANTAGE - TRICOLOR
                    ","Normal: S/ 39.90","Internet: S/ 38.90"
"2017-08-29","computo","ripley","
                      CARTUCHO DE TINTA HP 662 TRICOLOR
                    ",NA,"Internet: S/ 39.90"
"2017-08-29","computo","ripley","
                      HP CARTUCHO DE TINTA 662 - NEGRO
                    ",NA,"Internet: S/ 39.90"
"2017-08-29","computo","ripley","
                      HP BOTELLA DE TINTA GT52 - NEGRO
                    ",NA,"Internet: S/ 34.90"
"2017-08-29","computo","ripley","
                      HP CARTUCHO DE TINTA 670 - CYAN
                    ",NA,"Internet: S/ 39.90"
"2017-08-29","computo","ripley","
                      HP BOTELLA DE TINTA GT52 - CYAN
                    ",NA,"Internet: S/ 34.90"
"2017-08-29","computo","ripley","
                      HP CARTUCHO DE TINTA 670 - AMARILLO
                    ",NA,"Internet: S/ 39.90"
"2017-08-29","computo","ripley","
                      HP BOTELLA DE TINTA GT52 - MAGENTA
                    ",NA,"Internet: S/ 34.90"
"2017-08-29","computo","ripley","
                      HP BOTELLA DE TINTA GT52 - AMARILLO
                    ",NA,"Internet: S/ 34.90"
"2017-08-29","computo","ripley","
                      HP CARTUCHO DE TINTA 670 - MAGENTA
                    ",NA,"Internet: S/ 39.90"
"2017-08-29","computo","ripley","
                      HP CARTUCHO DE TINTA 670 - NEGRO
                    ",NA,"Internet: S/ 39.90"
"2017-08-29","computo","ripley","
                      CARTUCHO DE TINTA HP 940XL - NEGRO
                    ",NA,"Internet: S/ 188.50"
"2017-08-29","computo","ripley","
                      CARTUCHO DE TINTA HP 940XL - AMARILLO
                    ",NA,"Internet: S/ 128.50"
"2017-08-29","computo","ripley","
                      CARTUCHO DE TINTA HP 940XL - CYAN
                    ",NA,"Internet: S/ 128.50"
"2017-08-29","computo","ripley","
                      CARTUCHO DE TINTA HP 940XL - MAGENTA
                    ",NA,"Internet: S/ 128.50"
"2017-08-29","computo","ripley","
                      CARTUCHO DE TINTA HP 74XL - NEGRO
                    ",NA,"Internet: S/ 216.50"
"2017-08-29","computo","ripley","
                      HP CARTUCHO DE TINTA 564 MAGENTA
                    ","Normal: S/ 52","Internet: S/ 39"
"2017-08-29","computo","ripley","
                      TINTA NEGRO L200/L350/L210/L355 -T664120
                    ","Normal: S/ 49.90","Internet: S/ 32.90"
"2017-08-29","computo","ripley","
                      HP STARTER KIT DE MOCHILA + MOUSE + AUD√çFONOS - MORADO
                    ","Normal: S/ 219.90","Internet: S/ 139"
"2017-08-29","computo","ripley","
                      HP STARTER KIT DE MOCHILA + MOUSE + AUD√çFONOS - VERDE
                    ","Normal: S/ 209.90","Internet: S/ 129"
"2017-08-29","computo","ripley","
                      HP STARTER KIT DE FUNDA + MOUSE + AUD√çFONOS - MORADO
                    ","Normal: S/ 139.90","Internet: S/ 99"
"2017-08-29","computo","ripley","
                      FIDDLER TECLADO UNIVERSAL AL√ÅMBRICO USB
                    ","Normal: S/ 29.90","Internet: S/ 24.90"
"2017-08-29","computo","ripley","
                      FIDDLER TECLADO INAL√ÅMBRICO BLUETOOTH 3.0
                    ",NA,"Internet: S/ 79.90"
"2017-08-29","computo","ripley","
                      FIDDLER MOUSE √<U+0093>PTICO RETR√ÅCTIL USB - NEGRO
                    ","Normal: S/ 19.90","Internet: S/ 12"
"2017-08-29","computo","ripley","
                      FIDDLER MOUSE √<U+0093>PTICO RETR√ÅCTIL USB - ROSADO
                    ","Normal: S/ 19.90","Internet: S/ 15.90"
"2017-08-29","computo","ripley","
                      FIDDLER MOUSE √<U+0093>PTICO RETR√ÅCTIL USB - AZUL
                    ","Normal: S/ 19.90","Internet: S/ 12"
"2017-08-29","computo","ripley","
                      FIDDLER MOUSE INAL√ÅMBRICO FDXM-518T - TURQUESA
                    ","Normal: S/ 39.90","Internet: S/ 23"
"2017-08-29","computo","ripley","
                      FIDDLER MOUSE INAL√ÅMBRICO FDXM-518N - NEGRO
                    ","Normal: S/ 39.90","Internet: S/ 23"
"2017-08-29","computo","ripley","
                      FIDDLER MOUSE INAL√ÅMBRICO FDXM-518W - BLANCO
                    ","Normal: S/ 39.90","Internet: S/ 29.90"
"2017-08-29","computo","ripley","
                      HP MOUSE X900
                    ","Normal: S/ 29","Internet: S/ 19.90"
"2017-08-29","computo","ripley","
                      MICROSOFT MOUSE WIRELESS MOBILE 1850 - ROJO
                    ","Normal: S/ 62","Internet: S/ 59"
"2017-08-29","computo","ripley","
                      MICROSOFT MOUSE WIRELESS MOBILE 1850 - MORADO
                    ","Normal: S/ 62","Internet: S/ 59"
"2017-08-29","computo","ripley","
                      MICROSOFT MOUSE √<U+0093>PTICO BASIC - NEGRO
                    ","Normal: S/ 49","Internet: S/ 19"
"2017-08-29","computo","ripley","
                      MICROSOFT MOUSE SCULPT MOBILE - ROSADO
                    ","Normal: S/ 109","Internet: S/ 59"
"2017-08-29","computo","ripley","
                      MICROSOFT MOUSE WEDGE TOUCH - NEGRO
                    ","Normal: S/ 219","Internet: S/ 199"
"2017-08-29","computo","ripley","
                      MICROSOFT TECLADO ALL IN ONE MEDIA - NEGRO
                    ",NA,"Internet: S/ 149"
"2017-08-29","computo","ripley","
                      MICROSOFT TECLADO WEDGE MOBILE - NEGRO
                    ","Normal: S/ 259","Internet: S/ 199"
"2017-08-29","computo","ripley","
                      MICROSOFT MOUSE WIRELESS MOBILE 1850 - ROSADO
                    ",NA,"Internet: S/ 59"
"2017-08-29","computo","ripley","
                      MICROSOFT MOUSE SCULPT MOBILE - NEGRO
                    ",NA,"Internet: S/ 109"
"2017-08-29","computo","ripley","
                      MICROSOFT TECLADO INAL√ÅMBRICO CON PAD + ANTIVIRUS BITDEFENDER POR 01 A√<U+0091>O - NEGRO
                   ‚<U+0080>¶","Normal: S/ 169","Internet: S/ 129"
"2017-08-29","computo","ripley","
                      PROLINK PARLANTE BAZOOKA 2.1W - NEGRO
                    ","Normal: S/ 299","Internet: S/ 99"
"2017-08-29","computo","ripley","
                      HP STARTER KIT DE MOCHILA + MOUSE + AUD√çFONOS - NEGRO
                    ","Normal: S/ 199.90","Internet: S/ 99"
"2017-08-29","computo","ripley","
                      HP TECLADO AL√ÅMBRICO K1500 - NEGRO
                    ","Normal: S/ 49.90","Internet: S/ 29"
"2017-08-29","computo","ripley","
                      HP MOUSE √<U+0093>PTICO X1250 - ROJO
                    ","Normal: S/ 45.90","Internet: S/ 29"
"2017-08-29","computo","ripley","
                      HP MOUSE √<U+0093>PTICO X1250 - NEGRO
                    ","Normal: S/ 45.90","Internet: S/ 29"
"2017-08-29","computo","ripley","
                      HP AUD√çFONOS IN EAR H2310 - MORADO
                    ","Normal: S/ 54.90","Internet: S/ 29"
"2017-08-29","computo","ripley","
                      HP AUD√çFONOS IN EAR H2310 - CORAL
                    ","Normal: S/ 54.90","Internet: S/ 29"
"2017-08-29","computo","ripley","
                      HP AUD√çFONOS IN EAR H2310 - AZUL
                    ","Normal: S/ 54.90","Internet: S/ 29"
"2017-08-29","computo","ripley","
                      TARGUS MOUSE INAL√ÅMBRICO - NEGRO/GRIS
                    ",NA,"Internet: S/ 69.90"
"2017-08-29","computo","ripley","
                      TARGUS MOUSE √<U+0093>PTICO USB - NEGRO
                    ",NA,"Internet: S/ 39.90"
"2017-08-29","computo","ripley","
                      HI-TECH PARLANTES MULTIMEDIA 2.1 - NEGRO
                    ",NA,"Internet: S/ 99"
"2017-08-29","computo","ripley","
                      SKILL MOCHILA EB9010 PARA LAPTOP NEGRO/AZUL + MOUSE XMK-977-BK + MEMORIA USB LEXAR 16 GB
                   ‚<U+0080>¶",NA,"Internet: S/ 129"
"2017-08-29","computo","ripley","
                      MICROSOFT TECLADO + MOUSE WIRELESS DESKTOP 3050 - NEGRO
                    ",NA,"Internet: S/ 239"
"2017-08-29","computo","ripley","
                      LEOTEC MINI TECLADO INAL√ÅMBRICO 72 TECLAS - NEGRO
                    ",NA,"Internet: S/ 99"
"2017-08-29","computo","ripley","
                      HP BOLSO PARA LAPTOP SLIM 14'' - ROJO
                    ","Normal: S/ 215.90","Internet: S/ 99"
"2017-08-29","computo","ripley","
                      HP FUNDA PARA LAPTOP SPECTRUM 14'' - AZUL
                    ","Normal: S/ 69.90","Internet: S/ 29"
"2017-08-29","computo","ripley","
                      HP KIT EL REGALO PERFECTO MOCHILA + PARLANTE - ROJO
                    ","Normal: S/ 149.90","Internet: S/ 99"
"2017-08-29","computo","ripley","
                      HP KIT EL REGALO PERFECTO MOCHILA + PARLANTE - NEGRO
                    ","Normal: S/ 149.90","Internet: S/ 99"
"2017-08-29","computo","ripley","
                      HP KIT EL REGALO PERFECTO MOCHILA + PARLANTE - AZUL
                    ","Normal: S/ 149.90","Internet: S/ 99"
"2017-08-29","computo","ripley","
                      HP STARTER KIT DE MOCHILA + MOUSE + AUD√çFONOS - MORADO
                    ","Normal: S/ 219.90","Internet: S/ 139"
"2017-08-29","computo","ripley","
                      HP STARTER KIT DE MOCHILA + MOUSE + AUD√çFONOS - VERDE
                    ","Normal: S/ 209.90","Internet: S/ 129"
"2017-08-29","computo","ripley","
                      HP STARTER KIT DE FUNDA + MOUSE + AUD√çFONOS - MORADO
                    ","Normal: S/ 139.90","Internet: S/ 99"
"2017-08-29","computo","ripley","
                      TARGUS MOCHILA SPORT BACKPACK - NEGRO
                    ","Normal: S/ 79.90","Internet: S/ 64"
"2017-08-29","computo","ripley","
                      FIDDLER MOCHILA PARA LAPTOP 15'' - NARANJA
                    ","Normal: S/ 109","Internet: S/ 89.90"
"2017-08-29","computo","ripley","
                      FIDDLER MOCHILA PARA LAPTOP 15'' - AZUL
                    ","Normal: S/ 109","Internet: S/ 89.90"
"2017-08-29","computo","ripley","
                      HP STARTER KIT DE MOCHILA + MOUSE + AUD√çFONOS - NEGRO
                    ","Normal: S/ 199.90","Internet: S/ 99"
"2017-08-29","computo","ripley","
                      HP MOCHILA 15.6 SOPORT - BLANCO
                    ","Normal: S/ 99.90","Internet: S/ 79"
"2017-08-29","computo","ripley","
                      KIT MOCHILA SKILL + MOUSE SKILL Y AUD√çFONOS SKILL CON MICR√<U+0093>FONO
                    ","Normal: S/ 99.90","Internet: S/ 69"
"2017-08-29","computo","ripley","
                      SAKAR BOLSO MENSAJERO AVENGERS ULTRON
                    ",NA,"Internet: S/ 59.90"
"2017-08-29","computo","ripley","
                      TARGUS MALETA PARA LAPTOP CLASSIC - NEGRO
                    ",NA,"Internet: S/ 79.90"
"2017-08-29","computo","ripley","
                      TARGUS MALETA PARA LAPTOP OCN1 - NEGRO
                    ","Normal: S/ 129","Internet: S/ 91"
"2017-08-29","computo","ripley","
                      TARGUS MALETA PARA LAPTOP PULSE - MORADO
                    ",NA,"Internet: S/ 69.90"
"2017-08-29","computo","ripley","
                      SAKAR BOLSO MENSAJERO FROZEN
                    ","Normal: S/ 59.90","Internet: S/ 42"
"2017-08-29","computo","ripley","
                      TARGUS FUNDA TRAX 14 - NEGRO
                    ","Normal: S/ 49.90","Internet: S/ 37"
"2017-08-29","computo","ripley","
                      TARGUS FUNDA PARA LAPTOP SLIPSKIN
                    ",NA,"Internet: S/ 24.90"
"2017-08-29","computo","ripley","
                      TARGUS FUNDA PARA iPAD MINI FLORENCE - NEGRO
                    ",NA,"Internet: S/ 179"
"2017-08-29","computo","ripley","
                      TARGUS FUNDA PARA iPAD MINI VERSAVU - NEGRO
                    ",NA,"Internet: S/ 59.90"
"2017-08-29","computo","ripley","
                      TARGUS FUNDA VUSCAPE COVER & STAND PARA iPAD 3 - NEGRO
                    ",NA,"Internet: S/ 79.90"
"2017-08-29","computo","ripley","
                      TARGUS MALETIN PARA LAPTOP 16 - NEGRO
                    ",NA,"Internet: S/ 79.90"
"2017-08-29","computo","ripley","
                      SAKAR FUNDA PORTAFOLIO UNIVERSAL MONSTER HIGH
                    ","Normal: S/ 39.90","Internet: S/ 29.90"
"2017-08-29","computo","ripley","
                      TARGUS MOCHILA CRAVE II - MORADO
                    ",NA,"Internet: S/ 129"
"2017-08-29","computo","ripley","
                      TARGUS MOCHILA DRIFTER SPORT - GRIS
                    ",NA,"Internet: S/ 239"
"2017-08-29","computo","ripley","
                      TARGUS MOCHILA LEGEND - NEGRO
                    ","Normal: S/ 209","Internet: S/ 153"
"2017-08-29","computo","ripley","
                      TARGUS MOCHILA MOTOR - NEGRO
                    ","Normal: S/ 99.90","Internet: S/ 73"
"2017-08-29","computo","ripley","
                      TARGUS MOCHILA TERRA - NEGRO
                    ","Normal: S/ 199","Internet: S/ 136"
"2017-08-29","computo","ripley","
                      TARGUS MOCHILA SPORT - AZUL
                    ",NA,"Internet: S/ 79.90"
"2017-08-29","computo","ripley","
                      TARGUS MOCHILA TREK - NEGRO
                    ","Normal: S/ 79.90","Internet: S/ 64"
"2017-08-29","computo","ripley","
                      HP KIT EL REGALO PERFECTO PARLANTE + AUD√çFONOS - AZUL
                    ","Normal: S/ 89.90","Internet: S/ 49"
"2017-08-29","computo","ripley","
                      HP KIT EL REGALO PERFECTO PARLANTE + AUD√çFONOS - NEGRO
                    ","Normal: S/ 89.90","Internet: S/ 49"
"2017-08-29","computo","ripley","
                      HP KIT EL REGALO PERFECTO PARLANTE + AUD√çFONOS - ROJO
                    ","Normal: S/ 89.90","Internet: S/ 49"
"2017-08-29","computo","ripley","
                      TARGUS COOLER PARA LAPTOP PA248U5
                    ",NA,"Internet: S/ 59.90"
"2017-08-29","computo","ripley","
                      TARGUS CABLE DE SEGURIDAD PARA LAPTOP
                    ",NA,"Internet: S/ 109"
"2017-08-29","computo","ripley","
                      SAKAR AUD√çFONOS OVER EAR DARTH VADER
                    ","Normal: S/ 39.90","Internet: S/ 29"
"2017-08-29","computo","ripley","
                      FIDDLER COOLER PLANO PARA LAPTOP FD-YL026A
                    ",NA,"Internet: S/ 49.90"
"2017-08-29","computo","ripley","
                      FIDDLER COOLER INCLINADO PARA LAPTOP FD-YL025
                    ","Normal: S/ 69.90","Internet: S/ 46"
"2017-08-29","computo","ripley","
                      MICROSOFT WIRELESS DISPLAY ADAPTER - NEGRO
                    ",NA,"Internet: S/ 209"
"2017-08-29","computo","ripley","
                      MICROSOFT AUD√çFONOS LIFECHAT LX-6000 - NEGRO
                    ","Normal: S/ 209","Internet: S/ 129"
"2017-08-29","computo","ripley","
                      HP AUD√çFONOS ON EAR 2800 STEREO - AZUL
                    ","Normal: S/ 66.90","Internet: S/ 29"
"2017-08-29","computo","ripley","
                      HP AUD√çFONOS ON EAR 2800 STEREO - ROJO
                    ","Normal: S/ 66.90","Internet: S/ 29"
"2017-08-29","computo","ripley","
                      WACOM BAMBOO SMART PARA SAMSUNG GALAXY NOTE
                    ",NA,"Internet: S/ 129"
"2017-08-29","computo","ripley","
                      TARGUS COOLER PARA LAPTOP CHILL
                    ",NA,"Internet: S/ 129"
"2017-08-29","computo","ripley","
                      TARGUS L√ÅMINA PROTECTOR PARA iPAD 2/3
                    ",NA,"Internet: S/ 39.90"
"2017-08-29","computo","ripley","
                      TARGUS L√ÅPIZ STYLUS PARA iPAD - AZUL
                    ",NA,"Internet: S/ 24.90"
"2017-08-29","computo","ripley","
                      TARGUS L√ÅPIZ STYLUS PARA iPAD - GRIS
                    ",NA,"Internet: S/ 24.90"
"2017-08-29","computo","ripley","
                      AOC SPEAKER CON BLUETOOTH Y RADIO FM
                    ","Normal: S/ 99","Internet: S/ 39.99"
"2017-08-29","computo","ripley","
                      WESTERN DIGITAL DISCO DURO 1TB USB 3.0 - NEGRO
                    ",NA,"Internet: S/ 269"
"2017-08-29","computo","ripley","
                      IBLUE KIT DE LIMPIEZA LCD 100ML
                    ",NA,"Internet: S/ 9.90"
"2017-08-29","computo","ripley","
                      MICROSOFT OFFICE HOGAR Y ESTUDIANTES 2016
                    ","Normal: S/ 429","Internet: S/ 379"
"2017-08-29","computo","ripley","
                      MICROSOFT OFFICE 365 PERSONAL 1 A√<U+0091>O 1 PC
                    ","Normal: S/ 299","Internet: S/ 229"
"2017-08-29","computo","ripley","
                      MICROSOFT OFFICE HOGAR Y EMPRESAS 2016
                    ","Normal: S/ 999","Internet: S/ 899"
"2017-08-29","computo","ripley","
                      MICROSOFT OFFICE 365 HOME ONLINE
                    ",NA,"Internet: S/ 249"
"2017-08-29","computo","ripley","
                      BITDEFENDER ANTIVIRUS INTERNET SECURITY 2017 1 A√<U+0091>O Y 3 MESES
                    ",NA,"Internet: S/ 129"
"2017-08-29","computo","ripley","
                      BITDEFENDER ANTIVIRUS 2017 1 A√<U+0091>O Y 3 MESES
                    ","Normal: S/ 79","Internet: S/ 71"
"2017-08-29","computo","ripley","
                      ESET INTERNET SECURITY 2017 1 A√<U+0091>O
                    ",NA,"Internet: S/ 269"
"2017-08-29","computo","ripley","
                      ESET INTERNET SECURITY 2017 1 A√<U+0091>O
                    ",NA,"Internet: S/ 179"
"2017-08-29","computo","ripley","
                      ESET ANTIVIRUS NOD32 2017 1 A√<U+0091>O
                    ",NA,"Internet: S/ 179"
"2017-08-29","computo","ripley","
                      ESET ANTIVIRUS NOD32 2017 1 A√<U+0091>O
                    ",NA,"Internet: S/ 139"
"2017-08-29","computo","ripley","
                      BITDEFENDER INTERNET SECURITY 2017 1 A√<U+0091>O Y 3 MESES
                    ",NA,"Internet: S/ 79"
"2017-08-29","computo","ripley","
                      BITDEFENDER ANTIVIRUS 2017 1 A√<U+0091>O Y 3 MESES
                    ",NA,"Internet: S/ 59"
"2017-08-29","computo","ripley","
                      MICROSOFT OFFICE 365 PERSONAL
                    ",NA,"Internet: S/ 219"
"2017-08-29","computo","ripley","
                      KASPERSKY ANTIVIRUS MULTIDISPOSITIVOS 2017 1 A√<U+0091>O 3 INSTALACIONES
                   ‚<U+0080>¶",NA,"Internet: S/ 249"
"2017-08-29","computo","ripley","
                      KASPERSKY ANTIVIRUS MULTIDISPOSITIVOS 2017 1 A√<U+0091>O
                    ",NA,"Internet: S/ 159"
"2017-08-29","computo","ripley","
                      KASPERSKY ANTIVIRUS 2017 1 A√<U+0091>O 3 INSTALACIONES
                    ",NA,"Internet: S/ 159"
"2017-08-29","computo","ripley","
                      KINGSTON MEMORIA USB 3.0 DATATRAVELER 100 G3 16GB
                    ","Normal: S/ 29","Internet: S/ 9.90"
"2017-08-29","computo","ripley","
                      TOSHIBA MEMORA MICRO SD CLASS 4 BLACK 8GB
                    ",NA,"Internet: S/ 69.90"
"2017-08-29","computo","ripley","
                      SKILL MOCHILA EB9010 PARA LAPTOP NEGRO/AZUL + MOUSE XMK-977-BK + MEMORIA USB LEXAR 16 GB
                   ‚<U+0080>¶",NA,"Internet: S/ 129"
"2017-08-29","computo","ripley","
                      KINGSTON MEMORIA USB DATA TRAVELER 50 16GB - METAL/NARANJA
                    ",NA,"Internet: S/ 29"
"2017-08-29","computo","ripley","
                      KINGSTON MEMORIA USB DATA TRAVELER 50 32GB - METAL/ROJO
                    ",NA,"Internet: S/ 59"
"2017-08-29","computo","ripley","
                      KINGSTON MEMORIA USB DATA TRAVELER 101 G2 32GB - MORADO/METAL
                   ‚<U+0080>¶",NA,"Internet: S/ 59"
"2017-08-29","computo","ripley","
                      KINGSTON MEMORIA USB DATA TRAVELER 101 G2 16GB - NEGRO/METAL
                   ‚<U+0080>¶",NA,"Internet: S/ 29"
"2017-08-29","computo","ripley","
                      KINGSTON MEMORIA USB 32GB - PLATEADO
                    ",NA,"Internet: S/ 69.90"
"2017-08-29","computo","ripley","
                      KINGSTON MEMORIA USB 32GB - NEGRO
                    ",NA,"Internet: S/ 69.90"
"2017-08-29","computo","ripley","
                      KINGSTON MEMORIA USB 16GB - NEGRO
                    ",NA,"Internet: S/ 34.90"
"2017-08-29","computo","ripley","
                      SEAGATE DISCO DURO BACKUP PLUS 2TB
                    ",NA,"Internet: S/ 599"
"2017-08-29","computo","ripley","
                      SEAGATE DISCO DURO EXPANSION 1TB
                    ",NA,"Internet: S/ 359"
"2017-08-29","computo","ripley","
                      TOSHIBA DISCO DURO PORTATIL CANVIO BASICS 3.0 2TB
                    ",NA,"Internet: S/ 379"
"2017-08-29","computo","ripley","
                      WESTERN DIGITAL DISCO DURO MY PASSPORT 1TB - AMARILLO
                    ","Normal: S/ 319","Internet: S/ 279"
"2017-08-29","computo","ripley","
                      WESTERN DIGITAL DISCO DURO MY PASSPORT 2TB - ROJO
                    ","Normal: S/ 499","Internet: S/ 419"
"2017-08-29","computo","ripley","
                      WESTERN DIGITAL DISCO DURO MY CLOUD ETHERNET 6TB - BLANCO
                    ",NA,"Internet: S/ 1,349"
"2017-08-29","computo","ripley","
                      WESTERN DIGITAL DISCO DURO MY CLOUD ETHERNET 4TB - BLANCO
                    ",NA,"Internet: S/ 929"
"2017-08-29","computo","ripley","
                      WESTERN DIGITAL DISCO DURO MY CLOUD ETHERNET 3TB - BLANCO
                    ",NA,"Internet: S/ 799"
"2017-08-29","computo","ripley","
                      WESTERN DIGITAL DISCO DURO MY PASSPORT ULTRA METAL 2TB - PLATEADO
                   ‚<U+0080>¶",NA,"Internet: S/ 419"
"2017-08-29","computo","ripley","
                      WESTERN DIGITAL DISCO DURO MY PASSPORT ULTRA METAL 2TB - AZUL
                    ",NA,"Internet: S/ 419"
"2017-08-29","computo","ripley","
                      WESTERN DIGITAL DISCO DURO MY PASSPORT 3TB - AMARILLO
                    ",NA,"Internet: S/ 539"
"2017-08-29","computo","ripley","
                      WESTERN DIGITAL DISCO DURO MY PASSPORT 3TB - BLANCO
                    ","Normal: S/ 539","Internet: S/ 529"
"2017-08-29","computo","ripley","
                      WESTERN DIGITAL DISCO DURO MY PASSPORT 3TB - ROJO
                    ",NA,"Internet: S/ 539"
"2017-08-29","computo","ripley","
                      WESTERN DIGITAL DISCO DURO MY PASSPORT 3TB - NARANJA
                    ",NA,"Internet: S/ 539"
"2017-08-29","computo","ripley","
                      WESTERN DIGITAL DISCO DURO MY PASSPORT 3TB - AZUL
                    ",NA,"Internet: S/ 539"
"2017-08-29","computo","ripley","
                      WESTERN DIGITAL DISCO DURO MY PASSPORT 3TB - NEGRO
                    ",NA,"Internet: S/ 539"
"2017-08-29","computo","ripley","
                      WESTERN DIGITAL DISCO DURO MY PASSPORT 2TB - AMARILLO
                    ",NA,"Internet: S/ 419"
"2017-08-29","computo","ripley","
                      WESTERN DIGITAL DISCO DURO MY PASSPORT 2TB - BLANCO
                    ",NA,"Internet: S/ 419"
"2017-08-29","computo","ripley","
                      WESTERN DIGITAL DISCO DURO MY PASSPORT 2TB - NARANJA
                    ",NA,"Internet: S/ 419"
"2017-08-29","computo","ripley","
                      WESTERN DIGITAL DISCO DURO MY PASSPORT 2TB - AZUL
                    ",NA,"Internet: S/ 419"
"2017-08-29","computo","ripley","
                      WESTERN DIGITAL DISCO DURO MY PASSPORT 1TB - ROJO
                    ",NA,"Internet: S/ 279"
"2017-08-29","computo","ripley","
                      WESTERN DIGITAL DISCO DURO MY PASSPORT 1TB - NARANJA
                    ",NA,"Internet: S/ 279"
"2017-08-29","computo","ripley","
                      WESTERN DIGITAL DISCO DURO MY PASSPORT 1TB - AZUL
                    ",NA,"Internet: S/ 279"
"2017-08-29","computo","ripley","
                      SEAGATE DISCO DURO BACKUP PLUS SLIM 1TB - AZUL
                    ",NA,"Internet: S/ 259"
"2017-08-29","computo","ripley","
                      SEAGATE DISCO DURO EXPANSION PORTABLE 2TB
                    ",NA,"Internet: S/ 389"
"2017-08-29","computo","ripley","
                      SEAGATE DISCO PORSCHE DESIGN 2TB USB 3.0
                    ",NA,"Internet: S/ 509"
"2017-08-29","computo","ripley","
                      SEAGATE DISCO PORSCHE DESIGN 1TB USB 3.0
                    ",NA,"Internet: S/ 319"
"2017-08-29","computo","ripley","
                      TOSHIBA DD EXTERNO CANVIO CONNECT II V8 - ROJO
                    ",NA,"Internet: S/ 269"
"2017-08-29","computo","ripley","
                      TOSHIBA DD EXTERNO CANVIO CONNECT II V8 - AZUL
                    ",NA,"Internet: S/ 269"
"2017-08-29","computo","ripley","
                      SEAGATE DISCO DURO BACKUP PLUS SLIM 1TB - PLATEADO
                    ",NA,"Internet: S/ 259"
"2017-08-29","computo","ripley","
                      TOSHIBA DISCO DURO PORT√ÅTIL CANVIO CONNECT II 1TB - AZUL
                    ",NA,"Internet: S/ 269"
"2017-08-29","computo","ripley","
                      SANDISK MEMORIA USB ULTRA DUAL DRIVE 32GB
                    ",NA,"Internet: S/ 79.90"
"2017-08-29","computo","ripley","
                      SANDISK MEMORIA USB ULTRA DUAL DRIVE 16GB
                    ",NA,"Internet: S/ 49.90"
"2017-08-29","computo","ripley","
                      SANDISK MEMORIA USB IXPAND 16GB 3.0
                    ","Normal: S/ 299","Internet: S/ 249"
"2017-08-29","computo","ripley","
                      SANDISK MEMORIA USB ULTRA 32GB 3.0
                    ","Normal: S/ 69.90","Internet: S/ 59.90"
"2017-08-29","computo","ripley","
                      SANDISK MEMORIA USB CRUZER METAL 32GB
                    ",NA,"Internet: S/ 59"
"2017-08-29","computo","ripley","
                      SANDISK MEMORIA USB CRUZER METAL 16GB
                    ",NA,"Internet: S/ 29.90"
"2017-08-29","computo","ripley","
                      SANDISK MEMORIA USB CRUZER BLADE 16GB
                    ",NA,"Internet: S/ 29"
"2017-08-29","computo","ripley","
                      SANDISK MEMORIA USB GLIDE 64GB 3.0
                    ",NA,"Internet: S/ 119"
"2017-08-29","computo","ripley","
                      SANDISK MEMORIA USB GLIDE 32GB 3.0
                    ",NA,"Internet: S/ 69"
"2017-08-29","computo","ripley","
                      LG PROYECTOR LED PH550 550LM - BLANCO
                    ",NA,"Internet: S/ 1,899"
"2017-08-29","computo","ripley","
                      EPSON PROYECTOR POWERLITE S27 - BLANCO
                    ",NA,"Internet: S/ 1,799"
"2017-08-29","computo","ripley","
                      VIEWSONIC PROYECTOR SVGA PJD5155 3300LM - NEGRO
                    ",NA,"Internet: S/ 1,699"
"2017-08-29","computo","ripley","
                      VIEWSONIC PROYECTOR SVGA PJD5153 3200LM - NEGRO
                    ",NA,"Internet: S/ 1,599"
"2017-08-29","computo","ripley","
                      LG PROYECTOR LED TIRO CORTO PF1000UG
                    ",NA,"Internet: S/ 3,999"
"2017-08-29","computo","ripley","
                      LG PROYECTOR LED MINI PRO PF1500G
                    ",NA,"Internet: S/ 3,699"
"2017-08-29","computo","ripley","
                      EPSON PROYECTOR S31 V11H719021
                    ",NA,"Internet: S/ 1,749"
"2017-08-29","computo","ripley","
                      LG MONITOR FHD 21.5'' 22MP58VQ-P
                    ",NA,"Internet: S/ 719"
"2017-08-29","computo","ripley","
                      LG MONITOR 19.5'' 20MP48A
                    ",NA,"Internet: S/ 389"
"2017-08-29","computo","ripley","
                      LG MONITOR FHD 25'' 25UM58-P
                    ",NA,"Internet: S/ 799"
"2017-08-29","computo","ripley","
                      SAMSUNG MONITOR HD 24'' LT24E310
                    ",NA,"Internet: S/ 499"
"2017-08-29","computo","ripley","
                      SAMSUNG MONITOR HD 19'' LS19F355
                    ",NA,"Internet: S/ 319"
"2017-08-29","computo","ripley","
                      SAMSUNG MONITOR HD 20'' LS20D300
                    ",NA,"Internet: S/ 359"
"2017-08-29","computo","ripley","
                      SAMSUNG MONITOR FHD 22'' LS22F350
                    ",NA,"Internet: S/ 429"
"2017-08-29","computo","ripley","
                      SAMSUNG MONITOR FHD 24'' LS24F350
                    ",NA,"Internet: S/ 549"
"2017-08-29","computo","ripley","
                      SAMSUNG MONITOR CURVO FHD 24'' LC24FG70
                    ",NA,"Internet: S/ 1,499"
"2017-08-29","computo","ripley","
                      SAMSUNG MONITOR CURVO FHD 27'' LC27FG70
                    ",NA,"Internet: S/ 1,899"
"2017-08-29","computo","ripley","
                      TEROS MONITOR FHD 27'' TEF270J
                    ",NA,"Internet: S/ 699"
"2017-08-29","computo","ripley","
                      TEROS MONITOR GAMING FHD 24'' TEF238Q3W
                    ",NA,"Internet: S/ 599"
"2017-08-29","computo","ripley","
                      TEROS MONITOR FHD 21.5'' TE215FH
                    ",NA,"Internet: S/ 399"
"2017-08-29","computo","ripley","
                      LENOVO MONITOR THINKVISION 22'' T2254P
                    ",NA,"Internet: S/ 999"
"2017-08-29","computo","ripley","
                      LENOVO MONITOR THINKVISION FHD 21.5'' T2224D
                    ",NA,"Internet: S/ 599"
"2017-08-29","computo","ripley","
                      HP MONITOR 19.45'' P0Q48AA#ABM
                    ",NA,"Internet: S/ 499"
"2017-08-29","computo","ripley","
                      HP MONITOR 18.5'' V5E94AA#ABM
                    ",NA,"Internet: S/ 399"
"2017-08-29","computo","ripley","
                      DELL MONITOR 18.5'' E1916HV
                    ",NA,"Internet: S/ 499"
"2017-08-29","computo","ripley","
                      DELL MONITOR 19.5'' E2016H
                    ",NA,"Internet: S/ 599"
"2017-08-29","computo","ripley","
                      DELL MONITOR 19'' E1916H
                    ",NA,"Internet: S/ 499"
"2017-08-29","computo","ripley","
                      DELL MONITOR FHD 22'' E2216H
                    ",NA,"Internet: S/ 699"
"2017-08-29","computo","ripley","
                      BENQ MONITOR HD 24'' RL2460HT
                    ",NA,"Internet: S/ 1,099"
"2017-08-29","computo","ripley","
                      AOC MONITOR HD 19.5'' I2080SW
                    ",NA,"Internet: S/ 399"
"2017-08-29","computo","ripley","
                      AOC MONITOR HD 27'' I2769VM
                    ","Normal: S/ 1,199","Internet: S/ 959"
"2017-08-29","computo","ripley","
                      AOC MONITOR 18.5'' E970SWN
                    ",NA,"Internet: S/ 399"
"2017-08-29","computo","ripley","
                      AOC MONITOR HD 21.5'' I2269VWM
                    ",NA,"Internet: S/ 699"
"2017-08-29","computo","ripley","
                      LG MONITOR ULTRAWIDE FHD 29'' 29UM69G
                    ",NA,"Internet: S/ 1,499"
"2017-08-29","computo","ripley","
                      LG MONITOR TV HD 23.6'' 24MT48D
                    ",NA,"Internet: S/ 499"
"2017-08-29","computo","ripley","
                      LG MONITOR CURVO ULTRAWIDE FHD 34'' 34UC79G
                    ",NA,"Internet: S/ 2,499"
"2017-08-29","computo","ripley","
                      LG MONITOR GAMER FHD 34'' 34UM69G
                    ",NA,"Internet: S/ 2,199"
"2017-08-29","computo","ripley","
                      LG MONITOR FHD 24'' 24MP48HQ
                    ",NA,"Internet: S/ 659"
"2017-08-29","computo","ripley","
                      LG MONITOR GAMER FHD 24'' 24GM79G
                    ",NA,"Internet: S/ 1,299"
"2017-08-29","computo","ripley","
                      HP MONITOR FHD 23.8'' W1Y58AA#ABA
                    ",NA,"Internet: S/ 699"
"2017-08-29","computo","ripley","
                      EPSON PROYECTOR S31 V11H719021
                    ",NA,"Internet: S/ 1,749"
