"fecha","categoria","ecommerce","marca","producto","precio.antes","precio.actual"
"2017-08-30","televisores","falabella","Samsung","LED-49-FHD-Curvo-Smart-TV-49K6500","S/ 2,799","S/ 1,699"
"2017-08-30","televisores","falabella","LG","LED-UHD-4K-43-43UJ6300-Smart-WebOS-3.5","S/ 1,499","S/ 1,399"
"2017-08-30","televisores","falabella","LG","LED-UHD-4K-49-49UJ6300-Smart-WebOS-3.5","S/ 1,799","S/ 1,699"
"2017-08-30","televisores","falabella","Samsung","LED-49-Ultra-HD-4K-Smart-TV-UN49MU6100GXPE","S/ 3,299","S/ 1,999"
"2017-08-30","televisores","falabella","Panasonic","LED-40-Smart-Full-HD-+-DVD-S700PU","S/ 1,799","S/ 1,199"
"2017-08-30","televisores","falabella","AOC","LED-43-FHD-Smart-TV-LE43D5542","S/ 1,299","S/ 1,099"
"2017-08-30","televisores","falabella","Sony","LED-55-FHD-Smart-TV-KDL-55W655DLA8","S/ 1,999","S/ 1,899"
"2017-08-30","televisores","falabella","LG","LED-49-Full-HD-49LJ5500-Smart-WebOS-3.5","S/ 2,099","S/ 1,499"
"2017-08-30","televisores","falabella","Samsung","LED-55-4K-Ultra-HD-Smart-TV","S/ 2,699","S/ 2,499"
"2017-08-30","televisores","falabella","LG","LED-55-Full-HD-55LJ5550-Smart-webOS-3.5","S/ 2,499","S/ 1,999"
"2017-08-30","televisores","falabella","LG","LED-UHD-4K-49-49UJ6510-Smart-WebOS-3.5","S/ 2,499","S/ 1,899"
"2017-08-30","televisores","falabella","Panasonic","LED-55-Smart-Ultra-HD-4K-55DX650-HDR","S/ 4,499","S/ 2,999"
"2017-08-30","televisores","falabella","Samsung","LED-49-Ultra-HD-Smart-TV-Curvo","S/ 3,599","S/ 2,199"
"2017-08-30","televisores","falabella","LG","LED-55-UHD-55UJ6580-4K-Smart-WebOS-3.5","S/ 3,099","S/ 2,599"
"2017-08-30","televisores","falabella","LG","LED-55-Super-UHD-4K-55SJ8000-Smart-WebOS-3.5","S/ 6,699","S/ 4,499"
"2017-08-30","televisores","falabella","Sony","Reproductor-Blu-ray-BDP-S1500-Negro","S/ 329","S/ 199"
"2017-08-30","televisores","falabella","Sony","Reproductor-Bluray-BDP-S3500-BME32-Wifi","S/ 399","S/ 249"
"2017-08-30","televisores","falabella","Sony","Reproductor-DVD-DVP-SR370-BCE32-MP3-JPG-USB-Negro","S/ 149","S/ 89"
"2017-08-30","televisores","falabella","Samsung","Bluray-USB-HDMI-BD-J4500-Negro",NA,"S/ 229"
"2017-08-30","televisores","falabella","Sony","LED-65-4K-Ultra-HD-65X855D-Android-TV","S/ 7,999","S/ 4,899"
"2017-08-30","televisores","falabella","LG","Reproductor-Blu-ray-BP250-Full-HD-Upscaling","S/ 219","S/ 199"
"2017-08-30","televisores","falabella","Sony","LED-48-FHD-Smart-TV-KDL-48W655D","S/ 2,299","S/ 1,599"
"2017-08-30","televisores","falabella","LG","Reproductor-DVD-DP132",NA,"S/ 99"
"2017-08-30","televisores","falabella","Samsung","LED-55-FHD-Curvo-Smart-TV-55K6500","S/ 3,799","S/ 2,099"
"2017-08-30","televisores","falabella","Samsung","QLED-65-Smart-TV-QN65Q8CAMGXPE-+-Soundbar-Curvo-M6500","S/ 13,999","S/ 10,999"
"2017-08-30","televisores","falabella","LG","OLED-55-Ultra-HD-4K-Smart-TV","S/ 8,599","S/ 4,999"
"2017-08-30","televisores","falabella","LG","OLED-65-Utra-HD-4K-Smart-TV","S/ 12,499","S/ 7,999"
"2017-08-30","televisores","falabella","AOC","LED-LE32S5970-Smart-TV-31.5-",NA,"S/ 799"
"2017-08-30","televisores","falabella","AOC","LED-LE43S5970-Smart-TV-43-","S/ 1,299","S/ 1,099"
"2017-08-30","televisores","falabella","AOC","LED-49-FHD-Smart-TV-LE49D5542","S/ 1,499","S/ 1,249"
"2017-08-30","televisores","falabella","AOC","LED-LE49S5970-Smart-TV-49-","S/ 1,499","S/ 1,249"
"2017-08-30","televisores","falabella","Sony","LED-4K-HDR-55-Smart-Android-TV-55X8","S/ 6,999","S/ 3,299"
"2017-08-30","televisores","falabella","Sony","LED-4K-HDR-55-Smart-Android-TV-55X9","S/ 8,499","S/ 3,999"
"2017-08-30","televisores","falabella","Samsung","LED-75-Ultra-HD-4K-Smart-TV-+-Soundbar-M360","S/ 13,999","S/ 9,999"
"2017-08-30","televisores","falabella","LG","LED-55-Full-HD-Smart-TV-WebOs-3.0-HDMI-USB","S/ 2,699","S/ 2,299"
"2017-08-30","televisores","falabella","LG","LED-32-HD-Smart-TV-32LH570B","S/ 1,049","S/ 999"
"2017-08-30","televisores","falabella","Samsung","LED-32-HD-Smart-TV-32J4300","S/ 1,099","S/ 999"
"2017-08-30","televisores","falabella","Sony","LED-65-UHD-Android-TV-XBR-65X755D","S/ 6,799","S/ 4,699"
"2017-08-30","televisores","falabella","LG","Proyector-LED-f1000ug",NA,"S/ 3,999"
"2017-08-30","televisores","falabella","LG","OLED-65''-OLED65E6-Ultra-HD-4K-Smart-webOS-3.0","S/ 17,999","S/ 16,999"
"2017-08-30","televisores","falabella","LG","LED-55-Super-UHD-Smart-TV-55UH7650","S/ 3,199","S/ 2,599"
"2017-08-30","televisores","falabella","Samsung","LED-Samsung-65-SUHD-Curvo-Smart-TV","S/ 12,799","S/ 5,999"
"2017-08-30","televisores","falabella","Sony","LED-40-FHD-Smart-TV-KDL-40W655D","S/ 1,799","S/ 1,399"
"2017-08-30","televisores","falabella","LG","Proyector-LED-1000-lm-HDMI-Blanco",NA,"S/ 2,299"
"2017-08-30","televisores","falabella","LG","Reproductor-Bluray-BP255-Smart","S/ 249","S/ 229"
"2017-08-30","televisores","falabella","Imaco","DVD-Portatil-de-9''-DVD910P-Negro",NA,"S/ 299"
"2017-08-30","televisores","falabella","Samsung","LED-49-Ultra-HD-4K-MU7000-Smart-TV-One-Remote","S/ 4,999","S/ 2,999"
"2017-08-30","televisores","falabella","Samsung","LED-32-HD-32J4000","S/ 1,099","S/ 899"
"2017-08-30","televisores","falabella","Prolink","Soporte-para-TV-Rack-32-65-con-DVD-Stand",NA,"S/ 99"
"2017-08-30","televisores","falabella","LG","LED-65-Super-UHD-4K-65SJ9500-Smart-WebOS-3.5","S/ 11,499","S/ 6,499"
"2017-08-30","televisores","falabella","Ddesign","Cable-HDMI-AM-AM-1.8M","S/ 24.90","S/ 15"
"2017-08-30","televisores","falabella","Samsung","LED-75-Ultra-HD-4K-MU7000-Smart-TV-+-Soundbar-M650","S/ 17,999","S/ 12,999"
"2017-08-30","televisores","falabella","Imaco","LED-19''-HD-LED19HD",NA,"S/ 399"
"2017-08-30","televisores","falabella","Macrotel","Cable-HDMI-MV-2310-1,8-mt",NA,"S/ 16.90"
"2017-08-30","televisores","falabella","LG","LED-86-Super-UHD-86SJ9570-4K-Smart-TV-WebOs-3.5","S/ 23,899","S/ 16,999"
"2017-08-30","televisores","falabella","Samsung","LED-55-Ultra-HD-UN55MU6300GXPE-Smart-TV-Curvo","S/ 3,999","S/ 2,899"
"2017-08-30","televisores","falabella","Sony","Bluray-3D-Wifi-BDP-S6700-Negro","S/ 699","S/ 399"
"2017-08-30","televisores","falabella","Prolink","Rack-23-70-Pulgadas-c-Brazo",NA,"S/ 99"
"2017-08-30","televisores","falabella","Samsung","LED-49-Ultra-HD-UN49MU6400GXPE-4K-Smart-TV","S/ 2,399","S/ 2,299"
"2017-08-30","televisores","falabella","Prolink","Rack-con-Brazo-para-Tv-Curva-de-32-a-65-",NA,"S/ 299"
"2017-08-30","televisores","falabella","Samsung","LED-49-Full-HD-Smart-TV-49J5200","S/ 2,299","S/ 1,399"
"2017-08-30","televisores","falabella","Sony","LED-4K-HDR-49-Smart-Android-TV-49X8","S/ 4,999","S/ 2,899"
"2017-08-30","televisores","falabella","LG","Proyector-LED-ph450ug",NA,"S/ 2,199"
"2017-08-30","televisores","falabella","Samsung","LED-40-Full-HD-Smart-TV-40J5200","S/ 1,399","S/ 1,199"
"2017-08-30","televisores","falabella","Prolink","Rack-para-TV-LED-LCD-PDP-de-26-a-42-pulgadas",NA,"S/ 69"
"2017-08-30","televisores","falabella","Samsung","LED-65-Ultra-HD-4K-Smart-TV-UN65MU6100GXPE","S/ 6,599","S/ 4,599"
"2017-08-30","televisores","falabella","LG","LED-65-UHD-65UJ6580-4K-Smart-WebOS-3.5","S/ 6,099","S/ 4,499"
"2017-08-30","televisores","falabella","LG","LED-65''-Super-UHD-4K-Smart-TV-webOS-3.0-65UH9500","S/ 14,599","S/ 5,299"
"2017-08-30","televisores","falabella","LG","LED-32-HD-Smart-TV-32LH570B-x2","S/ 2,598","S/ 1,799"
"2017-08-30","televisores","falabella","Samsung","LED-55-Ultra-HD-4K-UN55MU6400GXPE-Smart-TV","S/ 4,599","S/ 3,299"
"2017-08-30","televisores","falabella","Sony","LED-32-HD-Smart-TV-KDL-32W605D","S/ 1,299","S/ 1,099"
"2017-08-30","televisores","falabella","LG","LED-UHD-4K-55-55UJ6300-Smart-WebOS-3.5","S/ 2,099","S/ 1,999"
"2017-08-30","televisores","falabella","Sony","LED-85-4K-HDR-XBR-85X855D-LA8-HDMI","S/ 29,999","S/ 17,999"
"2017-08-30","televisores","falabella","LG","LED-43-FHD-43LH5000","S/ 1,399","S/ 1,199"
"2017-08-30","televisores","falabella","Samsung","Promo-Home-Theater-HT-J4500",NA,"S/ 799"
"2017-08-30","televisores","falabella","Macrotel","Antena-TV-Digital-para-Interiores",NA,"S/ 29.90"
"2017-08-30","televisores","falabella","Samsung","LED-49-Ultra-HD-UN49MU6500GXPE-Smart-TV-Curvo","S/ 4,599","S/ 2,599"
"2017-08-30","televisores","falabella","Google","Google-Chromecast-Ii-2015-HDMI",NA,"S/ 269"
"2017-08-30","televisores","falabella","LG","LED-UHD-4K-75-75UJ6580-Smart-WebOS-3.5","S/ 11,499","S/ 8,999"
"2017-08-30","televisores","falabella","Ddesign","Cable-de-Audio-1,8-m","S/ 14.90","S/ 5.90"
"2017-08-30","televisores","falabella","Samsung","LED-40-Ultra-HD-4K-Smart-TV-UN40MU6100GXPE","S/ 2,599","S/ 1,599"
"2017-08-30","televisores","falabella","Built Digital","SoundBar-20-W-2.0-Canales","S/ 149","S/ 129"
"2017-08-30","televisores","falabella","Samsung","LED-65-Ultra-HD-UN65MU6500GXPE-Smart-TV-Curvo","S/ 8,599","S/ 5,999"
"2017-08-30","televisores","falabella","Samsung","QLED-75-Curvo-Ultra-HD-4K-Smart-+-Soundbar-Curvo-M6500","S/ 21,999","S/ 15,999"
"2017-08-30","televisores","falabella","Samsung","LED-55-Ultra-HD-4K-Smart-TV-Curvo-+-Soundbar","S/ 6,599","S/ 3,999"
"2017-08-30","televisores","falabella","LG","LED-65-Super-UHD-65SJ8000-4K-Smart-WebOS-3.5","S/ 7,699","S/ 5,499"
"2017-08-30","televisores","falabella","LG","LED-43-Full-HD-43LJ5500-Smart-WebOS-3.5","S/ 1,699","S/ 1,299"
"2017-08-30","televisores","falabella","LG","LED-UHD-4K-65-65UJ6300-Smart-WebOS-3.5","S/ 5,799","S/ 4,199"
"2017-08-30","televisores","falabella","Samsung","LED-55-Ultra-HD-UN55MU6500GXPE-Smart-TV-Curvo","S/ 4,999","S/ 3,499"
"2017-08-30","televisores","falabella","Prolink","Rack-32-70-Fijo-con-Cable-HDMI",NA,"S/ 39.90"
"2017-08-30","televisores","falabella","Soportex","Rack-Fijo-32-55-",NA,"S/ 139"
"2017-08-30","televisores","falabella","LG","LED-UHD-4K-60-60UJ6300-Smart-WebOS-3.5","S/ 4,199","S/ 3,699"
"2017-08-30","televisores","falabella","Directv","Kit-Prepago-LH10-100-DirecTV",NA,"S/ 49.90"
"2017-08-30","televisores","falabella","Panasonic","Blu-ray-4K-3D-Sistema-Miracast-USB-UHD",NA,"S/ 349"
"2017-08-30","televisores","falabella","Macrotel","Control-Remoto-Universal-RM-786",NA,"S/ 19.90"
"2017-08-30","televisores","falabella","Fiddler","Cable-HDMI-30-AWG-1,8-m",NA,"S/ 19.90"
"2017-08-30","cómputo","falabella","Samsung","Monitor-TV-23,6-HD-LT24E310",NA,"S/ 499"
"2017-08-30","cómputo","falabella","Apple","MacBook-13,3-Pro-Intel-Core-i5-4-GB-500-GB","S/ 4,499","S/ 2,999"
"2017-08-30","cómputo","falabella","Lenovo","Notebook-Intel-Core-i5-8GB-1TB-15.6''-Rojo",NA,"S/ 2,799"
"2017-08-30","cómputo","falabella","Asus","Notebook-15.6-Intel-Celeron-4GB-500GB","S/ 1,199","S/ 999"
"2017-08-30","cómputo","falabella","Asus","Notebook-15.6-Intel-Core-i5-4GB-1TB-2GB-Video",NA,"S/ 1,999"
"2017-08-30","cómputo","falabella","HP","Notebook-15,6-AMD-A9-4-GB-1-TB-2GB-Video","S/ 1,899","S/ 1,399"
"2017-08-30","cómputo","falabella","HP","Notebook-15.6-Intel-Core-i5-HD-8GB-1TB-2GB-Video-Silver","S/ 2,499","S/ 2,099"
"2017-08-30","cómputo","falabella","Epson","Impresora-Multifuncional-L575-EcoTank",NA,"S/ 999"
"2017-08-30","cómputo","falabella","HP","Notebook-15,6-Intel-Core-i7-8-GB-1-TB-2GB-Video-Blanco","S/ 3,699","S/ 2,999"
"2017-08-30","cómputo","falabella","Lenovo","Notebook-Intel-Core-i3-15.6''-4GB-1TB-Blanco","S/ 1,499","S/ 1,399"
"2017-08-30","cómputo","falabella","Epson","Impresora-Multifuncional-L495-Ecotank",NA,"S/ 849"
"2017-08-30","cómputo","falabella","Dell","All-in-One-Intel-Pentium-19,5-4-GB-1-TB-HD","S/ 1,399","S/ 1,199"
"2017-08-30","cómputo","falabella","LG","All-in-One-23,8-Intel-Pentium-4-GB-500-GB-Blanco","S/ 1,699","S/ 1,299"
"2017-08-30","cómputo","falabella","Samsung","Tablet-Tab-S2-8''-Dorada-+-Cover",NA,"S/ 1,599"
"2017-08-30","cómputo","falabella","Apple","Nuevo-iPad-Retina-9.7-Wi-fi-32-GB-Gris-Espacial","S/ 2,099","S/ 1,299"
"2017-08-30","cómputo","falabella","Apple","Nuevo-iPad-Retina-9.7-Wi-fi-32-GB-Dorado","S/ 2,099","S/ 1,299"
"2017-08-30","cómputo","falabella","HP","Notebook-Ci3-15''-1TB-8GB-Silver","S/ 1,699","S/ 1,599"
"2017-08-30","cómputo","falabella","HP","Multifuncional-Office-Jet-Pro-6970-Negro",NA,"S/ 299"
"2017-08-30","cómputo","falabella","Lenovo","All-in-one-23,8-Intel-Core-i5-8-GB-1-TB-Touch-Negro",NA,"S/ 3,999"
"2017-08-30","cómputo","falabella","Leotec","Tablet-7-LETAB726-3G-Stellar",NA,"S/ 189"
"2017-08-30","cómputo","falabella","Samsung","Tablet-9,7-Galaxy-Tab-S2-3-GB-32-GB-+-Cover",NA,"S/ 1,999"
"2017-08-30","cómputo","falabella","Samsung","Tablet-Tab-S2-9.7-Dorada-+-Cover",NA,"S/ 1,999"
"2017-08-30","cómputo","falabella","Western Digital","Disco-Duro-Elements-Portable-750-GB",NA,"S/ 199"
"2017-08-30","cómputo","falabella","Apple","iPad-Pro-Wifi-32-GB-Oro-Rosa","S/ 2,599","S/ 2,299"
"2017-08-30","cómputo","falabella","Apple","iPad-Pro-Wifi-32-GB-Dorado","S/ 2,599","S/ 2,299"
"2017-08-30","cómputo","falabella","Advance","All-in-One-21,5-Intel-Core-i5-4-GB-1-TB-Silver","S/ 2,699","S/ 2,299"
"2017-08-30","cómputo","falabella","Dell","Notebook-15,6-Intel-Core-i7-8-GB-1-TB","S/ 3,399","S/ 3,199"
"2017-08-30","cómputo","falabella","Samsung","Galaxy-Tab-A-10.1''-con-S-Pen-Negro",NA,"S/ 1,399"
"2017-08-30","cómputo","falabella","Samsung","Galaxy-Tab-A-10.1''-con-S-Pen-Blanco",NA,"S/ 1,399"
"2017-08-30","cómputo","falabella","Epson","Impresora-L310-C11CE57303-Ecotank",NA,"S/ 549"
"2017-08-30","cómputo","falabella","Dell","Notebook-i3-6100U-4GB-500GB-W10-13.3''","S/ 2,199","S/ 1,999"
"2017-08-30","cómputo","falabella","HP","Notebook-15,6-Intel-Core-i3-HD-4-GB-1-TB","S/ 1,699","S/ 1,399"
"2017-08-30","cómputo","falabella","Samsung","Galaxy-Tab-Kids-7''-Blanco",NA,"S/ 449"
"2017-08-30","cómputo","falabella","Samsung","Galaxy-Tab-E-7-Negro",NA,"S/ 399"
"2017-08-30","cómputo","falabella","Lenovo","Notebook-14-Intel-Pentium-4-GB-500-GB-HD-Silver","S/ 1,499","S/ 999"
"2017-08-30","cómputo","falabella","Samsung","Tablet-9,7-Galaxy-Tab-S2-3-GB-32-GB-Dorado",NA,"S/ 1,899"
"2017-08-30","cómputo","falabella","Samsung","Tablet-Tab-S2-8''-Negro-+-Cover",NA,"S/ 1,599"
"2017-08-30","cómputo","falabella","Samsung","Tablet-9,7-Galaxy-Tab-S3-Silver-+-Cover-Negro-F-SM-T820NZSAP",NA,"S/ 2,399"
"2017-08-30","cómputo","falabella","Western Digital","Disco-Duro-Externo-2TB-USB-3.0",NA,"S/ 339"
"2017-08-30","cómputo","falabella","Western Digital","Disco-Duro-1-TB-USB-3.0-Negro",NA,"S/ 239"
"2017-08-30","cómputo","falabella","HP","Notebook-15,6-Intel-Core-i5-HD-8-GB-1-TB-Silver",NA,"S/ 2,499"
"2017-08-30","cómputo","falabella","HP","Notebook-14-Intel-Core-i3-HD-4-GB-500-GB-Silver-360Â°","S/ 1,999","S/ 1,899"
"2017-08-30","cómputo","falabella","HP","Notebook-15,6-Intel-Core-i5-8-GB-2GB-Video-1-TB-Silver",NA,"S/ 2,499"
"2017-08-30","cómputo","falabella","Lenovo","Notebook-Ideapad-Intel-Celeron-14''-4G-RAM-500GB-Plateado",NA,"S/ 1,499"
"2017-08-30","cómputo","falabella","Lenovo","All-in-One-19,5-Intel-Celeron-4-GB-500-GB-Blanco",NA,"S/ 1,499"
"2017-08-30","cómputo","falabella","Samsung","Tablet-8-SM-P350NZW-Android-5.0-16-GB-Blanco",NA,"S/ 999"
"2017-08-30","cómputo","falabella","Samsung","Galaxy-Tab-8-SM-P350NZA-16GB-Gris",NA,"S/ 999"
"2017-08-30","cómputo","falabella","Lenovo","Notebook-YG-500-15IBD-I5-5200U-4G-1T-15.6''",NA,"S/ 2,599"
"2017-08-30","cómputo","falabella","Asus","Notebook-15,6-AMD-A8-4GB-1TB-HD-Blanco","S/ 1,499","S/ 1,399"
"2017-08-30","cómputo","falabella","AOC","Tablet-7''-IPS-QC-1GB-8GB-Rosado","S/ 299","S/ 159"
"2017-08-30","cómputo","falabella","Samsung","Tablet-Galaxy-Tab-E-9,6-SM-T560NZKAPEO-8-GB-Negro",NA,"S/ 799"
"2017-08-30","cómputo","falabella","Samsung","Tablet-Galaxy-Tab-E-9,6-SM-T560NZWAPEO-8-GB-Blanco",NA,"S/ 799"
"2017-08-30","cómputo","falabella","LG","Monitor-21,5-LED-22MP58VQ-Negro","S/ 599","S/ 399"
"2017-08-30","cómputo","falabella","LG","Monitor-24-Gamer-24GM77-Negro","S/ 1,399","S/ 999"
"2017-08-30","cómputo","falabella","LG","Monitor-29-IPS-29UM68-Negro","S/ 1,499","S/ 1,299"
"2017-08-30","cómputo","falabella","Apple","MacBook-Pro-15,4-Retina-Intel-Core7-16-GB-256-GB-Gris",NA,"S/ 9,999"
"2017-08-30","cómputo","falabella","Asus","Notebook-Ci7-7500U-12G-1TB-VID2G-15.6''",NA,"S/ 3,899"
"2017-08-30","cómputo","falabella","Kingston","Mobilelite-Wireless-G3-Wifi","S/ 299","S/ 199"
"2017-08-30","cómputo","falabella","Lenovo","Notebook-15,6-Intel-Core-i3-4-GB-1-TB-Silver",NA,"S/ 1,999"
"2017-08-30","cómputo","falabella","Huawei","Tablet-10,1-Wifi-3-GB-64-GB-Dorado",NA,"S/ 1,699"
"2017-08-30","cómputo","falabella","Lenovo","Notebook-14-Intel-Core-i3-500U-4-GB-500-GB-Touch-Blanco","S/ 2,299","S/ 1,399"
"2017-08-30","cómputo","falabella","Dlink","Kit-Extensor-Powerline-WiFi","S/ 359","S/ 249"
"2017-08-30","cómputo","falabella","Epson","Impresora-Multifuncional-L220",NA,"S/ 699"
"2017-08-30","cómputo","falabella","Microsoft","Office-365-Personal-PC-Mac-y-Tablet",NA,"S/ 199"
"2017-08-30","cómputo","falabella","Built","Funda-8-para-Tablet-E-ES8-SDT",NA,"S/ 29.90"
"2017-08-30","cómputo","falabella","Epson","Tinta-Liquida-T664320-Magenta","S/ 39.90","S/ 32.90"
"2017-08-30","cómputo","falabella","Canon","Tintas-para-impresora-KP-108IP-Color",NA,"S/ 119"
"2017-08-30","cómputo","falabella","Canon","Consumible-de-impresion",NA,"S/ 49"
"2017-08-30","cómputo","falabella","HP","All-in-One-23,8-Intel-Core-i5-8GB-2-TB-Blanco",NA,"S/ 3,499"
"2017-08-30","cómputo","falabella","Skullcandy","Mochila-SKDY8019-WOO-Student",NA,"S/ 249"
"2017-08-30","cómputo","falabella","Magix","Lapicero-3D-MAGIX-KIDS",NA,"S/ 249"
"2017-08-30","cómputo","falabella","Samsung","Tablet-Galaxy-Tab-de-7''-8GB-Blanco",NA,"S/ 599"
"2017-08-30","cómputo","falabella","HP","Notebook-15,6-Intel-Core-i5-6-GB-1-TB-Silver",NA,"S/ 2,899"
"2017-08-30","cómputo","falabella","AKRacing","Silla-Gamer-Ergonomica-Azul",NA,"S/ 1,199"
"2017-08-30","cómputo","falabella","Magix","Lapicero-3D-MAGIX-PRO",NA,"S/ 299"
"2017-08-30","cómputo","falabella","Targus","Mochila-para-laptop-Sport-16''",NA,"S/ 119"
"2017-08-30","cómputo","falabella","Epson","Cartucho-de-Tinta-T073220-Cyan",NA,"S/ 34.90"
"2017-08-30","cómputo","falabella","Wacom","Tablet-Digital-Intuos-Pro-Pen-Touch-Small",NA,"S/ 989"
"2017-08-30","cómputo","falabella","Case Logic","Maletin-Porta-Laptop-15-",NA,"S/ 120"
"2017-08-30","cómputo","falabella","WTF","Smart-Sticker-Gold","S/ 39.90","S/ 24.90"
"2017-08-30","cómputo","falabella","JBL","Monitor-de-estudio-LSR-305",NA,"S/ 1,279"
"2017-08-30","cómputo","falabella","Casio","Calculadora-de-Mesa-MX-120B-BK",NA,"S/ 25"
"2017-08-30","cómputo","falabella","Neffos","Carcasa-Neffos-C5-Ma",NA,"S/ 19.90"
"2017-08-30","cómputo","falabella","Genius","Mouse-NX9000BT-GOLD-Dorado",NA,"S/ 84.90"
"2017-08-30","cómputo","falabella","Targus","Mochila-CitySmart-EVA-16-",NA,"S/ 229"
"2017-08-30","cómputo","falabella","Epson","Cartucho-de-Tinta-T196420-Amarillo",NA,"S/ 39.90"
"2017-08-30","cómputo","falabella","Razer","Mochila-Utility-16-Negro",NA,"S/ 299"
"2017-08-30","cómputo","falabella","HP","Cartucho-de-Tinta-670-Magenta",NA,"S/ 41.90"
"2017-08-30","cómputo","falabella","Merkury","Funda-para-Tablet-10-Dy",NA,"S/ 19.90"
"2017-08-30","cómputo","falabella","Built","Funda-para-Tablet-7-8-D07-Negro","S/ 29.90","S/ 9.90"
"2017-08-30","cómputo","falabella","HP","Notebook-13,3-Intel-Core-i7-Full-HD-8-GB-256-GB-SDD-Gris","S/ 5,399","S/ 5,299"
"2017-08-30","cómputo","falabella","Samsung","USB-Samsung-LED-Light-Celeste",NA,"S/ 35"
"2017-08-30","cómputo","falabella","LG","Monitor-LED-32-Full-HD-IPS-32MP58HQ",NA,"S/ 1,249"
"2017-08-30","cómputo","falabella","Sandisk","Memoria-USB-32-GB-Metalico","S/ 59.90","S/ 57.90"
"2017-08-30","cómputo","falabella","AKRacing","Silla-Gamer-ProX-Series-Rojo",NA,"S/ 1,199"
"2017-08-30","cómputo","falabella","HP","Impresora-Multifuncional-F0V64A","S/ 299","S/ 199"
"2017-08-30","cómputo","falabella","Logitech","Mouse-Gamer-Optico-G300S-Negro",NA,"S/ 149"
"2017-08-30","cómputo","falabella","Lenovo","Notebook-14-Ideapad-510S-Intel-Core-i5-4GB-1-TB-Blanco",NA,"S/ 2,399"
"2017-08-30","cómputo","falabella","Magix","Insumo-Lapicero-3D-Gris",NA,"S/ 9.90"
"2017-08-30","cómputo","falabella","Butrich","Skin-Rosado-13p",NA,"S/ 79"
"2017-08-30","cómputo","falabella","Targus","Funda-para-laptop-14''-Trax-Black",NA,"S/ 39.90"
"2017-08-30","cómputo","falabella","Dell","Notebook-i5-7200U-1TB-8GB-13.3''-W10","S/ 2,899","S/ 2,699"
"2017-08-30","cómputo","falabella","Lexar","USB-S50-64GB-2.0",NA,"S/ 99.90"
"2017-08-30","cómputo","falabella","Epson","Cartucho-de-tinta-T073320-Magenta",NA,"S/ 34.90"
"2017-08-30","cómputo","falabella","Western Digital","Funda-Neopreno-para-Disco-Duro-Negro",NA,"S/ 13"
"2017-08-30","cómputo","falabella","Wacom","Tablet-Digital-Intuos-Pro-Medium",NA,"S/ 1,599"
"2017-08-30","cómputo","falabella","HP","Tinta-46-Negro-Single",NA,"S/ 41.90"
"2017-08-30","cómputo","falabella","Sakar","Case-Iphone-4-4s-Spiderman",NA,"S/ 9.90"
"2017-08-30","cómputo","falabella","WTF","Smart-Sticker-Face-LOG-04","S/ 39.90","S/ 24.90"
"2017-08-30","cómputo","falabella","JBL","Monitor-de-estudio-LSR-308",NA,"S/ 2,059"
"2017-08-30","cómputo","falabella","Casio","Calculadora-portatil-HL-820LV-BK",NA,"S/ 11.90"
"2017-08-30","cómputo","falabella","Genius","Mouse-NX9000BT-GRAY-Gris",NA,"S/ 84.90"
"2017-08-30","cómputo","falabella","Exin","CPU-para-Gamers-Defender-77",NA,"S/ 5,029"
"2017-08-30","cómputo","falabella","Razer","Mouse-NAGA-HEX-V2-Negro",NA,"S/ 479"
"2017-08-30","cómputo","falabella","Dlink","Router-NWDLDIR615",NA,"S/ 79"
"2017-08-30","cómputo","falabella","Ddesign","Cable-HDMI-AM-AM-1.8M","S/ 24.90","S/ 15"
"2017-08-30","cómputo","falabella","Epson","Tinta-Liquida-T664120-Negro","S/ 39.90","S/ 32.90"
"2017-08-30","cómputo","falabella","Razer","Teclado-BLACKWIDOX-CHR-Negro",NA,"S/ 879"
"2017-08-30","cómputo","falabella","Genius","Mouse-Retractil-Micro-Traveler-Negro",NA,"S/ 32.90"
"2017-08-30","cómputo","falabella","Wacom","Tablet-Digital-Intuos-Draw-Small-Blanco",NA,"S/ 299"
"2017-08-30","cómputo","falabella","Logitech","Mouse-M185-Wireless-Rojo",NA,"S/ 54.90"
"2017-08-30","cómputo","falabella","Samsonite","Mochila-Porta-Laptop-Locus-Backpack-V-Negro",NA,"S/ 299"
"2017-08-30","cómputo","falabella","Targus","Mochila-Sport-Backpack-15,6-Negro",NA,"S/ 69"
"2017-08-30","cómputo","falabella","Wacom","Tablet-Digital-Intuos-Photo-Small",NA,"S/ 479"
"2017-08-30","cómputo","falabella","HP","Cartucho-de-Tinta-670-Amarillo",NA,"S/ 41.90"
"2017-08-30","cómputo","falabella","Merkury","Funda-para-Tablet-7-Dy",NA,"S/ 19.90"
"2017-08-30","cómputo","falabella","HP","Notebook-A8-4GB-1TB-14''",NA,"S/ 1,399"
"2017-08-30","cómputo","falabella","Targus","Mochila-City-Negro",NA,"S/ 69.90"
"2017-08-30","cómputo","falabella","HP","All-in-One-23,8-AMD-A6-4-GB-1-TB-Negro",NA,"S/ 1,799"
"2017-08-30","cómputo","falabella","Advance","Tablet-7-TR4885-3G-Quad-Core-2-GB-8-GB-Verde-+-Mochila",NA,"S/ 299"
"2017-08-30","cómputo","falabella","Case Logic","Mochila-Porta-Laptop-VNB-217-17-",NA,"S/ 109"
"2017-08-30","cómputo","falabella","Epson","Cartucho-de-T195420-Amarillo",NA,"S/ 34.90"
"2017-08-30","cómputo","falabella","Epson","Cartucho-de-Tinta-T197120-Negro",NA,"S/ 39.90"
"2017-08-30","cómputo","falabella","Samsung","USB-Samsung-LED-Light-Rosado",NA,"S/ 35"
"2017-08-30","cómputo","falabella","HP","Tinta-122-CH561HL-Negro",NA,"S/ 49.50"
"2017-08-30","cómputo","falabella","AKG","Microfono-inalambrico-WMS40-US25B",NA,"S/ 579"
"2017-08-30","cómputo","falabella","Leotec","Cargador-de-Tablet-y-Smartphone-LECSPH5VUSB",NA,"S/ 29"
"2017-08-30","cómputo","falabella","Sandisk","Pendrive-USB-Glide-3.0-32GB",NA,"S/ 67.90"
"2017-08-30","cómputo","falabella","Sakar","Estuche-para-Camara-Hello-Kitty-Negro",NA,"S/ 9.90"
"2017-08-30","cómputo","falabella","AKRacing","Silla-Gamer-Ergonomica-Negro",NA,"S/ 1,199"
"2017-08-30","cómputo","falabella","Logitech","Mouse-Gamer-Tuneable-G502",NA,"S/ 259"
"2017-08-30","cómputo","falabella","Microsoft","Teclado-All-In-One-Media-USB-Po",NA,"S/ 149"
"2017-08-30","cómputo","falabella","Fiddler","Mouse-Inalambrico-FD-XM518N-Negro",NA,"S/ 29.90"
"2017-08-30","cómputo","falabella","Lenovo","Notebook-15,6-Intel-Core-i5-12GB-1TB-2GB-Video-Blanco",NA,"S/ 3,499"
"2017-08-30","cómputo","falabella","Magix","Insumo-Lapicero-3D-Negro",NA,"S/ 9.90"
"2017-08-30","cómputo","falabella","Logitech","Audifono-Gamer-G430-Surround-Digital",NA,"S/ 299.90"
"2017-08-30","cómputo","falabella","Butrich","Skin-Rosado-14p",NA,"S/ 79"
"2017-08-30","cómputo","falabella","Targus","Mochila-Porta-Laptop-16-TSB193US-Negro",NA,"S/ 69.90"
"2017-08-30","cómputo","falabella","Lexar","USB-S45-16GB-3.0-SMALL",NA,"S/ 24.90"
"2017-08-30","cómputo","falabella","LG","Monitor-27-LED-IPS-Gamer-27MP59G",NA,"S/ 1,099"
"2017-08-30","cómputo","falabella","Epson","Tinta-Cian-T296220-AL-Xpression",NA,"S/ 28.74"
"2017-08-30","cómputo","falabella","Epson","Cartucho-de-Tinta-T073420-Amarilla",NA,"S/ 34.90"
"2017-08-30","cómputo","falabella","Wacom","Pen-Tablet-Intous-Pro-Paper-Edition-Medium",NA,"S/ 1,849"
"2017-08-30","cómputo","falabella","Macrotel","Cable-HDMI-MV-2310-1,8-mt",NA,"S/ 16.90"
"2017-08-30","cómputo","falabella","HP","Tinta-46-Tricolor-Single",NA,"S/ 41.90"
"2017-08-30","cómputo","falabella","Fiddler","Mouse-Optico-Retractil-USB-Rosado",NA,"S/ 15.90"
"2017-08-30","cómputo","falabella","Sakar","Protector-Para-Iphone-4-4s",NA,"S/ 9.90"
"2017-08-30","cómputo","falabella","WTF","Smart-Sticker-Square-ART-01","S/ 39.90","S/ 24.90"
"2017-08-30","cómputo","falabella","TP-Link","Punto-de-Acceso-Inalambrico-N-a-300Mbps",NA,"S/ 159"
"2017-08-30","cómputo","falabella","Brother","Impresora-Laser-Monocromatica-HL1202",NA,"S/ 199"
"2017-08-30","cómputo","falabella","Skullcandy","Mochila-SKDY8018-Naranja",NA,"S/ 199"
"2017-08-30","cómputo","falabella","Genius","Mouse-NX9000BT-SILVE-Plomo",NA,"S/ 84.90"
"2017-08-30","cómputo","falabella","Genius","Teclado-SCORPION-K20-USB-Negro",NA,"S/ 139"
"2017-08-30","cómputo","falabella","Fiddler","Mouse-Optico-Retractil-FD-XM227N",NA,"S/ 15.90"
"2017-08-30","cómputo","falabella","Razer","Mouse-NAGA-CHROMA-Negro",NA,"S/ 399.90"
"2017-08-30","cómputo","falabella","Epson","Cartucho-de-Tinta-T196120-Negro",NA,"S/ 29.90"
"2017-08-30","cómputo","falabella","Dlink","Router-NWDLDIR610",NA,"S/ 69"
"2017-08-30","cómputo","falabella","Skullcandy","Mochila-SCPR107-Purpura",NA,"S/ 199.90"
"2017-08-30","cómputo","falabella","Easy Line","Funda-reversible-15.4''",NA,"S/ 24.90"
"2017-08-30","cómputo","falabella","XYZPrinting","Impresora-3D-DA-VINCI-JR-1.0",NA,"S/ 3,499"
"2017-08-30","cómputo","falabella","Epson","Tinta-Liquida-T664220-Cian","S/ 39.90","S/ 32.90"
"2017-08-30","cómputo","falabella","Roccat","Teclado-Ryos-MK-Negro",NA,"S/ 362.90"
"2017-08-30","cómputo","falabella","LG","Monitor-18,5-LED-19M38A-Negro",NA,"S/ 369"
"2017-08-30","cómputo","falabella","Butrich","Skin-Corazon-Gigante-15.6p",NA,"S/ 79"
"2017-08-30","cómputo","falabella","Razer","Mouse-Abyssus-+-Pad-Mouse-Goliathus-Negro",NA,"S/ 189.90"
"2017-08-30","cómputo","falabella","Genius","Mouse-Retractil-Micro-Traveler-Rojo",NA,"S/ 32.90"
"2017-08-30","cómputo","falabella","TP-Link","Adaptador-USB-Inalambrico-de-Alta-Ganancia-150Mbps",NA,"S/ 59"
"2017-08-30","cómputo","falabella","Fiddler","Organizador-de-Cables-X-6",NA,"S/ 9.90"
"2017-08-30","cómputo","falabella","HP","Notebook-17,3-Omen-CI7-16GB-1TB-256GB-8GB-Video-FHD",NA,"S/ 7,099"
"2017-08-30","cómputo","falabella","Wacom","Tablet-Digital-Intuos-Comic-Small",NA,"S/ 479"
"2017-08-30","cómputo","falabella","Genius","Teclado-+-Mouse-KM-130-USB",NA,"S/ 49.90"
"2017-08-30","cómputo","falabella","Roccat","Mouse-Kone-XTD-Negro",NA,"S/ 354.90"
"2017-08-30","cómputo","falabella","Merkury","Funda-7-para-Tablet-+-Lapiz",NA,"S/ 29.90"
"2017-08-30","cómputo","falabella","Samsonite","Mochila-Porta-Laptop-Locus-Backpack-VII-Negro",NA,"S/ 329"
"2017-08-30","cómputo","falabella","Targus","Mochila-Sport-Backpack-15,6-Azul",NA,"S/ 69"
"2017-08-30","cómputo","falabella","Wacom","Tablet-Digital-Intuos-Art-Small",NA,"S/ 479"
"2017-08-30","cómputo","falabella","Logitech","Mouse-Optico-Wireless-M280-Rojo",NA,"S/ 69.90"
"2017-08-30","cómputo","falabella","HP","Tinta-670-XL-CZ117AL-Negro",NA,"S/ 73.50"
"2017-08-30","cómputo","falabella","Merkury","Funda-Tablet-7-8-+-Lapiz-Pantalla-Tactil-Stylus",NA,"S/ 29.90"
"2017-08-30","cómputo","falabella","Fiddler","Cable-Audio-Mini-Plug-1,8-m",NA,"S/ 12.90"
"2017-08-30","cómputo","falabella","HP","Notebook-A10-16GB-1TB-14''",NA,"S/ 2,099"
"2017-08-30","cómputo","falabella","AOC","Monitor-27''","S/ 969","S/ 699"
"2017-08-30","cómputo","falabella","Targus","Mochila-City-Azul",NA,"S/ 69.90"
"2017-08-30","cómputo","falabella","HP","All-in-One-19,5-Intel-Core-i3-4-GB-1-TB-Blanco",NA,"S/ 1,999"
"2017-08-30","cómputo","falabella","Advance","Tablet-7-TR4885-3G-Quad-Core-2-GB-8-GB-Rosado-+-Mochila",NA,"S/ 299"
"2017-08-30","cómputo","falabella","AKRacing","Silla-Gamer-Ergonomica-Blanco",NA,"S/ 829"
"2017-08-30","cómputo","falabella","Targus","Maletin-para-Notebook-16''-CN31US",NA,"S/ 79.90"
"2017-08-30","cómputo","falabella","Casio","Calculadora-Cientifica-FX-350-EX",NA,"S/ 59"
"2017-08-30","cómputo","falabella","Epson","Cartucho-de-Tinta-T196220-Cian",NA,"S/ 39.90"
"2017-08-30","cómputo","falabella","HP","Notebook-13,3-Intel-Core-i5-8-GB-256-GB-SDD-Silver",NA,"S/ 4,999"
"2017-08-30","cómputo","falabella","Butrich","Skin-Bolas-13p",NA,"S/ 79"
"2017-08-30","cómputo","falabella","HP","Tinta-122-CH562HL-Tricolor",NA,"S/ 61"
"2017-08-30","cómputo","falabella","AKG","Microfono-inalambrico-WMS40-US25C",NA,"S/ 579"
"2017-08-30","cómputo","falabella","Exin","CPU-para-Gamers-Defender-73",NA,"S/ 3,359"
"2017-08-30","cómputo","falabella","Razer","Mouse-ABYSSUS-V2-Negro",NA,"S/ 229"
"2017-08-30","cómputo","falabella","Ddesign","Mochila-para-Notebook-15,6-16600-Gris","S/ 79","S/ 59"
"2017-08-30","cómputo","falabella","Logitech","Mouse-M185-Wireless-Gris",NA,"S/ 54.90"
"2017-08-30","cómputo","falabella","Sandisk","USB-Ultra-Dual-Drive-16GB",NA,"S/ 49.90"
"2017-08-30","cómputo","falabella","XYZPrinting","Cable-para-Impresora-Amarillo-DAVINCI-JR1.1",NA,"S/ 169"
"2017-08-30","cómputo","falabella","Sakar","Spiderman-Tablet-Sleeve-7-",NA,"S/ 29.90"
"2017-08-30","cómputo","falabella","AKG","Microfono-alambrico-P5",NA,"S/ 199"
"2017-08-30","cómputo","falabella","Sandisk","Memoria-USB-Cruzer-Blade-8-GB",NA,"S/ 19.90"
"2017-08-30","cómputo","falabella","Microsoft","Mouse-Sculpt-Mobile-Windows-Rosado",NA,"S/ 109"
"2017-08-30","cómputo","falabella","AKRacing","Silla-Gamer-Titan-Series-Negro",NA,"S/ 1,599"
"2017-08-30","cómputo","falabella","Epson","Tinta-T133320-Magenta",NA,"S/ 39.90"
"2017-08-30","cómputo","falabella","Dell","Notebook-Inspiron-7000-Intel-Core-i7-8GB-1TB-Gris",NA,"S/ 4,099"
"2017-08-30","cómputo","falabella","Logitech","Mouse-Gamer-G602-Inalambrico",NA,"S/ 299"
"2017-08-30","cómputo","falabella","Microsoft","Mouse-inalambrico-1850-Negro",NA,"S/ 59"
"2017-08-30","cómputo","falabella","Case Logic","Funda-Neopreno-Laptop-14-",NA,"S/ 89"
"2017-08-30","cómputo","falabella","HP","Notebook-A9-15''-12GB-1-TB-Gold","S/ 1,999","S/ 1,899"
"2017-08-30","cómputo","falabella","Magix","Insumo-Lapicero-3D-Amarillo",NA,"S/ 9.90"
"2017-08-30","cómputo","falabella","Samsung","Funda-Samsung-Book-Cover-Tab-3.7-Negro",NA,"S/ 139"
"2017-08-30","cómputo","falabella","Roccat","Teclado-Ryos-MK-Pro-Rojo",NA,"S/ 549.90"
"2017-08-30","cómputo","falabella","Logitech","Audifono-Gamer-G633-Artemis-Fire",NA,"S/ 499"
"2017-08-30","cómputo","falabella","Butrich","Skin-Corazon-Gigante-13p",NA,"S/ 79"
"2017-08-30","cómputo","falabella","Targus","Protector-De-Pantalla-Digi",NA,"S/ 9.90"
"2017-08-30","cómputo","falabella","Roccat","Mouse-Lua-Negro",NA,"S/ 119.90"
"2017-08-30","cómputo","falabella","Dell","Notebook-i7-7500U-8GB-1TB-W10-15.6''","S/ 3,499","S/ 3,199"
"2017-08-30","cómputo","falabella","HP","Tinta-904XL-Amarillo-Original-Ink",NA,"S/ 55.90"
"2017-08-30","cómputo","falabella","Lexar","USB-S45-32GB-3.0-SMALL",NA,"S/ 44.90"
"2017-08-30","cómputo","falabella","HP","Notebook-15,6-Full-HD-Intel-Core-i5-8-GB-1-TB",NA,"S/ 3,999"
"2017-08-30","cómputo","falabella","Ddesign","Mochila-para-Notebook-15,6-DK-Gris-Azul",NA,"S/ 99"
"2017-08-30","cómputo","falabella","Dell","Notebook-14-Intel-Core-i3-6-GB-1-TB-Negro",NA,"S/ 1,699"
"2017-08-30","cómputo","falabella","LG","Monitor-LED-29-UltraWide-Full-HD-IPS-Gaming",NA,"S/ 1,499"
"2017-08-30","cómputo","falabella","LG","Monitor-29-Curvo-29UC88-Negro",NA,"S/ 1,999"
"2017-08-30","cómputo","falabella","Merkury","Funda-para-Tablet-7-Mb",NA,"S/ 19.90"
"2017-08-30","cómputo","falabella","Epson","Cartucho-de-Tinta-T117120-Negra",NA,"S/ 24.90"
"2017-08-30","cómputo","falabella","Lenovo","Tablet-6,4-Phab-2-Pro-4-GB-64-GB-8MP-16-MP-Dorado","S/ 1,899","S/ 1,599"
"2017-08-30","cómputo","falabella","Wacom","Tablet-Digital-13,3-Cintiq-HD-Creative-Pen",NA,"S/ 3,999"
"2017-08-30","cómputo","falabella","HP","Tinta-46-Negro-Tripack",NA,"S/ 82.90"
"2017-08-30","cómputo","falabella","Sakar","MH-7-Universal-Portfolio-Case",NA,"S/ 29.90"
"2017-08-30","cómputo","falabella","WTF","Smart-Sticker-Zebra","S/ 39.90","S/ 24.90"
"2017-08-30","cómputo","falabella","Razer","Pad-Mouse-Goliathus-GRAVITY-SMALL",NA,"S/ 79.90"
"2017-08-30","cómputo","falabella","Genius","Mouse-Inalambrico-NX-7015-Marron",NA,"S/ 44.90"
"2017-08-30","cómputo","falabella","Targus","Mochila-Compact-Rolling-16''",NA,"S/ 259"
"2017-08-30","cómputo","falabella","Perfect Choise","Funda-Tablet-10-Negro",NA,"S/ 9.90"
"2017-08-30","cómputo","falabella","TP-Link","Extensor-de-Rango-Inalambrico-N-300Mbps",NA,"S/ 149"
"2017-08-30","cómputo","falabella","Wacom","Tablet-Digital-27-Cintiq-QHD-Creative-Pentouch",NA,"S/ 12,399"
"2017-08-30","cómputo","falabella","Case Logic","Mochila-Sport-DLBP-116-porta-laptop-hasta-16-",NA,"S/ 179"
"2017-08-30","cómputo","falabella","Brother","Impresora-Multifuncional-Laser-Monocromatica-DCP1602",NA,"S/ 419"
"2017-08-30","cómputo","falabella","TotoLink","Router-Inalambrico-N151RT-Blanco",NA,"S/ 89"
"2017-08-30","cómputo","falabella","Leotec","Tablet-10,1-Supernova-I3G",NA,"S/ 399"
"2017-08-30","cómputo","falabella","Skullcandy","Mochila-SKDY8018",NA,"S/ 199"
"2017-08-30","cómputo","falabella","Samsung","Tablet-Tab-S2-8''-Dorada",NA,"S/ 1,499"
"2017-08-30","cómputo","falabella","Genius","Teclado-Scorpion-K220-Negro",NA,"S/ 59"
"2017-08-30","cómputo","falabella","Genius","Teclado-SCORPION-K6-USB-Negro",NA,"S/ 84.90"
"2017-08-30","cómputo","falabella","HP","Tinta-662-XL-CZ106AL-Tricolor",NA,"S/ 110.50"
"2017-08-30","cómputo","falabella","Sakar","Spiderman-7-Universal-Portafolio-Case",NA,"S/ 29.90"
"2017-08-30","cómputo","falabella","Razer","KIT-TECLADO+MOUSE-CYCLOSA-ABYSUSS-Negro",NA,"S/ 289.90"
"2017-08-30","cómputo","falabella","Epson","Cartucho-de-Tinta-T195120-Negro",NA,"S/ 24.90"
"2017-08-30","cómputo","falabella","Dlink","Router-Ethernet-NWDLDIR905L",NA,"S/ 99"
"2017-08-30","cómputo","falabella","3ras Partes","Mouse-Gamer-RAT-1","S/ 499","S/ 79"
"2017-08-30","cómputo","falabella","Skill","Mochila-+-Mouse-+-Audifonos",NA,"S/ 69"
"2017-08-30","cómputo","falabella","Skullcandy","Mochila-Skullcandy-SKDY1163-BLCK4-Negro",NA,"S/ 169.90"
"2017-08-30","cómputo","falabella","Easy Line","Funda-reversible-15.4''",NA,"S/ 24.90"
"2017-08-30","cómputo","falabella","Fiddler","Teclado-Universar-Color-Ne",NA,"S/ 24.90"
"2017-08-30","cómputo","falabella","XYZPrinting","Cable-para-Impresora-Gris-DAVINCI-JR1.1",NA,"S/ 169"
"2017-08-30","cómputo","falabella","TP-Link","Extensor-de-Rango-Wi-Fi-AC1750",NA,"S/ 449"
"2017-08-30","cómputo","falabella","Roccat","Teclado-Ryos-MK-Pro-Azul",NA,"S/ 549.90"
"2017-08-30","cómputo","falabella","Roccat","Teclado-Isku-Negro",NA,"S/ 269.90"
"2017-08-30","cómputo","falabella","Ddesign","Mochila-para-Notebook-15,6-DK-Verde-Gris",NA,"S/ 99"
"2017-08-30","cómputo","falabella","Case Logic","Funda-para-Tablets-TS-108-de-7-y-8-",NA,"S/ 29.90"
"2017-08-30","cómputo","falabella","Razer","Pad-Mouse-Goliathus-TERRA-LARGE",NA,"S/ 129.90"
"2017-08-30","cómputo","falabella","Genius","Mouse-Inalambrico-NX-7000-Blanco","S/ 34.90","S/ 29.90"
"2017-08-30","cómputo","falabella","Acer","Notebook-15,6-Intel-Core-i7-12GB-1TB","S/ 4,099","S/ 3,999"
"2017-08-30","cómputo","falabella","Butrich","Skin-Corazon-y-Rayas-13p",NA,"S/ 79"
"2017-08-30","cómputo","falabella","TP-Link","Router-Inalambrico-Gigabit-con-Pantalla-Touch-AC1900",NA,"S/ 999"
"2017-08-30","cómputo","falabella","Razer","Pad-Mouse-Goliathus-FISSURE-SMALL",NA,"S/ 79.90"
"2017-08-30","cómputo","falabella","Genius","Mouse-Retractil-Micro-Traveler-Silver",NA,"S/ 32.90"
"2017-08-30","cómputo","falabella","TP-Link","Switch-de-Escritorio-de-8-Puertos-de-10-100Mbps",NA,"S/ 54"
"2017-08-30","cómputo","falabella","Dell","Notebook-Intel-Core-i3-6GB-1TB-14-Negro",NA,"S/ 1,599"
"2017-08-30","cómputo","falabella","Microsoft","Mouse-Wireless-Mobile-Gris-Oscuro",NA,"S/ 109"
"2017-08-30","cómputo","falabella","Targus","Mochila-+-Kit-Escolar",NA,"S/ 159.90"
"2017-08-30","cómputo","falabella","HP","Tinta-664-Tricolor",NA,"S/ 41.90"
"2017-08-30","cómputo","falabella","Leotec","Repetidor-de-Punto-de-Acceso-Router-Negro",NA,"S/ 99"
"2017-08-30","cómputo","falabella","Casio","Calculadora-Estandar-Fx350la-Plus",NA,"S/ 42.90"
"2017-08-30","cómputo","falabella","Genius","Mouse-Micro-Traveler-9000R-Negro",NA,"S/ 79.90"
"2017-08-30","cómputo","falabella","Macrotel","Transformador-para-aparatos-electricos",NA,"S/ 19.90"
"2017-08-30","cómputo","falabella","Targus","Mochila-Grid-Essentials-18L-16''",NA,"S/ 219"
"2017-08-30","cómputo","falabella","TP-Link","Switch-de-escritorio-de-5-puertos-10-100",NA,"S/ 44"
"2017-08-30","cómputo","falabella","Roccat","Mouse-Nyth-Negro",NA,"S/ 473.90"
"2017-08-30","cómputo","falabella","Samsung","Monitor-Plano-20-LS20D300-HD",NA,"S/ 359"
"2017-08-30","cómputo","falabella","Merkury","Funda-para-Tablet-+-Lapiz",NA,"S/ 29.90"
"2017-08-30","cómputo","falabella","Microsoft","Mouse-Compact-Optical-500",NA,"S/ 49"
"2017-08-30","cómputo","falabella","Ddesign","Soporte-para-Auto-de-Celulares",NA,"S/ 9.90"
"2017-08-30","cómputo","falabella","Targus","Mochila-Sport-Backpack-15,6-Rojo",NA,"S/ 69"
"2017-08-30","cómputo","falabella","Wacom","Tablet-Digital-Intuos-Art-Medium",NA,"S/ 899"
"2017-08-30","cómputo","falabella","Logitech","Mouse-M280-Inalambrico-Gris",NA,"S/ 69.90"
"2017-08-30","cómputo","falabella","HP","Tinta-670-XL-CZ119AL-Magenta",NA,"S/ 73.50"
"2017-08-30","cómputo","falabella","Asus","Notebook-15,6-Ci5-+-Office-365-+-Mouse-+-Audifono","S/ 2,699","S/ 1,999"
"2017-08-30","cómputo","falabella","Leotec","Teclado-Inalambrico-2,4-GHz-Touch",NA,"S/ 110"
"2017-08-30","cómputo","falabella","Brother","Impresora-Multifuncional-DCPT300",NA,"S/ 699"
"2017-08-30","cómputo","falabella","Bit Defender","Antivirus-Internet-para-2-PC",NA,"S/ 119"
"2017-08-30","cómputo","falabella","Merkury","Lapiz-para-Pantalla-Tactil-Hula-Black",NA,"S/ 9.90"
"2017-08-30","cómputo","falabella","Acer","Notebook-Intel-Celeron-3350-4GB-500GB-15.6''","S/ 1,199","S/ 1,099"
"2017-08-30","cómputo","falabella","TotoLink","Router-Inalambrico-1004-Blanco",NA,"S/ 179"
"2017-08-30","cómputo","falabella","HP","Notebook-CI7-7700-12GB-1TB-17''",NA,"S/ 4,799"
"2017-08-30","cómputo","falabella","HP","Botella-de-Tinta-Magenta-GT52",NA,"S/ 34.90"
"2017-08-30","cómputo","falabella","Apple","MacBook-Air-13,3-Intel-Core-i5-8-GB-128-GB","S/ 4,199","S/ 3,499"
"2017-08-30","cómputo","falabella","Macrotel","Cable-Estereo-RCA-MA-1420PRO",NA,"S/ 12.90"
"2017-08-30","cómputo","falabella","HP","Mouse-X7Z96AA-Omen-con-Steel-Negro",NA,"S/ 279"
"2017-08-30","cómputo","falabella","Case Logic","Mochila-Porta-Laptop-16-",NA,"S/ 249"
"2017-08-30","cómputo","falabella","HP","All-in-One-23,8-AMD-A9-6-GB-1-TB-Silver",NA,"S/ 2,499"
"2017-08-30","cómputo","falabella","Leotec","TV-Box-Android-PC-4K-Octa-Core-2-GB-16-GB",NA,"S/ 349"
"2017-08-30","cómputo","falabella","Skullcandy","Mochila-SKDY8019-MR-Student",NA,"S/ 249"
"2017-08-30","cómputo","falabella","Samsung","Tablet-Galaxy-Tab-de-7''-8GB-Negro",NA,"S/ 599"
"2017-08-30","cómputo","falabella","Macrotel","Cargador-de-Pilas-+-2-Pilas",NA,"S/ 25.90"
"2017-08-30","cómputo","falabella","Case Logic","Folio-para-Tablet-7-",NA,"S/ 49"
"2017-08-30","cómputo","falabella","Advance","Tablet-7-TR4885-3G-Quad-Core-2-GB-8-GB-Amarillo-+-Mochila",NA,"S/ 299"
"2017-08-30","cómputo","falabella","AKRacing","Silla-Gamer-ProX-Series-Negro",NA,"S/ 1,199"
"2017-08-30","cómputo","falabella","Targus","Mochila-para-Laptop-Backpack-16-Negro",NA,"S/ 79.90"
"2017-08-30","cómputo","falabella","Epson","Tinta-para-Impresora-T073120-Negro",NA,"S/ 34.90"
"2017-08-30","cómputo","falabella","HP","Monitor-V5E94AA-18,5-",NA,"S/ 499"
"2017-08-30","cómputo","falabella","WTF","Smart-Sticker-Triang-GEO-04","S/ 39.90","S/ 24.90"
"2017-08-30","cómputo","falabella","Casio","Calculadora-de-Mesa-MX-8B-BK",NA,"S/ 18.50"
"2017-08-30","cómputo","falabella","Neffos","Carcasa-Neffos-C5",NA,"S/ 17.90"
"2017-08-30","cómputo","falabella","Targus","Mochila-CitySmart-15.6-Negro",NA,"S/ 139"
"2017-08-30","cómputo","falabella","Epson","Cartucho-de-Tinta-T196320-Magenta",NA,"S/ 39.90"
"2017-08-30","cómputo","falabella","Razer","Mochila-Rogue-14-Negro",NA,"S/ 499.90"
"2017-08-30","cómputo","falabella","HP","Tinta-670-CZ114AL-Cyan",NA,"S/ 41.90"
"2017-08-30","cómputo","falabella","HP","Notebook-13,3-Intel-Core-i5-8-GB-256-GB-SDD-Gris",NA,"S/ 4,999"
"2017-08-30","cómputo","falabella","Butrich","Skin-Bolas-14p",NA,"S/ 79"
"2017-08-30","cómputo","falabella","Lexar","USB-S50-32GB-2.0",NA,"S/ 57.90"
"2017-08-30","cómputo","falabella","Sakar","Bolso-para-Tablet-11-Avenger-Ultron",NA,"S/ 49.90"
"2017-08-30","cómputo","falabella","AKG","Microfono-inalambrico-WMS40-US25D",NA,"S/ 579"
"2017-08-30","cómputo","falabella","Case Logic","Mochila-Porta-Laptop-17-",NA,"S/ 139"
"2017-08-30","cómputo","falabella","Exin","CPU-para-Gamers-Defender-74",NA,"S/ 4,189"
"2017-08-30","cómputo","falabella","Razer","Mouse-Deathadder-ELITE-Negro",NA,"S/ 349"
"2017-08-30","cómputo","falabella","Tp-link","Acces-Point-NWTLWA901N",NA,"S/ 139"
"2017-08-30","cómputo","falabella","Razer","Teclado-BLACKWIDOW-OVEW-Negro",NA,"S/ 869"
"2017-08-30","cómputo","falabella","Logitech","Mouse-M185-Wireless-Azul",NA,"S/ 54.90"
"2017-08-30","cómputo","falabella","Sandisk","USB-Ultra-Dual-Drive-32GB",NA,"S/ 79.90"
"2017-08-30","cómputo","falabella","Advance","Tablet-7-TR4885-3G-Quad-Core-2-GB-8-GB-Celeste-+-Mochila",NA,"S/ 299"
"2017-08-30","cómputo","falabella","HP","Notebook-13,3-Intel-Core-i3-4-GB-500-GB-Silver","S/ 1,999","S/ 1,899"
"2017-08-30","cómputo","falabella","Epson","Cartucho-de-T195320-Magenta",NA,"S/ 34.90"
"2017-08-30","cómputo","falabella","Dell","Notebook-15,6-Intel-Core-i5-8-GB-1-TB-Silver","S/ 2,799","S/ 2,599"
"2017-08-30","cómputo","falabella","AKG","Microfono-inalambrico-WMS40-US25A",NA,"S/ 579"
"2017-08-30","cómputo","falabella","Leotec","Cargador-de-Tablet-LECTAB5VUSB",NA,"S/ 29"
"2017-08-30","cómputo","falabella","Sandisk","Memoria-USB-Cruzer-Blade-16-GB","S/ 29.90","S/ 26.90"
"2017-08-30","cómputo","falabella","Epson","Cartucho-de-Tinta-T133420-color-amarillo",NA,"S/ 39.90"
"2017-08-30","cómputo","falabella","Logitech","Audifono-Gamers-G230",NA,"S/ 249"
"2017-08-30","cómputo","falabella","HP","Notebook-14-Intel-Core-i7-8-GB-1-TB-Full-HD-Silver",NA,"S/ 2,999"
"2017-08-30","cómputo","falabella","Epson","Tinta-Negro-T296120-AL-Xpression",NA,"S/ 17.94"
"2017-08-30","cómputo","falabella","Built","Funda-para-Tablet-7-8-E-ES8-MNV",NA,"S/ 29.90"
"2017-08-30","cómputo","falabella","Fiddler","Mouse-Optico-Retractil-USB-Azul",NA,"S/ 15.90"
"2017-08-30","cómputo","falabella","Genius","Audifonos-c-Microfono-HS-G500V",NA,"S/ 69.90"
"2017-08-30","cómputo","falabella","TP-Link","Extensor-Powerline-Wi-Fi-300Mbps-AV500-Kit-de-Inicio",NA,"S/ 329"
"2017-08-30","cómputo","falabella","Case Logic","Mochila-para-Laptop-15,6-y-Tablet",NA,"S/ 249"
"2017-08-30","cómputo","falabella","Microsoft","Programa-Office-Home-and-Student-2016",NA,"S/ 389"
"2017-08-30","cómputo","falabella","Alcatel","Tablet-Pixi3-7''-4G-LTE-Negro",NA,"S/ 399"
"2017-08-30","cómputo","falabella","Skullcandy","Mochila-SKDY1163-BLCK3-Negro",NA,"S/ 169.90"
"2017-08-30","cómputo","falabella","Benq","Monitor-LCD-24-RL2455HM-Negro","S/ 982.23","S/ 699"
"2017-08-30","cómputo","falabella","Canon","Impresora-Multifuncional-MG-3010-Wifi",NA,"S/ 259"
"2017-08-30","cómputo","falabella","Skullcandy","Mochila-SKDY1163-Azul",NA,"S/ 169.90"
"2017-08-30","cómputo","falabella","Logitech","Teclado-Wireless-Touch-Keyboard-K400-Negro",NA,"S/ 159.90"
"2017-08-30","cómputo","falabella","Magix","Insumo-Lapicero-3D-Verde",NA,"S/ 9.90"
"2017-08-30","cómputo","falabella","Roccat","Teclado-Ryos-MK-Glow-Negro",NA,"S/ 475.90"
"2017-08-30","cómputo","falabella","Logitech","Teclado-Gamer-G105-USB-Negro",NA,"S/ 249"
"2017-08-30","cómputo","falabella","Butrich","Skin-Corazon-Gigante-14p",NA,"S/ 79"
"2017-08-30","cómputo","falabella","TP-Link","Extensor-de-Rango-Wi-Fi-AC750",NA,"S/ 219"
"2017-08-30","cómputo","falabella","Asus","Notebook-15,6-Intel-Core-i5-7200U-6GB-1TB-2GB-Video","S/ 2,399","S/ 1,899"
"2017-08-30","cómputo","falabella","Leotec","Router-3G-Wifi-Micro-SD-Compartida",NA,"S/ 179"
"2017-08-30","cómputo","falabella","Roccat","Mouse-Kova-Negro",NA,"S/ 199.90"
"2017-08-30","cómputo","falabella","Merkury","Funda-Tablet-10-+-Lapiz-Stylus",NA,"S/ 29.90"
"2017-08-30","cómputo","falabella","Logitech","Mouse-Optico-Wireless-M280-Azul",NA,"S/ 69.90"
"2017-08-30","cómputo","falabella","Asus","Notebook-X541UA-GO635T-Intel-Core-i5",NA,"S/ 2,099"
"2017-08-30","cómputo","falabella","Fiddler","Mochila-para-Laptop-15-Naranja",NA,"S/ 89.90"
"2017-08-30","cómputo","falabella","Duracell","Cargador-de-Pared-BZ739-Lightning","S/ 69.90","S/ 19.90"
"2017-08-30","cómputo","falabella","AKRacing","Silla-Gamer-Player-Series-Rojo",NA,"S/ 859"
"2017-08-30","cómputo","falabella","Targus","Mochila-Porta-Laptop-15,6-TSB226LA-Negro",NA,"S/ 149"
"2017-08-30","cómputo","falabella","Lexar","USB-M20C-16-GB-3-1-Tipo-C",NA,"S/ 49.90"
"2017-08-30","cómputo","falabella","HP","Notebook-15,6-Full-HD-Intel-Core-i7-12-GB-1-TB",NA,"S/ 4,699"
"2017-08-30","cómputo","falabella","Butrich","Cartera-Fucsia-+-Dorado",NA,"S/ 799"
"2017-08-30","cómputo","falabella","Exin","CPU-para-Gamers-Defender-71",NA,"S/ 3,209"
"2017-08-30","cómputo","falabella","Ddesign","Mochila-para-Notebook-15,6-16600-Gris",NA,"S/ 79"
"2017-08-30","cómputo","falabella","Skill","Funda-para-laptop-14''-Black-Origami",NA,"S/ 19.90"
"2017-08-30","cómputo","falabella","Genius","Mouse-Dx-110-Usb-Optico-Azul",NA,"S/ 19.90"
"2017-08-30","cómputo","falabella","XYZPrinting","Cable-para-Impresora-Verde-DAVINCI-JR1.1",NA,"S/ 169"
"2017-08-30","cómputo","falabella","Ddesign","Soporte-para-Auto-de-Celulares",NA,"S/ 16.90"
"2017-08-30","cómputo","falabella","Targus","Cooler-para-Notebook-Chill-Matt-15.4''",NA,"S/ 69"
"2017-08-30","cómputo","falabella","Epson","Tinta-T133120-Negra",NA,"S/ 39.90"
"2017-08-30","cómputo","falabella","Epson","Tinta-Negro-T297120-AL-Xpression",NA,"S/ 32.34"
"2017-08-30","cómputo","falabella","HP","Impresora-Multifuncional-GT-5820-Wifi",NA,"S/ 749"
"2017-08-30","cómputo","falabella","TP-Link","Punto-de-Acceso-Inalambrico-N-450Mbps",NA,"S/ 209"
"2017-08-30","cómputo","falabella","Lenovo","Notebook-Intel-Core-i7-16G1TB-4G-17''-GTX960-Negro",NA,"S/ 5,999"
"2017-08-30","cómputo","falabella","Roccat","Teclado-Ryos-MK-Pro-Marron",NA,"S/ 549.90"
"2017-08-30","cómputo","falabella","Roccat","Teclado-Isku-FX-Blanco",NA,"S/ 394.90"
"2017-08-30","cómputo","falabella","HP","Tinta-904XL-Magenta-Original-Ink",NA,"S/ 55.90"
"2017-08-30","cómputo","falabella","Ddesign","Mochila-para-Notebook-15,6-16117-Negro",NA,"S/ 99"
"2017-08-30","cómputo","falabella","Merkury","Funda-para-Tablet-10''",NA,"S/ 19.90"
"2017-08-30","cómputo","falabella","Samsung","Monitor-Gaming-Curvo-27-LC27FG70",NA,"S/ 1,899"
"2017-08-30","cómputo","falabella","Razer","Pad-Mouse-Goliathus-TERRA-SMALL",NA,"S/ 79.90"
"2017-08-30","cómputo","falabella","Genius","Mouse-Inalambrico-NX-7015-Gris",NA,"S/ 44.90"
"2017-08-30","cómputo","falabella","Philips","Soporte-Celular-para-carro-con-chupon","S/ 49","S/ 29"
"2017-08-30","cómputo","falabella","Motorola","Radio-2-vias-T400PE",NA,"S/ 449"
"2017-08-30","cómputo","falabella","Perfect Choise","Funda-Tablet-7-Negro",NA,"S/ 9.90"
"2017-08-30","cómputo","falabella","Brother","Impresora-Multifuncional-A3-Inyeccion-color",NA,"S/ 1,389"
"2017-08-30","cómputo","falabella","TotoLink","Router-Inalambrico-N200RE-Blanco",NA,"S/ 69"
"2017-08-30","cómputo","falabella","Leotec","Tablet-10,1-Supernova-I3G",NA,"S/ 419"
"2017-08-30","cómputo","falabella","Samsung","Tablet-Tab-S2-8''-Negro",NA,"S/ 1,499"
"2017-08-30","cómputo","falabella","HP","Tinta-662-XL-CZ105AL-Negro",NA,"S/ 88.90"
"2017-08-30","cómputo","falabella","Sakar","Funda-Case-Universal-Princesa-7''",NA,"S/ 29.90"
"2017-08-30","cómputo","falabella","Leotec","Teclado-Mini-Plegable-Blanco",NA,"S/ 109"
"2017-08-30","cómputo","falabella","Built","Funda-para-Tablet-8-E-ES8-BLK",NA,"S/ 29.90"
"2017-08-30","cómputo","falabella","Butrich","Skin-Corazon-y-Rayas-15.6p",NA,"S/ 79"
"2017-08-30","cómputo","falabella","Skullcandy","Mochila-Hiker-Roll-Top-SKDY8018-Negro",NA,"S/ 199.90"
"2017-08-30","cómputo","falabella","Targus","Mochila-Seoul-15.6''-Negro",NA,"S/ 159"
"2017-08-30","cómputo","falabella","TP-Link","Router-Gigabit-de-Banda-Dual-Inalambrico-AC1750",NA,"S/ 599"
"2017-08-30","cómputo","falabella","Roccat","Teclado-Suora-FX-Anti-Ghosting-Negro",NA,"S/ 549.90"
"2017-08-30","cómputo","falabella","Razer","Pad-Mouse-Goliathus-COSMIC-MEDIUM",NA,"S/ 104.90"
"2017-08-30","cómputo","falabella","Genius","Mouse-Inalambrico-NX-7000-Negro","S/ 34.90","S/ 29.90"
"2017-08-30","cómputo","falabella","TP-Link","Router-Inalambrico-Tri-Banda-Gigabit-AC3200",NA,"S/ 1,099"
"2017-08-30","cómputo","falabella","Asus","Notebook-Ci7-6500U-8G-512G-12.5''-W10-Gris",NA,"S/ 5,499"
"2017-08-30","cómputo","falabella","Razer","Pad-Mouse-Goliathus-MOBILY-SOFT-SMALL",NA,"S/ 39.90"
"2017-08-30","cómputo","falabella","HP","Tinta-664-Negro",NA,"S/ 41.90"
"2017-08-30","cómputo","falabella","Genius","Mouse-Inalambrico-NX-7015-Dorado",NA,"S/ 44.90"
"2017-08-30","cómputo","falabella","Vtech","Monitor-bebe-VM311",NA,"S/ 399"
"2017-08-30","cómputo","falabella","Perfect Choise","Kit-Funda-Laptop-+-Mouse-Retractil-B-F-14-Gris",NA,"S/ 29.90"
"2017-08-30","cómputo","falabella","TP-Link","Router-inalambrico-N-450Mbps",NA,"S/ 199"
"2017-08-30","cómputo","falabella","Samsung","Monitor-Plano-19-LS19F355-HD",NA,"S/ 319"
"2017-08-30","cómputo","falabella","Dell","Notebook-I7-6700HQ-8GB-1TB-GTX960",NA,"S/ 3,699"
"2017-08-30","cómputo","falabella","Brother","Impresora-Multifuncional-Laser-Monocromatica-DCP1617NW",NA,"S/ 599"
"2017-08-30","cómputo","falabella","Kasperky","Antivirus-Internet-para-1-PC",NA,"S/ 159"
"2017-08-30","cómputo","falabella","Asus","Notebook-Ci5-7200U-8G-256G-13.3''-Gris","S/ 3,899","S/ 3,699"
"2017-08-30","cómputo","falabella","TotoLink","Router-Inalambrico-N300RH-Blanco",NA,"S/ 179"
"2017-08-30","cómputo","falabella","Macrotel","Pilas-2-Hibridas-AA-2700-M",NA,"S/ 29.90"
"2017-08-30","cómputo","falabella","HP","Botella-de-Tinta-Amarillo-GT52",NA,"S/ 34.90"
"2017-08-30","cómputo","falabella","Samsonite","Mochila-Portafolio-Nasdaq-331NE",NA,"S/ 169"
"2017-08-30","cómputo","falabella","Leotec","TV-Box-Android-PC-4K-Quad-Core-1-GB-8-GB",NA,"S/ 225"
"2017-08-30","cómputo","falabella","Skullcandy","Mochila-SKDY8019-FLR-Student",NA,"S/ 249"
"2017-08-30","cómputo","falabella","Samsung","Tablet-9,7-Galaxy-Tab-S2-3-GB-32-GB-Negro",NA,"S/ 1,899"
"2017-08-30","cómputo","falabella","Golla","Bolso-Mae-G1447-para-equipos-de-11-Beige",NA,"S/ 159"
"2017-08-30","cómputo","falabella","Genius","Teclado-Slimstar-KB-8000X",NA,"S/ 79.90"
"2017-08-30","cómputo","falabella","Macrotel","Pack-2-Pilas-Recargables-AA-+-2-Pilas-Recargables-AAA",NA,"S/ 16.90"
"2017-08-30","cómputo","falabella","Fiddler","Teclado-FD-STBK05S-Bluetooth-3.0",NA,"S/ 69.90"
"2017-08-30","cómputo","falabella","Asus","All-in-One-21,5-Intel-Core-i5-1-TB-8-GB-Full-HD",NA,"S/ 3,699"
"2017-08-30","cómputo","falabella","WTF","Smart-Sticker-Negro-COL-01","S/ 39.90","S/ 24.90"
"2017-08-30","cómputo","falabella","Genius","Teclado-SCORPION-K9-Negro",NA,"S/ 99.90"
"2017-08-30","cómputo","falabella","Creative","Mouse-X-SIEGEM04-USB-Negro",NA,"S/ 299.90"
"2017-08-30","cómputo","falabella","HP","Tinta-670-CZ113AL-Negro",NA,"S/ 41.90"
"2017-08-30","cómputo","falabella","Sakar","Bolso-morral-Frozen-11''",NA,"S/ 49.90"
"2017-08-30","cómputo","falabella","Lexar","USB-S50-16GB-2.0",NA,"S/ 33.90"
"2017-08-30","cómputo","falabella","Perfect Choise","Kit-Funda-para-Tablet-10,1-Azul",NA,"S/ 19.90"
"2017-08-30","cómputo","falabella","Tp-link","Acces-Point-NWTLWA701N",NA,"S/ 99"
"2017-08-30","cómputo","falabella","Samsung","Galaxy-Tab-E-7-Blanco",NA,"S/ 399"
"2017-08-30","cómputo","falabella","Razer","Teclado-ANANSI-Negro",NA,"S/ 549"
"2017-08-30","cómputo","falabella","Western Digital","Case-My-Passport-Negro",NA,"S/ 49.90"
"2017-08-30","cómputo","falabella","Epson","Cartucho-de-Tinta-T195220-Cian",NA,"S/ 34.90"
"2017-08-30","cómputo","falabella","Lenovo","Tablet-7''-Lenovo-de-8GB-Negro",NA,"S/ 299"
"2017-08-30","cómputo","falabella","HP","Notebook-15,6-AMD-HD-4GB-1TB-Windows-10","S/ 2,999","S/ 2,599"
"2017-08-30","cómputo","falabella","Dlink","Router-Ethernet-NWDIR-809",NA,"S/ 169"
"2017-08-30","cómputo","falabella","HP","Notebook-OMEN-15,6-Ci5-8GB-1TB-4GB-Video","S/ 3,799","S/ 2,999"
"2017-08-30","cómputo","falabella","Genius","Mouse-Dx-110-Usb-optico-Blanco",NA,"S/ 19.90"
"2017-08-30","cómputo","falabella","Microsoft","Programa-Office-365-Personal-32-64-bits","S/ 189","S/ 179"
"2017-08-30","cómputo","falabella","Alcatel","Tablet-Pixi3-7''-Smoke-Grey-+-Skin-C","S/ 229","S/ 199"
"2017-08-30","cómputo","falabella","Skullcandy","Mochila-SCPR107-Amarrillo",NA,"S/ 199.90"
"2017-08-30","cómputo","falabella","Benq","Monitor-LCD-27-XL2720Z-Negro","S/ 2,464.78","S/ 1,899"
"2017-08-30","cómputo","falabella","Logitech","Combo-Teclado-+-Mouse-Wireless-USB-Sp-Negro",NA,"S/ 89.90"
"2017-08-30","cómputo","falabella","TP-Link","Extensor-de-Powerline-WiFi-AV500-de-300Mbps",NA,"S/ 229"
"2017-08-30","cómputo","falabella","Apple","Ipad-Air-2-Wi-Fi-32GB-Silver",NA,"S/ 1,799"
"2017-08-30","cómputo","falabella","Asus","Notebook-13,3-Intel-Core-i3-Ultra-Slim-4-GB-1-TB-Full-HD","S/ 1,999","S/ 1,699"
"2017-08-30","cómputo","falabella","Merkury","Funda-Tablet-10-",NA,"S/ 29.90"
"2017-08-30","cómputo","falabella","Logitech","Mouse-Optico-Wireless-M280-Negro",NA,"S/ 69.90"
"2017-08-30","cómputo","falabella","Dell","Notebook-13,3-Intel-Core-i3-4-GB-500-GB-Gris",NA,"S/ 2,099"
"2017-08-30","cómputo","falabella","Fiddler","Mochila-para-Laptop-15-Azul",NA,"S/ 89.90"
"2017-08-30","cómputo","falabella","Roccat","MousePad-Hibrido-Sense",NA,"S/ 71.90"
"2017-08-30","cómputo","falabella","HP","Notebook-HP-13,3-Intel-Core-i3-+-Office-365","S/ 2,399","S/ 1,999"
"2017-08-30","cómputo","falabella","Fiddler","Cable-Lightning-a-USB",NA,"S/ 39.90"
"2017-08-30","cómputo","falabella","Exin","CPU-para-Gamers-Razor-77",NA,"S/ 3,829"
"2017-08-30","cómputo","falabella","Skill","Pad-Mouse-Descansador-Azul",NA,"S/ 12.90"
"2017-08-30","cómputo","falabella","Genius","Mouse-Dx-110-Usb-Optico-Negro",NA,"S/ 19.90"
"2017-08-30","cómputo","falabella","XYZPrinting","Cable-para-Impresora-Negro-DAVINCI-JR1.1",NA,"S/ 169"
"2017-08-30","cómputo","falabella","Epson","Tinta-Liquida-T664420-Amarillo","S/ 39.90","S/ 32.90"
"2017-08-30","cómputo","falabella","Epson","Cartucho-de-Tinta-T135120-Negra",NA,"S/ 29.90"
"2017-08-30","cómputo","falabella","TP-Link","Router-Inalambrico-Banda-dual-AC1200",NA,"S/ 319"
"2017-08-30","cómputo","falabella","Roccat","Teclado-Ryos-MK-Pro-Negro",NA,"S/ 549.90"
"2017-08-30","cómputo","falabella","Samsonite","Mochila-Porta-Laptop-Xenon-II-Backpack-15,6-Negro",NA,"S/ 299"
"2017-08-30","cómputo","falabella","Roccat","Teclado-Isku-FX-Negro",NA,"S/ 394.90"
"2017-08-30","cómputo","falabella","Sakar","Funda-para-iPad-SK-23009-BLK-Negro",NA,"S/ 39.90"
"2017-08-30","cómputo","falabella","Fiddler","Mouse-Inalambrico-Turquesa","S/ 29.90","S/ 24.90"
"2017-08-30","cómputo","falabella","HP","Tinta-904XL-Cyan-Original-Ink",NA,"S/ 55.90"
"2017-08-30","cómputo","falabella","Ddesign","Mochila-para-Notebook-15,6-16600-Azul",NA,"S/ 79"
"2017-08-30","cómputo","falabella","Merkury","Funda-para-Tablet-10-Mb",NA,"S/ 19.90"
"2017-08-30","cómputo","falabella","Samsung","Monitor-Gaming-Curvo-24-LC24FG70",NA,"S/ 1,499"
"2017-08-30","cómputo","falabella","Fiddler","Soporte-magnetico-para-Autos",NA,"S/ 24.90"
"2017-08-30","cómputo","falabella","Razer","Pad-Mouse-Goliathus-TERRA-MEDIUM",NA,"S/ 104.90"
"2017-08-30","cómputo","falabella","Genius","Mouse-Inalambrico-NX-7000-Rojo","S/ 34.90","S/ 29.90"
"2017-08-30","cómputo","falabella","Motorola","Radio-2-vias-T200PE",NA,"S/ 349"
"2017-08-30","cómputo","falabella","Samsung","Tablet-9,7-Galaxy-Tab-S3-Negro-+-Cover-Negro-F-SM-T820NZKAP",NA,"S/ 2,399"
"2017-08-30","cómputo","falabella","Merkury","Funda-para-Tablet-7-Tmc",NA,"S/ 19.90"
"2017-08-30","cómputo","falabella","TotoLink","Router-Inalambrico-N100RE-Blanco",NA,"S/ 69"
"2017-08-30","cómputo","falabella","Leotec","Tablet-10,1-Supernova-S16V4",NA,"S/ 299"
"2017-08-30","cómputo","falabella","HP","Tinta-662-CZ104AL-Tricolor",NA,"S/ 41.90"
"2017-08-30","cómputo","falabella","Butrich","Skin-Corazon-y-Rayas-14p",NA,"S/ 79"
"2017-08-30","cómputo","falabella","TP-Link","Router-Inalambrico-Banda-Dual-AC750",NA,"S/ 219"
"2017-08-30","cómputo","falabella","Roccat","Teclado-Suora-Retroiluminacion-FX",NA,"S/ 549.90"
"2017-08-30","cómputo","falabella","Razer","Pad-Mouse-Goliathus-COSMIC-SMALL",NA,"S/ 79.90"
"2017-08-30","cómputo","falabella","Genius","Mouse-Retractil-Micro-Traveler-Blanco",NA,"S/ 32.90"
"2017-08-30","cómputo","falabella","TP-Link","Adaptador-USB-Inalambrico-de-Alta-Potencia-150Mbps",NA,"S/ 89"
"2017-08-30","cómputo","falabella","Dell","Notebook-14-Intel-Core-i3-6-GB-1-TB-Azul",NA,"S/ 1,599"
"2017-08-30","cómputo","falabella","Microsoft","Mouse-Wireless-Mobile-3500-Negro",NA,"S/ 109"
"2017-08-30","cómputo","falabella","Fiddler","Soporte-Magnetico-universal-para-Autos","S/ 19.90","S/ 14.90"
"2017-08-30","cómputo","falabella","Logitech","Teclado-G610ORION-Negro",NA,"S/ 499.90"
"2017-08-30","cómputo","falabella","Leotec","Repetidor-de-Punto-de-Acceso-Router-Blanco",NA,"S/ 139"
"2017-08-30","cómputo","falabella","Kasperky","Antivirus-para-1-PC",NA,"S/ 99"
"2017-08-30","cómputo","falabella","Asus","Notebook-13-Intel-Core-i5-4-GB-500-GB-Windows-10-Gris",NA,"S/ 2,799"
"2017-08-30","cómputo","falabella","Macrotel","Pack-Pilas-Recargables-Aa",NA,"S/ 18.90"
"2017-08-30","cómputo","falabella","Casio","Calculadora-Estandar-Fx570la-Plus",NA,"S/ 69"
"2017-08-30","cómputo","falabella","Case Logic","Funda-Neopreno-para-Laptop-16-",NA,"S/ 89"
"2017-08-30","cómputo","falabella","Acer","Mouse-PAD-Predator-Gaming",NA,"S/ 109"
"2017-08-30","cómputo","falabella","Genius","Mouse-Micro-Traveler-9000R-Rosado",NA,"S/ 77.90"
"2017-08-30","cómputo","falabella","Macrotel","Cargador-+-4-pilas",NA,"S/ 38.90"
"2017-08-30","cómputo","falabella","Sakar","Funda-Para-Tablet-Hello-Kitty-7-Gris",NA,"S/ 39.90"
"2017-08-30","cómputo","falabella","Perfect Choise","Protector-De-Pantalla-Anti",NA,"S/ 19.90"
"2017-08-30","cómputo","falabella","Targus","Mochila-Mobile-VIP-Collection-15''",NA,"S/ 259"
"2017-08-30","cómputo","falabella","Lenovo","Notebook-15.6''-Intel-Core-i5-12-GB-1TB",NA,"S/ 3,199"
"2017-08-30","cómputo","falabella","Logitech","Mouse-Optico-Wireless-M317-Zigzag",NA,"S/ 99"
"2017-08-30","cómputo","falabella","TP-Link","Adaptador-USB-Inalambrico-de-Alta-Potencia-300Mbps",NA,"S/ 109"
"2017-08-30","cómputo","falabella","Apple","iPad-Pro-Wifi-256-GB-Gris-Espacial",NA,"S/ 3,399"
"2017-08-30","cómputo","falabella","Merkury","Lapiz-para-Pantalla-Tactil-Pen-Stylus-Gumball-Sunrise",NA,"S/ 9.90"
"2017-08-30","cómputo","falabella","Roccat","Audifono-Gamer-Estereo-On-Ear",NA,"S/ 236.90"
"2017-08-30","cómputo","falabella","Lenovo","Notebook-14-Ci7-4GB-1TB-Yoga510-+-Office-365","S/ 3,199","S/ 2,499"
"2017-08-30","cómputo","falabella","Acer","Notebook-Gamer-Predator-17-24GB-1TB-+-256SSD-Video","S/ 10,019","S/ 8,499"
"2017-08-30","cómputo","falabella","Fiddler","Cable-Micro-USB-a-USB","S/ 14.90","S/ 9.90"
"2017-08-30","cómputo","falabella","Exin","CPU-para-Gamers-Razor-74",NA,"S/ 2,879"
"2017-08-30","cómputo","falabella","Skill","Pad-Mouse-Descansador-Negro",NA,"S/ 12.90"
"2017-08-30","cómputo","falabella","Lenovo","Notebook-15,6-Ideapad-510-Intel-Core-i5-8-GB-1-TB-Gris",NA,"S/ 2,899"
"2017-08-30","cómputo","falabella","Fiddler","Cable-HDMI-30-AWG-1,8-m",NA,"S/ 19.90"
"2017-08-30","cómputo","falabella","Sandisk","Memoria-USB-Cruzer-Metal-16-GB",NA,"S/ 29.90"
"2017-08-30","cómputo","falabella","Case Logic","Mochila-para-Laptop-15,6-y-Tablet",NA,"S/ 199"
"2017-08-30","cómputo","falabella","Samsung","Monitor-Plano-22-LS22F350-Full-HD",NA,"S/ 429"
"2017-08-30","cómputo","falabella","Merkury","Funda-para-Tablet-10''",NA,"S/ 19.90"
"2017-08-30","cómputo","falabella","Toshiba","Disco-Duro-1TB-Canvio-Basica-3.0",NA,"S/ 249"
"2017-08-30","cómputo","falabella","TotoLink","Adaptador-de-Linea-Electrica-L200KIT-Blanco",NA,"S/ 79"
"2017-08-30","cómputo","falabella","Leotec","Tablet-10,1-Supernova-S16V4",NA,"S/ 329"
"2017-08-30","cómputo","falabella","HP","Tinta-662-CZ103AL-Negro",NA,"S/ 41.90"
"2017-08-30","cómputo","falabella","Brother","Impresora-Multifuncional-DCPT700W",NA,"S/ 899"
"2017-08-30","cómputo","falabella","Roccat","Teclado-Suora-Negro",NA,"S/ 394.90"
"2017-08-30","cómputo","falabella","TotoLink","Amplificador-de-Senal-EX750-Blanco",NA,"S/ 139"
"2017-08-30","cómputo","falabella","Fiddler","Ventilador-para-Laptop-9-17-con-Inclinacion-Regulable",NA,"S/ 59.90"
"2017-08-30","cómputo","falabella","Logitech","Teclado-G410-Atlas-Spectrum-Mecanico",NA,"S/ 619.90"
"2017-08-30","cómputo","falabella","Eset","Antivirus-Smart-Security-para-3-PC",NA,"S/ 269"
"2017-08-30","cómputo","falabella","Macrotel","Cargador-+-2-Pilas-Aaa-100",NA,"S/ 19.90"
"2017-08-30","cómputo","falabella","Acer","Monitor-Gamer-Curvo-Predator-27P","S/ 2,699","S/ 2,599"
"2017-08-30","cómputo","falabella","LG","All-in-One-21,5-Intel-Celeron-N2930-2-GB-500-GB","S/ 1,599","S/ 1,199"
"2017-08-30","cómputo","falabella","Perfect Choice","Case-Protector-para-Ipad-Ipad-2",NA,"S/ 19.90"
"2017-08-30","cómputo","falabella","Wacom","Pen-Tablet-Intous-3D",NA,"S/ 839"
"2017-08-30","cómputo","falabella","Logitech","Mouse-Inalambrico-M317-Negro",NA,"S/ 99"
"2017-08-30","cómputo","falabella","Merkury","Lapiz-Universal-Pen-Stylus-Soda-Pop-Confetti",NA,"S/ 9.90"
"2017-08-30","cómputo","falabella","Asus","Notebook-17,3-Intel-Core-i7-16-GB-1-TB-Full-HD-Silver","S/ 9,999","S/ 8,499"
"2017-08-30","cómputo","falabella","Dell","All-in-One-Intel-Pentium-19,5-4-GB-1-TB-+-Office-365","S/ 1,599","S/ 1,199"
"2017-08-30","cómputo","falabella","Acer","Notebook-CI3-7100U-4GB-128SSD-14''-Slim","S/ 2,399","S/ 1,919"
"2017-08-30","cómputo","falabella","Exin","CPU-para-Gamers-Razor-71",NA,"S/ 2,569"
"2017-08-30","cómputo","falabella","Skill","Kit-de-Limpieza-para-Pantalla-LCD",NA,"S/ 14.90"
"2017-08-30","cómputo","falabella","Targus","Bolso-para-Camara-TGC-NP520-Rosado",NA,"S/ 9.90"
"2017-08-30","cómputo","falabella","Brother","Impresora-Multifuncional-DCPT500W",NA,"S/ 749"
"2017-08-30","cómputo","falabella","Roccat","Teclado-Gamer-Sova-Negro",NA,"S/ 784.90"
"2017-08-30","cómputo","falabella","TotoLink","Punto-de-Acceso-CP300-Blanco",NA,"S/ 239"
"2017-08-30","cómputo","falabella","Fiddler","Ventilador-para-Laptop-9-17-Negro",NA,"S/ 39.90"
"2017-08-30","cómputo","falabella","Acer","Monitor-Gamer-Predator-24P","S/ 1,759","S/ 1,699"
"2017-08-30","cómputo","falabella","Kasperky","Antivirus-para-3-PC",NA,"S/ 159"
"2017-08-30","cómputo","falabella","Perfect Choice","Case-para-Ipad-Ipad-2",NA,"S/ 19.90"
"2017-08-30","cómputo","falabella","HP","Botella-de-Tinta-Negro-GT51",NA,"S/ 34.90"
"2017-08-30","cómputo","falabella","Apple","Ipad-Pro-MQDT2CL-A-Wi-Fi-10,6-",NA,"S/ 2,699"
"2017-08-30","cómputo","falabella","Merkury","Lapiz-Universal-Pen-Stylus-Hip-Hop-Stripe",NA,"S/ 9.90"
"2017-08-30","cómputo","falabella","Acer","Notebook-14-2-en-1-Intel-Core-i7-8GB-256GB-SSD","S/ 5,099","S/ 4,599"
"2017-08-30","cómputo","falabella","Case Logic","Mochila-Evolution-Plus-para-Laptop-15,6-Negro",NA,"S/ 199"
"2017-08-30","cómputo","falabella","TotoLink","Router-Inalambrico-A2004NS-Blanco",NA,"S/ 279"
"2017-08-30","cómputo","falabella","Macrotel","Cable-HDMI-a-HDMI-Mini-MV-3310PRO",NA,"S/ 14.90"
"2017-08-30","cómputo","falabella","HP","Notebook-i5-7200U-8GB-256GB-13.3''",NA,"S/ 4,999"
"2017-08-30","cómputo","falabella","HP","Botella-de-Tinta-Cyan-GT52",NA,"S/ 34.90"
"2017-08-30","cómputo","falabella","Built","Funda-para-Tablet-E-ES8-DNE-Multicolor",NA,"S/ 29.90"
"2017-08-30","cómputo","falabella","Apple","iMac-21,5-Intel-Core-i5-1-TB-8-GB",NA,"S/ 4,599"
"2017-08-30","cómputo","falabella","Kingston","Teclado-Gamer-HyperX-Mecanico-Alloy-FPS",NA,"S/ 499"
"2017-08-30","cómputo","falabella","Kingston","Mouse-Pad-HyperX-Fury-Gamer-Small-Negro","S/ 49","S/ 29"
"2017-08-30","cómputo","falabella","LG","Monitor-Gaming-34UM69G-B-34-",NA,"S/ 2,199"
"2017-08-30","cómputo","falabella","LG","Monitor-LED-23,8-24MP48HQ-IPS-Negro",NA,"S/ 659"
"2017-08-30","cómputo","falabella","HP","Audifono-X7Z95AA-Omen-con-Steel-Negro","S/ 399","S/ 349"
"2017-08-30","cómputo","falabella","HP","Padmouse-X7Z94AA-Omen-con-Steel-Negro",NA,"S/ 168"
