categoria;subcategoria;url;paginas
Ripley Home;;http://simple.ripley.com.pe/ripley-home/muebles/ver-todo-muebles?page=2;11
Ripley Home;;http://simple.ripley.com.pe/ripley-home/muebles/sofas-y-juegos-de-sala?page=2;8
Ripley Home;;http://simple.ripley.com.pe/ripley-home/muebles/seccionales?page=2;3
Ripley Home;;http://simple.ripley.com.pe/ripley-home/muebles/sitiales-y-banquetas?page=2;4
Ripley Home;;http://simple.ripley.com.pe/ripley-home/muebles/reclinables-y-futones;1
Ripley Home;;http://simple.ripley.com.pe/ripley-home/muebles/mesas-varias?page=2;2
Ripley Home;;http://simple.ripley.com.pe/ripley-home/muebles/comedores-y-bar?page=2;7
Ripley Home;;http://simple.ripley.com.pe/ripley-home/muebles/organizacion?page=3;3
Ripley Home;;http://simple.ripley.com.pe/ripley-home/muebles/muebles-de-dormitorio?page=4;4
Ripley Home;;http://simple.ripley.com.pe/ripley-home/terraza/ver-todo-terraza?page=2;2
Ripley Home;;http://simple.ripley.com.pe/ripley-home/alfombras-y-decoracion/ver-todo-decoracion?page=11;11
Ripley Home;;http://simple.ripley.com.pe/ripley-home/alfombras-y-decoracion/alfombras?page=2;2
Ripley Home;;http://simple.ripley.com.pe/ripley-home/alfombras-y-decoracion/lamparas?page=2;2
Ripley Home;;http://simple.ripley.com.pe/ripley-home/alfombras-y-decoracion/cuadros-relojes-y-espejos?page=6;6
Ripley Home;;http://simple.ripley.com.pe/ripley-home/alfombras-y-decoracion/cojines-decorativos?page=4;4
Ripley Home;;http://simple.ripley.com.pe/ripley-home/alfombras-y-decoracion/portavelas-y-velas?page=4;4
Ripley Home;;http://simple.ripley.com.pe/ripley-home/alfombras-y-decoracion/canastos;1
Ripley Home;;http://simple.ripley.com.pe/ripley-home/alfombras-y-decoracion/floreros-y-flores?page=3;3
Ripley Home;;http://simple.ripley.com.pe/ripley-home/alfombras-y-decoracion/adornos-decorativos?page=2;2
Ripley Home;;http://simple.ripley.com.pe/ripley-home/alfombras-y-decoracion/marcos-de-foto?page=2;2
Ripley Home;;http://simple.ripley.com.pe/ripley-home/alfombras-y-decoracion/muebles-decorativos;1
Ripley Home;;http://simple.ripley.com.pe/ripley-home/alfombras-y-decoracion/regalos?page=7;7
Ripley Home;;http://simple.ripley.com.pe/ripley-home/menaje-de-mesa/ver-todo-mesa?page=11;11
Ripley Home;;http://simple.ripley.com.pe/ripley-home/menaje-de-mesa/cubiertos?page=2;2
Ripley Home;;http://simple.ripley.com.pe/ripley-home/menaje-de-mesa/vajillas?page=4;4
Ripley Home;;http://simple.ripley.com.pe/ripley-home/menaje-de-mesa/accesorios-de-mesa?page=5;5
Ripley Home;;http://simple.ripley.com.pe/ripley-home/menaje-de-mesa/manteleria-y-accesorios?page=3;3
Ripley Home;;http://simple.ripley.com.pe/ripley-home/menaje-de-mesa/vasos-y-copas?page=5;5
Ripley Home;;http://simple.ripley.com.pe/ripley-home/menaje-de-mesa/bar-y-aperitivo?page=3;3
Ripley Home;;http://simple.ripley.com.pe/ripley-home/cocina/ver-todo-cocina?page=10;10
Ripley Home;;http://simple.ripley.com.pe/ripley-home/cocina/juegos-de-olla;1
Ripley Home;;http://simple.ripley.com.pe/ripley-home/cocina/ollas-y-sartenes?page=3;3
Ripley Home;;http://simple.ripley.com.pe/ripley-home/cocina/horno;1
Ripley Home;;http://simple.ripley.com.pe/ripley-home/cocina/utensilios-y-preparacion?page=5;5
Ripley Home;;http://simple.ripley.com.pe/ripley-home/cocina/contenedores-y-organizacion?page=3;3
Ripley Home;;http://simple.ripley.com.pe/ripley-home/cocina/cuchilleria-de-cocina?page=2;2
Ripley Home;;http://simple.ripley.com.pe/ripley-home/cocina/termos-e-infusiones?page=2;2
Ripley Home;;http://simple.ripley.com.pe/ripley-home/dormitorio-y-bano/ver-todo-dormitorio-y-bano?page=11;11
Ripley Home;;http://simple.ripley.com.pe/ripley-home/dormitorio-y-bano/colchones?page=11;11
Ripley Home;;http://simple.ripley.com.pe/ripley-home/dormitorio-y-bano/cama-americana-y-box-spring?page=11;11
Ripley Home;;http://simple.ripley.com.pe/ripley-home/dormitorio-y-bano/muebles-de-dormitorio?page=4;4
Ripley Home;;http://simple.ripley.com.pe/ripley-home/dormitorio-y-bano/almohadas?page=3;3
Ripley Home;;http://simple.ripley.com.pe/ripley-home/dormitorio-y-bano/sabanas?page=5;5
Ripley Home;;http://simple.ripley.com.pe/ripley-home/dormitorio-y-bano/cubrecamas?page=2;2
Ripley Home;;http://simple.ripley.com.pe/ripley-home/dormitorio-y-bano/edredones-y-sets-de-cama?page=2;2
Ripley Home;;http://simple.ripley.com.pe/ripley-home/dormitorio-y-bano/cubreplumones;1
Ripley Home;;http://simple.ripley.com.pe/ripley-home/dormitorio-y-bano/cojines-y-complementos?page=5;5
Ripley Home;;http://simple.ripley.com.pe/ripley-home/dormitorio-y-bano/toallas-de-bano?page=2;2
Ripley Home;;http://simple.ripley.com.pe/ripley-home/dormitorio-y-bano/accesorios-de-bano?page=2;2
Ripley Home;;http://simple.ripley.com.pe/ripley-home/dormitorio-y-bano/toallas-de-playa;1
Ripley Home;;http://simple.ripley.com.pe/ripley-home/organizacion/ver-todo-organizacion?page=5;5
Ripley Home;;http://simple.ripley.com.pe/ripley-home/organizacion/centros-de-entretenimiento;1
Ripley Home;;http://simple.ripley.com.pe/ripley-home/organizacion/libreros-y-estantes;1
Ripley Home;;http://simple.ripley.com.pe/ripley-home/organizacion/roperos-y-comodas?page=2;2
Ripley Home;;http://simple.ripley.com.pe/ripley-home/organizacion/zapateras-y-joyeros;1
Ripley Home;;http://simple.ripley.com.pe/ripley-home/organizacion/cocina-y-servicio?page=2;2
Ripley Home;;http://simple.ripley.com.pe/muebles/organizacion/organizacion-bano?page=2;2
Ripley Home;;http://simple.ripley.com.pe/ripley-home/maletas/ver-todo-maletas?page=2;2
Ripley Home;;http://simple.ripley.com.pe/ripley-home/maletas/maletas?page=3;3
Ripley Home;;http://simple.ripley.com.pe/ripley-home/maletas/maletines-y-mochilas;1
Ripley Home;;http://simple.ripley.com.pe/ripley-home/maletas/accesorios-de-viaje;1
Ripley Home;;http://simple.ripley.com.pe/ripley-home/otras-marcas/record;1
Ripley Home;;http://simple.ripley.com.pe/ripley-home/otras-marcas/tramontina?page=7;7
Ripley Home;;http://simple.ripley.com.pe/ripley-home/otras-marcas/tfal;1
Ripley Home;;http://simple.ripley.com.pe/ripley-home/otras-marcas/magefesa;1
Ripley Home;;http://simple.ripley.com.pe/ripley-home/otras-marcas/ferrand?page=3;3
Ripley Home;;http://simple.ripley.com.pe/ripley-home/otras-marcas/mr-grill?page=3;3
Ripley Home;;http://simple.ripley.com.pe/ripley-home/otras-marcas/magico;1
Ripley Home;;http://simple.ripley.com.pe/ripley-home/otras-marcas/grillcorp?page=2;2
Ripley Home;;http://simple.ripley.com.pe/ripley-home/otras-marcas/cilindro-peruano;1
Ripley Home;;http://simple.ripley.com.pe/ripley-home/otras-marcas/umbra?page=4;4
Ripley Home;;http://simple.ripley.com.pe/ripley-home/otras-marcas/trudeau?page=2;2
Ripley Home;;http://simple.ripley.com.pe/ripley-home/otras-marcas/samsonite-y-saxoline;1
Ripley Home;;http://simple.ripley.com.pe/ripley-home/outlet/ver-todo-outlet?page=3;3
Moda;;http://simple.ripley.com.pe/moda/moda-mujer/todo-moda-mujer?page=5;5
Moda;;http://simple.ripley.com.pe/moda/moda-hombre/todo-moda-hombre?page=2;2
Moda;;http://simple.ripley.com.pe/moda/lenceria-y-pijamas/pijamas;1
Moda;;http://simple.ripley.com.pe/moda/lenceria-y-pijamas/lenceria;1
Moda;;http://simple.ripley.com.pe/deporte/ropa-deportiva-mujer/todo-ropa-deportiva-mujer;1
Moda;;http://simple.ripley.com.pe/deporte/ropa-deportiva-hombre?page=2;2
Moda;;http://simple.ripley.com.pe/deporte/ropa-deportiva-infantil/ninos;1
Moda;;http://simple.ripley.com.pe/deporte/ropa-deportiva-infantil/todo-ropa-deportiva-infantil;1
Moda;Marcas Mujer;http://simple.ripley.com.pe/moda/marcas-mujer/47-street;1
Moda;Marcas Mujer;http://simple.ripley.com.pe/moda/marcas-mujer/index?page=4;4
Moda;Marcas Mujer;http://simple.ripley.com.pe/moda/marcas-mujer/marquis;1
Moda;Marcas Mujer;http://simple.ripley.com.pe/moda/marcas-mujer/metal-jeans;1
Moda;Marcas Mujer;http://simple.ripley.com.pe/moda/marcas-mujer/parada-111;1
Moda;Marcas Mujer;http://simple.ripley.com.pe/moda/marcas-mujer/pionier;1
Moda;Marcas Mujer;http://simple.ripley.com.pe/moda/marcas-mujer/soda;1
Moda;Marcas Hombre;http://simple.ripley.com.pe/moda/marcas-hombre/transformers;1
Moda;Marcas Hombre;http://simple.ripley.com.pe/moda/marcas-hombre?page=3;3
Calzado;Calzado Mujer;http://simple.ripley.com.pe/calzado/calzado-mujer/todo-calzado-mujer?page=11;11
Calzado;Calzado Hombre;http://simple.ripley.com.pe/calzado/calzado-hombre/todo-calzado-hombre?page=11;11
Calzado;Calzado Infantil;http://simple.ripley.com.pe/calzado/calzado-infantil/todo-calzado-infantil?page=9;9
Calzado;Zapatillas Urbanas;http://simple.ripley.com.pe/calzado/zapatillas-urbanas/todo-urbanas?page=20;20
Calzado;Zapatillas Deportivas;http://simple.ripley.com.pe/deporte/zapatillas-deportivas/todo-zapatillas?page=15;15
Calzado;Tendencias;http://simple.ripley.com.pe/calzado/tendencias/zapatillas-cana-alta;1
Calzado;Tendencias;http://simple.ripley.com.pe/calzado/tendencias/zapatillas-estilo-deportivo?page=3;3
Calzado;Tendencias;http://simple.ripley.com.pe/calzado/tendencias/zapatillas-color?page=2;2
Calzado;Tendencias;http://simple.ripley.com.pe/calzado/tendencias/zapatillas-aplicaciones;1
Calzado;Tendencias;http://simple.ripley.com.pe/calzado/tendencias/zapatillas-blancas?page=2;2
Calzado;Marcas;http://simple.ripley.com.pe/calzado/marcas/asics;1
Calzado;Marcas;http://simple.ripley.com.pe/calzado/marcas/mazzarri?page=2;2
Calzado;Marcas;http://simple.ripley.com.pe/calzado/marcas/adidas?page=9;9
Calzado;Marcas;http://simple.ripley.com.pe/calzado/marcas/guess;1
Calzado;Marcas;http://simple.ripley.com.pe/calzado/marcas/puma?page=5;5
Calzado;Marcas;http://simple.ripley.com.pe/calzado/marcas/steve-madden;1
Calzado;Marcas;http://simple.ripley.com.pe/calzado/marcas/marquis?page=3;3
Calzado;Marcas;http://simple.ripley.com.pe/calzado/marcas/index?page=5;5
Calzado;Marcas;http://simple.ripley.com.pe/calzado/marcas/foresta;1
Calzado;Marcas;http://simple.ripley.com.pe/calzado/marcas/nike?page=4;4
Calzado;Marcas;http://simple.ripley.com.pe/calzado/marcas/converse?page=5;5
Calzado;Marcas;http://simple.ripley.com.pe/calzado/marcas/vans?page=2;2
Calzado;Marcas;http://simple.ripley.com.pe/calzado/marcas/caterpillar?page=2;2
Cómputo;Laptops;http://simple.ripley.com.pe/computo/laptops/todas-las-laptops?page=6;6
Cómputo;Laptops;http://simple.ripley.com.pe/computo/2-en-1-convertibles/laptops-2-en-1;1
Cómputo;Laptops;http://simple.ripley.com.pe/computo/computadoras/pc-all-in-one;1
Cómputo;Zona Gamer;http://simple.ripley.com.pe/computo/zona-gamer/todo-zona-gamer?page=2;2
Cómputo;Tablets;http://simple.ripley.com.pe/computo/tablets-phablets-y-accesorios/todo-tablets?page=3;3
Cómputo;Impresoras y tintas;http://simple.ripley.com.pe/computo/impresoras-y-tintas/todo-impresoras?page=3;3
Cómputo;Accesorios y Software;http://simple.ripley.com.pe/computo/accesorios-y-software/todo-accesorios-y-software?page=6;6
Cómputo;Almacenamiento;http://simple.ripley.com.pe/computo/almacenamiento/todo-almacenamiento?page=3;3
Cómputo;Proyectores y monitores;http://simple.ripley.com.pe/computo/proyectores-y-monitores/todo-proyectores-monitores?page=2;2
Cómputo;Marcas;http://simple.ripley.com.pe/computo/ofertas/especial-computo?page=3;3
Celulares;Smartphones;http://simple.ripley.com.pe/celulares/smartphones/todo-celulares-y-telefonia?page=3;3
Celulares;Operadores móviles;http://simple.ripley.com.pe/celulares/operadores-moviles/entel;1
Celulares;Operadores móviles;http://simple.ripley.com.pe/celulares/operadores-moviles/claro;1
Celulares;Smartwatchs y wearables;http://simple.ripley.com.pe/celulares/smartwatch-y-wearables/todo-smartwatch-y-wearables?page=2;2
Celulares;Accesorios celulares;http://simple.ripley.com.pe/celulares/accesorios-de-celulares/todo-accesorios-de-celulares?page=6;6
Celulares;Audio portátil;http://simple.ripley.com.pe/celulares/audio-portatil/ver-todo-audio-portatil?page=7;7
Electrohogar;Lavado y secado;http://simple.ripley.com.pe/electrohogar/lavado-y-secado/todo-lavado?page=4;4
Electrohogar;Lavado y secado;http://simple.ripley.com.pe/electrohogar/refrigeracion/todo-refrigeracion?page=7;7
Electrohogar;Cocinas y hornos;http://simple.ripley.com.pe/electrohogar/cocinas-y-hornos/todo-cocinas?page=21;21
Electrohogar;Electrodomésticos;http://simple.ripley.com.pe/electrohogar/electrodomesticos/todos-los-electrodomesticos?page=21;21
Electrohogar;Climatizacion y baño;http://simple.ripley.com.pe/electrohogar/climatizacion-y-bano/todo-climatizacion-y-bano?page=4;4
Electrohogar;Cuidado personal;http://simple.ripley.com.pe/electrohogar/cuidado-personal/todo-cuidado-personal?page=5;5
Electrohogar;Marcas;http://simple.ripley.com.pe/electrohogar/ofertas/especial-linea-blanca?page=22;22
Electrohogar;Más electrodomésticos;http://simple.ripley.com.pe/electrohogar/mas-electrodomesticos/combos?page=2;2
Electrohogar;Herramientas eléctricas;http://simple.ripley.com.pe/electrohogar/herramientas-electricas/todo-herramientas?page=6;6
Muebles;Sofás y juegos de sala;http://simple.ripley.com.pe/muebles/sofas-y-juegos-de-sala/ver-todo-sofas-y-juegos-de-sala?page=8;8
Muebles;Seccionales;http://simple.ripley.com.pe/muebles/seccionales/ver-todo-seccionales?page=3;3
Muebles;Colecciones de sofás;http://simple.ripley.com.pe/muebles/colecciones-de-sofas/ver-todo-colecciones?page=3;3
Muebles;Sitiales y banquetas;http://simple.ripley.com.pe/muebles/sitiales-y-banquetas/ver-todo-sitiales-y-banquetas?page=4;4
Muebles;Reclinables y futones;http://simple.ripley.com.pe/muebles/reclinables-y-futones/ver-todo-reclinables-y-futones?page=2;2
Muebles;Mesas varias;http://simple.ripley.com.pe/muebles/mesas-varias/ver-todo-mesas-varias?page=2;2
Muebles;Comedor y bar;http://simple.ripley.com.pe/muebles/comedor-y-bar/ver-todo-comedor-y-bar?page=7;7
Muebles;Organización;http://simple.ripley.com.pe/muebles/organizacion/ver-todo-organizacion?page=4;4
Muebles;Muebles de dormitorio;http://simple.ripley.com.pe/muebles/muebles-de-dormitorio/ver-todo-muebles-de-dormitorio?page=4;4
Muebles;Terraza;http://simple.ripley.com.pe/muebles/terraza/ver-todo-terraza?page=2;3
Muebles;Marcas;http://simple.ripley.com.pe/muebles/marcas?page=14;14
Muebles;Outlet;http://simple.ripley.com.pe/muebles/outlet/ver-todo-outlet?page=2;3
Dormitorio;Marcas;http://simple.ripley.com.pe/dormitorio/marcas?page=44;44
Dormitorio;Colchones;http://simple.ripley.com.pe/dormitorio/colchones/ver-todo-colchones?page=13;13
Dormitorio;Cama con box tarima;http://simple.ripley.com.pe/dormitorio/cama-con-box-tarima/ver-todo-cama-con-box-tarima?page=17;17
Dormitorio;Cama con box spring;http://simple.ripley.com.pe/dormitorio/cama-con-box-spring/ver-todo-cama-con-box-spring?page=2;2
Dormitorio;Cama europea;http://simple.ripley.com.pe/dormitorio/cama-europea/ver-todo-cama-europea;1
Dormitorio;Juegos de dormitorio;http://simple.ripley.com.pe/dormitorio/juegos-de-dormitorio/ver-todo-juegos-de-dormitorio?page=9;9
Dormitorio;Camas funcionales;http://simple.ripley.com.pe/dormitorio/camas-funcionales/ver-todo-camas-funcionales;1
Dormitorio;Muebles de dormitorio;http://simple.ripley.com.pe/dormitorio/muebles-de-dormitorio/ver-todo-muebles-de-dormitorio?page=4;4
Dormitorio;Almohadas y edredones;http://simple.ripley.com.pe/dormitorio/almohadas-y-edredones-blancos/ver-todo-almohadas-y-edredones?page=3;3
Dormitorio;Ropa de cama;http://simple.ripley.com.pe/dormitorio/ropa-de-cama/ver-todo-ropa-de-cama?page=16;16
Dormitorio;Infantil;http://simple.ripley.com.pe/dormitorio/infantil/ver-todo-dormitorio-infantil;1
Dormitorio;Toallas y accesorios;http://simple.ripley.com.pe/dormitorio/toallas-y-accesorios/ver-todo-toallas-y-accesorios?page=3;3
Belleza y accesorios;Relojes;http://simple.ripley.com.pe/belleza-y-accesorios/relojes/todo-los-relojes?page=38;38
Belleza y accesorios;Carteras y accesorios;http://simple.ripley.com.pe/belleza-y-accesorios/carteras-y-accesorios/todo-accesorios?page=23;23
Belleza y accesorios;Bijouterie y joyeria;http://simple.ripley.com.pe/belleza-y-accesorios/bijouterie-y-joyeria/todo-bijouterie-y-joyeria?page=4;4
Belleza y accesorios;Perfumes;http://simple.ripley.com.pe/belleza-y-accesorios/perfumeria/todos-los-perfumes?page=25;25
Belleza y accesorios;Maquillaje;http://simple.ripley.com.pe/belleza-y-accesorios/maquillaje/todo-maquillaje?page=24;26
Belleza y accesorios;Cuidado de la piel;http://simple.ripley.com.pe/belleza-y-accesorios/cuidado-de-la-piel/todo-cuidado-de-la-piel?page=8;8
Belleza y accesorios;Cuidado personal;http://simple.ripley.com.pe/belleza-y-accesorios/cuidado-personal?page=4;4
Deporte;Maquinas;http://simple.ripley.com.pe/deporte/maquinas/todo-maquinas?page=4;4
Deporte;Bicicletas;http://simple.ripley.com.pe/deporte/bicicletas/todo-bicicletas?page=18;18
Deporte;Camping;http://simple.ripley.com.pe/deporte/camping-y-tiempo-libre/todo-camping-y-tiempo-libre?page=5;5
Deporte;Otros deportes;http://simple.ripley.com.pe/deporte/otros-deportes/todo-otros-deportes?page=5;5
Deporte;Zapatillas Deportivas;http://simple.ripley.com.pe/deporte/zapatillas-deportivas/todo-zapatillas?page=11;11
Deporte;Ropa deportiva mujer;http://simple.ripley.com.pe/deporte/ropa-deportiva-mujer/todo-ropa-deportiva-mujer;1
Deporte;Ropa deportiva hombre;http://simple.ripley.com.pe/deporte/ropa-deportiva-hombre/todo-ropa-deportiva-hombre;1
Deporte;Ropa deportiva niños;http://simple.ripley.com.pe/deporte/ropa-deportiva-infantil/ninos;1
TV y video;Televisores;http://simple.ripley.com.pe/tv-y-video/televisores/ver-todo-tv?page=5;5
TV y video;Video y accesorios;http://simple.ripley.com.pe/tv-y-video/video-y-accesorios/ver-todo-reproductores?page=2;2
TV y video;Audio;http://simple.ripley.com.pe/tv-y-video/audio/ver-todo-audio;1
TV y video;Equipo de sonido;http://simple.ripley.com.pe/tv-y-video/equipo-de-sonido/ver-todo-equipo-de-sonido?page=2;2
TV y video;Car audio;http://simple.ripley.com.pe/tv-y-video/car-audio/ver-todo-car-audio?page=2;2
Infantil;Juguetería;http://simple.ripley.com.pe/infantil/jugueteria/todo-juguetes?page=43;43
Infantil;Paseo y viajes;http://simple.ripley.com.pe/infantil/paseo-y-viajes/todo-paseo-y-viajes?page=13;13
Infantil;Mundo bebé;http://simple.ripley.com.pe/infantil/mundo-bebe/todo-mundo-bebe?page=11;11
Infantil;Maternidad;http://simple.ripley.com.pe/infantil/maternidad/todo-maternidad?page=8;8
Infantil;Actividad;http://simple.ripley.com.pe/infantil/actividad/todo-actividad?page=5;5
Infantil;Juegos de exterior;http://simple.ripley.com.pe/infantil/juegos-de-exterior/todo-juegos-de-exterior?page=6;6
Infantil;Marcas niñas;http://simple.ripley.com.pe/infantil/marcas-ninas?page=11;11
Infantil;Marcas niños;http://simple.ripley.com.pe/infantil/marcas-ninos?page=14;14
Infantil;Marcas bebés;http://simple.ripley.com.pe/infantil/marcas-bebes?page=11;11
Infantil;Moda infantil;http://simple.ripley.com.pe/infantil/moda-infantil/todo-moda-infantil;1
Infantil;Escolar;http://simple.ripley.com.pe/infantil/escolar?page=6;6
Infantil;Coleccionables;http://simple.ripley.com.pe/infantil/coleccionables/todo-coleccionables?page=5;5
Entretenimiento;Videojuegos;http://simple.ripley.com.pe/entretenimiento/videojuegos/todo-videojuegos?page=8;8
Entretenimiento;Fotografía;http://simple.ripley.com.pe/entretenimiento/fotografia/todo-fotografia?page=7;7
Entretenimiento;Instrumentos musicales;http://simple.ripley.com.pe/entretenimiento/instrumentos-musicales?page=4;4
Entretenimiento;Outdoor y juegos de exterior;http://simple.ripley.com.pe/entretenimiento/outdoor-y-juegos-de-exterior?page=25;25
Entretenimiento;Marcas;http://simple.ripley.com.pe/entretenimiento/marcas?page=16;16
Entretenimiento;Libros;http://simple.ripley.com.pe/entretenimiento/libros/ver-todo-libros?page=8;8
